
OS:Version,
  {b7add4f5-44fd-4d38-b528-b0a6a0908e76}, !- Handle
  3.7.0;                                  !- Version Identifier

OS:Facility,
  {6ad04352-d95f-4845-a128-7c9aa43d6c8a}; !- Handle

OS:Site,
  {f9300d60-4d5c-456f-8b05-3fdfa6bf36ff}, !- Handle
  Albuquerque Intl Arpt  Isis_NM_USA,     !- Name
  35.04,                                  !- Latitude {deg}
  -106.62,                                !- Longitude {deg}
  -7,                                     !- Time Zone {hr}
  1619,                                   !- Elevation {m}
  City;                                   !- Terrain

OS:SimulationControl,
  {bbb46ccc-89cd-47a2-8fc3-65fb42598137}, !- Handle
  ,                                       !- Do Zone Sizing Calculation
  ,                                       !- Do System Sizing Calculation
  ,                                       !- Do Plant Sizing Calculation
  No,                                     !- Run Simulation for Sizing Periods
  Yes,                                    !- Run Simulation for Weather File Run Periods
  ,                                       !- Loads Convergence Tolerance Value {W}
  ,                                       !- Temperature Convergence Tolerance Value {deltaC}
  ,                                       !- Solar Distribution
  ,                                       !- Maximum Number of Warmup Days
  ,                                       !- Minimum Number of Warmup Days
  No,                                     !- Do HVAC Sizing Simulation for Sizing Periods
  1;                                      !- Maximum Number of HVAC Sizing Simulation Passes

OS:Sizing:Parameters,
  {ec1c850e-b626-4a38-8db9-e49ec3047fbb}, !- Handle
  1.25,                                   !- Heating Sizing Factor
  1.15;                                   !- Cooling Sizing Factor

OS:Timestep,
  {39d2abc0-c659-4cf1-bb84-0b2fbaf143ec}, !- Handle
  4;                                      !- Number of Timesteps per Hour

OS:ShadowCalculation,
  {8010e60e-5c32-44c0-87b1-c06a9ff73397}, !- Handle
  PolygonClipping,                        !- Shading Calculation Method
  ,                                       !- Shading Calculation Update Frequency Method
  20,                                     !- Shading Calculation Update Frequency
  15000,                                  !- Maximum Figures in Shadow Overlap Calculations
  ,                                       !- Polygon Clipping Algorithm
  512,                                    !- Pixel Counting Resolution
  ,                                       !- Sky Diffuse Modeling Algorithm
  No,                                     !- Output External Shading Calculation Results
  No,                                     !- Disable Self-Shading Within Shading Zone Groups
  No;                                     !- Disable Self-Shading From Shading Zone Groups to Other Zones

OS:HeatBalanceAlgorithm,
  {6ca4b0f1-3361-4d72-900f-c687fbc82c21}, !- Handle
  ConductionTransferFunction,             !- Algorithm
  200;                                    !- Surface Temperature Upper Limit {C}

OS:RunPeriod,
  {c910a1b3-d8e8-4aa8-9ee1-a353b70b0ca2}, !- Handle
  Run Period 1,                           !- Name
  1,                                      !- Begin Month
  1,                                      !- Begin Day of Month
  12,                                     !- End Month
  31,                                     !- End Day of Month
  ,                                       !- Use Weather File Holidays and Special Days
  ,                                       !- Use Weather File Daylight Saving Period
  ,                                       !- Apply Weekend Holiday Rule
  ,                                       !- Use Weather File Rain Indicators
  ,                                       !- Use Weather File Snow Indicators
  ;                                       !- Number of Times Runperiod to be Repeated

OS:LifeCycleCost:Parameters,
  {7e583a58-f05f-45be-ab9b-740f384d7e6f}, !- Handle
  ,                                       !- Analysis Type
  ,                                       !- Discounting Convention
  ,                                       !- Inflation Approach
  ,                                       !- Real Discount Rate
  ,                                       !- Nominal Discount Rate
  ,                                       !- Inflation
  ,                                       !- Base Date Month
  ,                                       !- Base Date Year
  ,                                       !- Service Date Month
  ,                                       !- Service Date Year
  ;                                       !- Length of Study Period in Years

OS:WeatherFile,
  {0192b6dd-b49a-4fba-a520-c3eeb97ad742}, !- Handle
  Albuquerque Intl Arpt  Isis,            !- City
  NM,                                     !- State Province Region
  USA,                                    !- Country
  TMY3,                                   !- Data Source
  723650,                                 !- WMO Number
  35.04,                                  !- Latitude {deg}
  -106.62,                                !- Longitude {deg}
  -7,                                     !- Time Zone {hr}
  1619,                                   !- Elevation {m}
  /home/james/repo/openstudio-comstock/workflow-generator/workflow/weather/G3500060.epw, !- Url
  ;                                       !- Checksum

OS:Site:WaterMainsTemperature,
  {9f9d102c-1158-4635-ab5c-460aa16f7d54}, !- Handle
  Correlation,                            !- Calculation Method
  ,                                       !- Temperature Schedule Name
  13.6333333333333,                       !- Annual Average Outdoor Air Temperature {C}
  23.5;                                   !- Maximum Difference In Monthly Average Outdoor Air Temperatures {deltaC}

OS:SizingPeriod:DesignDay,
  {b0e70bef-5907-42a9-a0f3-d43cc99930c9}, !- Handle
  Albuquerque Intl Arpt  Isis Ann Clg .4% Condns DB=>MWB 1, !- Name
  35.1,                                   !- Maximum Dry-Bulb Temperature {C}
  13.5,                                   !- Daily Dry-Bulb Temperature Range {deltaC}
  83328,                                  !- Barometric Pressure {Pa}
  4.4,                                    !- Wind Speed {m/s}
  220,                                    !- Wind Direction {deg}
  ,                                       !- Sky Clearness
  No,                                     !- Rain Indicator
  No,                                     !- Snow Indicator
  21,                                     !- Day of Month
  7,                                      !- Month
  SummerDesignDay,                        !- Day Type
  No,                                     !- Daylight Saving Time Indicator
  Wetbulb,                                !- Humidity Condition Type
  ,                                       !- Humidity Condition Day Schedule Name
  15.7,                                   !- Wetbulb or DewPoint at Maximum Dry-Bulb {C}
  ,                                       !- Humidity Ratio at Maximum Dry-Bulb {kgWater/kgDryAir}
  ,                                       !- Enthalpy at Maximum Dry-Bulb {J/kg}
  DefaultMultipliers,                     !- Dry-Bulb Temperature Range Modifier Type
  ,                                       !- Dry-Bulb Temperature Range Modifier Day Schedule Name
  ASHRAETau,                              !- Solar Model Indicator
  ,                                       !- Beam Solar Day Schedule Name
  ,                                       !- Diffuse Solar Day Schedule Name
  0.463,                                  !- ASHRAE Clear Sky Optical Depth for Beam Irradiance {dimensionless}
  1.887;                                  !- ASHRAE Clear Sky Optical Depth for Diffuse Irradiance {dimensionless}

OS:SizingPeriod:DesignDay,
  {8ec4b107-07cc-4061-8850-2bb668c96ef7}, !- Handle
  Albuquerque Intl Arpt  Isis Ann Clg .4% Condns WB=>MDB 1, !- Name
  28.1,                                   !- Maximum Dry-Bulb Temperature {C}
  13.5,                                   !- Daily Dry-Bulb Temperature Range {deltaC}
  83328,                                  !- Barometric Pressure {Pa}
  4.4,                                    !- Wind Speed {m/s}
  220,                                    !- Wind Direction {deg}
  ,                                       !- Sky Clearness
  No,                                     !- Rain Indicator
  No,                                     !- Snow Indicator
  21,                                     !- Day of Month
  7,                                      !- Month
  SummerDesignDay,                        !- Day Type
  No,                                     !- Daylight Saving Time Indicator
  Wetbulb,                                !- Humidity Condition Type
  ,                                       !- Humidity Condition Day Schedule Name
  18.5,                                   !- Wetbulb or DewPoint at Maximum Dry-Bulb {C}
  ,                                       !- Humidity Ratio at Maximum Dry-Bulb {kgWater/kgDryAir}
  ,                                       !- Enthalpy at Maximum Dry-Bulb {J/kg}
  DefaultMultipliers,                     !- Dry-Bulb Temperature Range Modifier Type
  ,                                       !- Dry-Bulb Temperature Range Modifier Day Schedule Name
  ASHRAETau,                              !- Solar Model Indicator
  ,                                       !- Beam Solar Day Schedule Name
  ,                                       !- Diffuse Solar Day Schedule Name
  0.463,                                  !- ASHRAE Clear Sky Optical Depth for Beam Irradiance {dimensionless}
  1.887;                                  !- ASHRAE Clear Sky Optical Depth for Diffuse Irradiance {dimensionless}

OS:SizingPeriod:DesignDay,
  {5ea107e0-3f79-49df-a733-25b6b2c8c8f0}, !- Handle
  Albuquerque Intl Arpt  Isis Ann Htg 99.6% Condns DB 1, !- Name
  -7.9,                                   !- Maximum Dry-Bulb Temperature {C}
  0,                                      !- Daily Dry-Bulb Temperature Range {deltaC}
  83328,                                  !- Barometric Pressure {Pa}
  3.2,                                    !- Wind Speed {m/s}
  0,                                      !- Wind Direction {deg}
  0,                                      !- Sky Clearness
  No,                                     !- Rain Indicator
  No,                                     !- Snow Indicator
  21,                                     !- Day of Month
  12,                                     !- Month
  WinterDesignDay,                        !- Day Type
  No,                                     !- Daylight Saving Time Indicator
  Wetbulb,                                !- Humidity Condition Type
  ,                                       !- Humidity Condition Day Schedule Name
  -7.9,                                   !- Wetbulb or DewPoint at Maximum Dry-Bulb {C}
  ,                                       !- Humidity Ratio at Maximum Dry-Bulb {kgWater/kgDryAir}
  ,                                       !- Enthalpy at Maximum Dry-Bulb {J/kg}
  DefaultMultipliers,                     !- Dry-Bulb Temperature Range Modifier Type
  ,                                       !- Dry-Bulb Temperature Range Modifier Day Schedule Name
  ASHRAEClearSky;                         !- Solar Model Indicator

OS:ClimateZones,
  {a5d62e26-8feb-4aa5-9da1-a6be5027e22d}, !- Handle
  ASHRAE,                                 !- Climate Zone Institution Name 1
  ANSI/ASHRAE Standard 169,               !- Climate Zone Document Name 1
  2006,                                   !- Climate Zone Document Year 1
  ASHRAE 169-2013-6B;                     !- Climate Zone Value 1

OS:RunPeriodControl:DaylightSavingTime,
  {76ef0464-6f24-4eb5-887b-35046c7e67e5}, !- Handle
  2nd Sunday in March,                    !- Start Date
  1st Sunday in November;                 !- End Date

OS:YearDescription,
  {631a1524-9669-4946-95d6-cc2a53458d40}, !- Handle
  ,                                       !- Calendar Year
  Thursday;                               !- Day of Week for Start Day

OS:Building,
  {088febf6-236e-4f64-99b4-900ab0d92e89}, !- Handle
  90.1-2010|SmallOffice,                  !- Name
  ,                                       !- Building Sector Type
  ,                                       !- North Axis {deg}
  ,                                       !- Nominal Floor to Floor Height {m}
  ,                                       !- Space Type Name
  {68419846-e0fb-47b6-b5b6-2d42296d189e}, !- Default Construction Set Name
  ,                                       !- Default Schedule Set Name
  ,                                       !- Standards Number of Stories
  ,                                       !- Standards Number of Above Ground Stories
  ,                                       !- Standards Template
  Office;                                 !- Standards Building Type

OS:AdditionalProperties,
  {cf0e4730-8f06-433b-94ce-0362fbb30c93}, !- Handle
  {088febf6-236e-4f64-99b4-900ab0d92e89}, !- Object Name
  Soil Conductivity,                      !- Feature Name 1
  Double,                                 !- Feature Data Type 1
  1.5,                                    !- Feature Value 1
  Undisturbed Ground Temperature,         !- Feature Name 2
  Double,                                 !- Feature Data Type 2
  9.3000000000000007,                     !- Feature Value 2
  grid_region,                            !- Feature Name 3
  String,                                 !- Feature Data Type 3
  RMPAc,                                  !- Feature Value 3
  hvac_system_type,                       !- Feature Name 4
  String,                                 !- Feature Data Type 4
  Inferred;                               !- Feature Value 4

OS:SpaceType,
  {c7ab6396-23ee-4da3-a1cc-c91c298fb414}, !- Handle
  Office WholeBuilding - Sm Office - 90.1-2010, !- Name
  ,                                       !- Default Construction Set Name
  {a79ff3fd-4419-4096-963e-3028f6ee99cb}, !- Default Schedule Set Name
  {8c2e3d83-dde5-4c0f-a9fa-d446aa659775}, !- Group Rendering Name
  {bd456287-d3a7-4952-8325-7f17bb392fd4}, !- Design Specification Outdoor Air Object Name
  ,                                       !- Standards Template
  Office,                                 !- Standards Building Type
  WholeBuilding - Sm Office;              !- Standards Space Type

OS:Rendering:Color,
  {8c2e3d83-dde5-4c0f-a9fa-d446aa659775}, !- Handle
  Office WholeBuilding - Sm Office,       !- Name
  120,                                    !- Rendering Red Value
  230,                                    !- Rendering Green Value
  199;                                    !- Rendering Blue Value

OS:BuildingStory,
  {3e70f64d-a80e-4262-b908-ae60824928b1}, !- Handle
  Story Ground,                           !- Name
  0,                                      !- Nominal Z Coordinate {m}
  3.048,                                  !- Nominal Floor to Floor Height {m}
  ,                                       !- Default Construction Set Name
  ,                                       !- Default Schedule Set Name
  ;                                       !- Group Rendering Name

OS:Space,
  {c4b5c34f-e19f-4ae8-97b0-af6f303b934f}, !- Handle
  Office WholeBuilding - Sm Office A end_a - Story Ground, !- Name
  {c7ab6396-23ee-4da3-a1cc-c91c298fb414}, !- Space Type Name
  ,                                       !- Default Construction Set Name
  ,                                       !- Default Schedule Set Name
  -0,                                     !- Direction of Relative North {deg}
  -18.6651118400078,                      !- X Origin {m}
  -12.4434078933385,                      !- Y Origin {m}
  0,                                      !- Z Origin {m}
  {3e70f64d-a80e-4262-b908-ae60824928b1}, !- Building Story Name
  {8cbc5ac9-994b-4316-b5ba-10c9a28f4317}; !- Thermal Zone Name

OS:Surface,
  {dd27114a-953c-465f-b201-4bf5e98ed891}, !- Handle
  Surface 1,                              !- Name
  Floor,                                  !- Surface Type
  {8879df18-fbde-4b7c-bc4a-5cbcc074f7b0}, !- Construction Name
  {c4b5c34f-e19f-4ae8-97b0-af6f303b934f}, !- Space Name
  GroundFCfactorMethod,                   !- Outside Boundary Condition
  ,                                       !- Outside Boundary Condition Object
  NoSun,                                  !- Sun Exposure
  NoWind,                                 !- Wind Exposure
  ,                                       !- View Factor to Ground
  ,                                       !- Number of Vertices
  1.77635683940025e-14, 4.44089209850063e-14, 0, !- X,Y,Z Vertex 1 {m}
  1.77635683940025e-14, 4.57200000000001, 0, !- X,Y,Z Vertex 2 {m}
  4.57200000000002, 4.57200000000001, 0,  !- X,Y,Z Vertex 3 {m}
  4.57200000000002, 4.44089209850063e-14, 0; !- X,Y,Z Vertex 4 {m}

OS:Surface,
  {7d9ef296-5d55-46fc-9ed0-249798339f88}, !- Handle
  Surface 2,                              !- Name
  Wall,                                   !- Surface Type
  ,                                       !- Construction Name
  {c4b5c34f-e19f-4ae8-97b0-af6f303b934f}, !- Space Name
  Outdoors,                               !- Outside Boundary Condition
  ,                                       !- Outside Boundary Condition Object
  SunExposed,                             !- Sun Exposure
  WindExposed,                            !- Wind Exposure
  ,                                       !- View Factor to Ground
  ,                                       !- Number of Vertices
  1.77635683940025e-14, 4.44089209850063e-14, 3.048, !- X,Y,Z Vertex 1 {m}
  1.77635683940025e-14, 4.57200000000001, 3.048, !- X,Y,Z Vertex 2 {m}
  1.77635683940025e-14, 4.57200000000001, 0, !- X,Y,Z Vertex 3 {m}
  1.77635683940025e-14, 4.44089209850063e-14, 0; !- X,Y,Z Vertex 4 {m}

OS:Surface,
  {5fa20b04-a78b-4019-a4b1-ca69d2d727c5}, !- Handle
  Surface 3,                              !- Name
  Wall,                                   !- Surface Type
  ,                                       !- Construction Name
  {c4b5c34f-e19f-4ae8-97b0-af6f303b934f}, !- Space Name
  Surface,                                !- Outside Boundary Condition
  {c1d6846c-2dda-4825-a9a6-ccd85bd78937}, !- Outside Boundary Condition Object
  NoSun,                                  !- Sun Exposure
  NoWind,                                 !- Wind Exposure
  ,                                       !- View Factor to Ground
  ,                                       !- Number of Vertices
  4.57200000000002, 4.57200000000001, 3.048, !- X,Y,Z Vertex 1 {m}
  4.57200000000002, 4.57200000000001, 0,  !- X,Y,Z Vertex 2 {m}
  1.77635683940025e-14, 4.57200000000001, 0, !- X,Y,Z Vertex 3 {m}
  1.77635683940025e-14, 4.57200000000001, 3.048; !- X,Y,Z Vertex 4 {m}

OS:Surface,
  {7b9eb111-4158-470f-993a-6d27c16f4fbc}, !- Handle
  Surface 4,                              !- Name
  Wall,                                   !- Surface Type
  ,                                       !- Construction Name
  {c4b5c34f-e19f-4ae8-97b0-af6f303b934f}, !- Space Name
  Surface,                                !- Outside Boundary Condition
  {ccd35f99-10a7-4bab-ba0e-5fe2aed9bba2}, !- Outside Boundary Condition Object
  NoSun,                                  !- Sun Exposure
  NoWind,                                 !- Wind Exposure
  ,                                       !- View Factor to Ground
  ,                                       !- Number of Vertices
  4.57200000000002, 4.44089209850063e-14, 3.048, !- X,Y,Z Vertex 1 {m}
  4.57200000000002, 4.44089209850063e-14, 0, !- X,Y,Z Vertex 2 {m}
  4.57200000000002, 4.57200000000001, 0,  !- X,Y,Z Vertex 3 {m}
  4.57200000000002, 4.57200000000001, 3.048; !- X,Y,Z Vertex 4 {m}

OS:Surface,
  {ae3054e5-40a0-4c2f-9b29-ec0f4318eb0f}, !- Handle
  Surface 5,                              !- Name
  Wall,                                   !- Surface Type
  ,                                       !- Construction Name
  {c4b5c34f-e19f-4ae8-97b0-af6f303b934f}, !- Space Name
  Outdoors,                               !- Outside Boundary Condition
  ,                                       !- Outside Boundary Condition Object
  SunExposed,                             !- Sun Exposure
  WindExposed,                            !- Wind Exposure
  ,                                       !- View Factor to Ground
  ,                                       !- Number of Vertices
  4.57200000000002, 4.44089209850063e-14, 3.048, !- X,Y,Z Vertex 1 {m}
  1.77635683940025e-14, 4.44089209850063e-14, 3.048, !- X,Y,Z Vertex 2 {m}
  1.77635683940025e-14, 4.44089209850063e-14, 0, !- X,Y,Z Vertex 3 {m}
  4.57200000000002, 4.44089209850063e-14, 0; !- X,Y,Z Vertex 4 {m}

OS:Surface,
  {829305da-6be2-4974-a8d5-8c39397e0a23}, !- Handle
  Surface 6,                              !- Name
  RoofCeiling,                            !- Surface Type
  ,                                       !- Construction Name
  {c4b5c34f-e19f-4ae8-97b0-af6f303b934f}, !- Space Name
  Outdoors,                               !- Outside Boundary Condition
  ,                                       !- Outside Boundary Condition Object
  SunExposed,                             !- Sun Exposure
  WindExposed,                            !- Wind Exposure
  ,                                       !- View Factor to Ground
  ,                                       !- Number of Vertices
  4.57200000000002, 4.44089209850063e-14, 3.048, !- X,Y,Z Vertex 1 {m}
  4.57200000000002, 4.57200000000001, 3.048, !- X,Y,Z Vertex 2 {m}
  1.77635683940025e-14, 4.57200000000001, 3.048, !- X,Y,Z Vertex 3 {m}
  1.77635683940025e-14, 4.44089209850063e-14, 3.048; !- X,Y,Z Vertex 4 {m}

OS:ThermalZone,
  {8cbc5ac9-994b-4316-b5ba-10c9a28f4317}, !- Handle
  Zone Office WholeBuilding - Sm Office A end_a - Story Ground, !- Name
  1,                                      !- Multiplier
  ,                                       !- Ceiling Height {m}
  ,                                       !- Volume {m3}
  ,                                       !- Floor Area {m2}
  ,                                       !- Zone Inside Convection Algorithm
  ,                                       !- Zone Outside Convection Algorithm
  ,                                       !- Zone Conditioning Equipment List Name
  {cdd60201-6bf0-43ca-ba26-d220d98679e0}, !- Zone Air Inlet Port List
  {f935e48e-6018-4a9e-81cd-18cb0eea3a81}, !- Zone Air Exhaust Port List
  {32ee2b0b-a1e6-4ebf-80ec-c667d59be8d1}, !- Zone Air Node Name
  {f1bbe11d-4d6d-4fcc-bd6d-304ff3fa28c3}, !- Zone Return Air Port List
  ,                                       !- Primary Daylighting Control Name
  ,                                       !- Fraction of Zone Controlled by Primary Daylighting Control
  ,                                       !- Secondary Daylighting Control Name
  ,                                       !- Fraction of Zone Controlled by Secondary Daylighting Control
  ,                                       !- Illuminance Map Name
  ,                                       !- Group Rendering Name
  {8dcb297f-0169-42c6-ae93-bd02c25ee86d}, !- Thermostat Name
  No;                                     !- Use Ideal Air Loads

OS:Node,
  {792662ee-25d5-4b4e-8965-986afab7d3f1}, !- Handle
  Zone Office WholeBuilding - Sm Office A end_a - Story Ground Zone Air Node, !- Name
  {32ee2b0b-a1e6-4ebf-80ec-c667d59be8d1}, !- Inlet Port
  ;                                       !- Outlet Port

OS:Connection,
  {32ee2b0b-a1e6-4ebf-80ec-c667d59be8d1}, !- Handle
  {8cbc5ac9-994b-4316-b5ba-10c9a28f4317}, !- Source Object
  11,                                     !- Outlet Port
  {792662ee-25d5-4b4e-8965-986afab7d3f1}, !- Target Object
  2;                                      !- Inlet Port

OS:PortList,
  {cdd60201-6bf0-43ca-ba26-d220d98679e0}, !- Handle
  {8cbc5ac9-994b-4316-b5ba-10c9a28f4317}, !- HVAC Component
  {36e5bb4c-1085-4f4e-8d92-428b9a167a20}; !- Port 1

OS:PortList,
  {f935e48e-6018-4a9e-81cd-18cb0eea3a81}, !- Handle
  {8cbc5ac9-994b-4316-b5ba-10c9a28f4317}; !- HVAC Component

OS:PortList,
  {f1bbe11d-4d6d-4fcc-bd6d-304ff3fa28c3}, !- Handle
  {8cbc5ac9-994b-4316-b5ba-10c9a28f4317}, !- HVAC Component
  {5e20be5f-59f6-44fb-9bb9-711d81b69c6f}; !- Port 1

OS:Sizing:Zone,
  {df071ce4-82a6-4792-a910-052faf412cb2}, !- Handle
  {8cbc5ac9-994b-4316-b5ba-10c9a28f4317}, !- Zone or ZoneList Name
  SupplyAirTemperature,                   !- Zone Cooling Design Supply Air Temperature Input Method
  12.7777777777778,                       !- Zone Cooling Design Supply Air Temperature {C}
  11.11,                                  !- Zone Cooling Design Supply Air Temperature Difference {deltaC}
  SupplyAirTemperature,                   !- Zone Heating Design Supply Air Temperature Input Method
  50.0000000000001,                       !- Zone Heating Design Supply Air Temperature {C}
  11.11,                                  !- Zone Heating Design Supply Air Temperature Difference {deltaC}
  0.0085,                                 !- Zone Cooling Design Supply Air Humidity Ratio {kg-H2O/kg-air}
  0.008,                                  !- Zone Heating Design Supply Air Humidity Ratio {kg-H2O/kg-air}
  ,                                       !- Zone Heating Sizing Factor
  ,                                       !- Zone Cooling Sizing Factor
  DesignDay,                              !- Cooling Design Air Flow Method
  ,                                       !- Cooling Design Air Flow Rate {m3/s}
  ,                                       !- Cooling Minimum Air Flow per Zone Floor Area {m3/s-m2}
  ,                                       !- Cooling Minimum Air Flow {m3/s}
  ,                                       !- Cooling Minimum Air Flow Fraction
  DesignDay,                              !- Heating Design Air Flow Method
  ,                                       !- Heating Design Air Flow Rate {m3/s}
  ,                                       !- Heating Maximum Air Flow per Zone Floor Area {m3/s-m2}
  ,                                       !- Heating Maximum Air Flow {m3/s}
  ,                                       !- Heating Maximum Air Flow Fraction
  No,                                     !- Account for Dedicated Outdoor Air System
  NeutralSupplyAir,                       !- Dedicated Outdoor Air System Control Strategy
  autosize,                               !- Dedicated Outdoor Air Low Setpoint Temperature for Design {C}
  autosize,                               !- Dedicated Outdoor Air High Setpoint Temperature for Design {C}
  Sensible Load Only No Latent Load,      !- Zone Load Sizing Method
  HumidityRatioDifference,                !- Zone Latent Cooling Design Supply Air Humidity Ratio Input Method
  ,                                       !- Zone Dehumidification Design Supply Air Humidity Ratio {kgWater/kgDryAir}
  0.005,                                  !- Zone Cooling Design Supply Air Humidity Ratio Difference {kgWater/kgDryAir}
  HumidityRatioDifference,                !- Zone Latent Heating Design Supply Air Humidity Ratio Input Method
  ,                                       !- Zone Humidification Design Supply Air Humidity Ratio {kgWater/kgDryAir}
  0.005;                                  !- Zone Humidification Design Supply Air Humidity Ratio Difference {kgWater/kgDryAir}

OS:ZoneHVAC:EquipmentList,
  {8f2426f1-f292-430b-b9c4-b00a270b3d9d}, !- Handle
  Zone Office WholeBuilding - Sm Office A end_a - Story Ground Zone HVAC Equipment List, !- Name
  {8cbc5ac9-994b-4316-b5ba-10c9a28f4317}, !- Thermal Zone
  ,                                       !- Load Distribution Scheme
  {17339c6a-51ad-4938-8892-4b59ee44ca0f}, !- Zone Equipment 1
  1,                                      !- Zone Equipment Cooling Sequence 1
  1,                                      !- Zone Equipment Heating or No-Load Sequence 1
  ,                                       !- Zone Equipment Sequential Cooling Fraction Schedule Name 1
  ;                                       !- Zone Equipment Sequential Heating Fraction Schedule Name 1

OS:Space,
  {d3ec23a1-8b1a-49c5-8e7f-dd3b8220226d}, !- Handle
  Office WholeBuilding - Sm Office B end_a - Story Ground, !- Name
  {c7ab6396-23ee-4da3-a1cc-c91c298fb414}, !- Space Type Name
  ,                                       !- Default Construction Set Name
  ,                                       !- Default Schedule Set Name
  -0,                                     !- Direction of Relative North {deg}
  -18.6651118400078,                      !- X Origin {m}
  -7.87140789333854,                      !- Y Origin {m}
  0,                                      !- Z Origin {m}
  {3e70f64d-a80e-4262-b908-ae60824928b1}, !- Building Story Name
  {5d41938d-5297-438b-b3d4-4957a76ba1c8}; !- Thermal Zone Name

OS:Surface,
  {45f98ab0-99d9-4814-a1da-8c71320b650a}, !- Handle
  Surface 7,                              !- Name
  Floor,                                  !- Surface Type
  {68849fe6-ea94-46d6-a6b2-0e9ccef1a63b}, !- Construction Name
  {d3ec23a1-8b1a-49c5-8e7f-dd3b8220226d}, !- Space Name
  GroundFCfactorMethod,                   !- Outside Boundary Condition
  ,                                       !- Outside Boundary Condition Object
  NoSun,                                  !- Sun Exposure
  NoWind,                                 !- Wind Exposure
  ,                                       !- View Factor to Ground
  ,                                       !- Number of Vertices
  1.77635683940025e-14, 5.32907051820075e-15, 0, !- X,Y,Z Vertex 1 {m}
  1.77635683940025e-14, 15.7428157866771, 0, !- X,Y,Z Vertex 2 {m}
  4.57200000000002, 15.7428157866771, 0,  !- X,Y,Z Vertex 3 {m}
  4.57200000000002, 5.32907051820075e-15, 0; !- X,Y,Z Vertex 4 {m}

OS:Surface,
  {fdfdb3fd-b6e7-49cc-b2ca-61fd11c94d78}, !- Handle
  Surface 8,                              !- Name
  Wall,                                   !- Surface Type
  ,                                       !- Construction Name
  {d3ec23a1-8b1a-49c5-8e7f-dd3b8220226d}, !- Space Name
  Outdoors,                               !- Outside Boundary Condition
  ,                                       !- Outside Boundary Condition Object
  SunExposed,                             !- Sun Exposure
  WindExposed,                            !- Wind Exposure
  ,                                       !- View Factor to Ground
  ,                                       !- Number of Vertices
  1.77635683940025e-14, 5.32907051820075e-15, 3.048, !- X,Y,Z Vertex 1 {m}
  1.77635683940025e-14, 15.7428157866771, 3.048, !- X,Y,Z Vertex 2 {m}
  1.77635683940025e-14, 15.7428157866771, 0, !- X,Y,Z Vertex 3 {m}
  1.77635683940025e-14, 5.32907051820075e-15, 0; !- X,Y,Z Vertex 4 {m}

OS:Surface,
  {92544fbf-3f24-4c26-a411-e3aa994c9291}, !- Handle
  Surface 9,                              !- Name
  Wall,                                   !- Surface Type
  ,                                       !- Construction Name
  {d3ec23a1-8b1a-49c5-8e7f-dd3b8220226d}, !- Space Name
  Surface,                                !- Outside Boundary Condition
  {9937329e-4332-4c6b-97f5-31ea8c52ba72}, !- Outside Boundary Condition Object
  NoSun,                                  !- Sun Exposure
  NoWind,                                 !- Wind Exposure
  ,                                       !- View Factor to Ground
  ,                                       !- Number of Vertices
  4.57200000000002, 15.7428157866771, 3.048, !- X,Y,Z Vertex 1 {m}
  4.57200000000002, 15.7428157866771, 0,  !- X,Y,Z Vertex 2 {m}
  1.77635683940025e-14, 15.7428157866771, 0, !- X,Y,Z Vertex 3 {m}
  1.77635683940025e-14, 15.7428157866771, 3.048; !- X,Y,Z Vertex 4 {m}

OS:Surface,
  {66d3a41a-2e76-4791-914e-a6cdc790ffe1}, !- Handle
  Surface 10,                             !- Name
  Wall,                                   !- Surface Type
  ,                                       !- Construction Name
  {d3ec23a1-8b1a-49c5-8e7f-dd3b8220226d}, !- Space Name
  Surface,                                !- Outside Boundary Condition
  {217fd5fb-fb7f-468c-9fbb-16fbc89f9e7b}, !- Outside Boundary Condition Object
  NoSun,                                  !- Sun Exposure
  NoWind,                                 !- Wind Exposure
  ,                                       !- View Factor to Ground
  ,                                       !- Number of Vertices
  4.57200000000002, 5.32907051820075e-15, 3.048, !- X,Y,Z Vertex 1 {m}
  4.57200000000002, 5.32907051820075e-15, 0, !- X,Y,Z Vertex 2 {m}
  4.57200000000002, 15.7428157866771, 0,  !- X,Y,Z Vertex 3 {m}
  4.57200000000002, 15.7428157866771, 3.048; !- X,Y,Z Vertex 4 {m}

OS:Surface,
  {c1d6846c-2dda-4825-a9a6-ccd85bd78937}, !- Handle
  Surface 11,                             !- Name
  Wall,                                   !- Surface Type
  ,                                       !- Construction Name
  {d3ec23a1-8b1a-49c5-8e7f-dd3b8220226d}, !- Space Name
  Surface,                                !- Outside Boundary Condition
  {5fa20b04-a78b-4019-a4b1-ca69d2d727c5}, !- Outside Boundary Condition Object
  NoSun,                                  !- Sun Exposure
  NoWind,                                 !- Wind Exposure
  ,                                       !- View Factor to Ground
  ,                                       !- Number of Vertices
  1.77635683940025e-14, 4.88498130835069e-14, 3.048, !- X,Y,Z Vertex 1 {m}
  1.77635683940025e-14, 4.88498130835069e-14, 0, !- X,Y,Z Vertex 2 {m}
  4.57200000000002, 4.88498130835069e-14, 0, !- X,Y,Z Vertex 3 {m}
  4.57200000000002, 4.88498130835069e-14, 3.048; !- X,Y,Z Vertex 4 {m}

OS:Surface,
  {20fefb52-11ef-44d3-b5d6-c8c79bc197ac}, !- Handle
  Surface 12,                             !- Name
  RoofCeiling,                            !- Surface Type
  ,                                       !- Construction Name
  {d3ec23a1-8b1a-49c5-8e7f-dd3b8220226d}, !- Space Name
  Outdoors,                               !- Outside Boundary Condition
  ,                                       !- Outside Boundary Condition Object
  SunExposed,                             !- Sun Exposure
  WindExposed,                            !- Wind Exposure
  ,                                       !- View Factor to Ground
  ,                                       !- Number of Vertices
  4.57200000000002, 5.32907051820075e-15, 3.048, !- X,Y,Z Vertex 1 {m}
  4.57200000000002, 15.7428157866771, 3.048, !- X,Y,Z Vertex 2 {m}
  1.77635683940025e-14, 15.7428157866771, 3.048, !- X,Y,Z Vertex 3 {m}
  1.77635683940025e-14, 5.32907051820075e-15, 3.048; !- X,Y,Z Vertex 4 {m}

OS:ThermalZone,
  {5d41938d-5297-438b-b3d4-4957a76ba1c8}, !- Handle
  Zone Office WholeBuilding - Sm Office B end_a - Story Ground, !- Name
  1,                                      !- Multiplier
  ,                                       !- Ceiling Height {m}
  ,                                       !- Volume {m3}
  ,                                       !- Floor Area {m2}
  ,                                       !- Zone Inside Convection Algorithm
  ,                                       !- Zone Outside Convection Algorithm
  ,                                       !- Zone Conditioning Equipment List Name
  {4aef9298-abea-4a1d-bf69-7e3612f00e76}, !- Zone Air Inlet Port List
  {719cc2f1-1da0-4ad1-b97c-684b7954e127}, !- Zone Air Exhaust Port List
  {0b21b752-8fae-48cb-af63-5a91018a8d82}, !- Zone Air Node Name
  {75b356d1-93f4-4903-8c21-d9608e2d4fb1}, !- Zone Return Air Port List
  ,                                       !- Primary Daylighting Control Name
  ,                                       !- Fraction of Zone Controlled by Primary Daylighting Control
  ,                                       !- Secondary Daylighting Control Name
  ,                                       !- Fraction of Zone Controlled by Secondary Daylighting Control
  ,                                       !- Illuminance Map Name
  ,                                       !- Group Rendering Name
  {d2025603-2fc4-487e-a2b7-720b2de02a52}, !- Thermostat Name
  No;                                     !- Use Ideal Air Loads

OS:Node,
  {1a3d309e-9c01-42c8-a4ad-787498a4d634}, !- Handle
  Zone Office WholeBuilding - Sm Office B end_a - Story Ground Zone Air Node, !- Name
  {0b21b752-8fae-48cb-af63-5a91018a8d82}, !- Inlet Port
  ;                                       !- Outlet Port

OS:Connection,
  {0b21b752-8fae-48cb-af63-5a91018a8d82}, !- Handle
  {5d41938d-5297-438b-b3d4-4957a76ba1c8}, !- Source Object
  11,                                     !- Outlet Port
  {1a3d309e-9c01-42c8-a4ad-787498a4d634}, !- Target Object
  2;                                      !- Inlet Port

OS:PortList,
  {4aef9298-abea-4a1d-bf69-7e3612f00e76}, !- Handle
  {5d41938d-5297-438b-b3d4-4957a76ba1c8}, !- HVAC Component
  {9dd219ec-30c3-4118-a066-cc267c372968}; !- Port 1

OS:PortList,
  {719cc2f1-1da0-4ad1-b97c-684b7954e127}, !- Handle
  {5d41938d-5297-438b-b3d4-4957a76ba1c8}; !- HVAC Component

OS:PortList,
  {75b356d1-93f4-4903-8c21-d9608e2d4fb1}, !- Handle
  {5d41938d-5297-438b-b3d4-4957a76ba1c8}, !- HVAC Component
  {18d9e1c6-ebe8-40e9-811a-7baeab7d1e64}; !- Port 1

OS:Sizing:Zone,
  {3656d01f-e2e7-417f-90c8-0f10d624196e}, !- Handle
  {5d41938d-5297-438b-b3d4-4957a76ba1c8}, !- Zone or ZoneList Name
  SupplyAirTemperature,                   !- Zone Cooling Design Supply Air Temperature Input Method
  12.7777777777778,                       !- Zone Cooling Design Supply Air Temperature {C}
  11.11,                                  !- Zone Cooling Design Supply Air Temperature Difference {deltaC}
  SupplyAirTemperature,                   !- Zone Heating Design Supply Air Temperature Input Method
  50.0000000000001,                       !- Zone Heating Design Supply Air Temperature {C}
  11.11,                                  !- Zone Heating Design Supply Air Temperature Difference {deltaC}
  0.0085,                                 !- Zone Cooling Design Supply Air Humidity Ratio {kg-H2O/kg-air}
  0.008,                                  !- Zone Heating Design Supply Air Humidity Ratio {kg-H2O/kg-air}
  ,                                       !- Zone Heating Sizing Factor
  ,                                       !- Zone Cooling Sizing Factor
  DesignDay,                              !- Cooling Design Air Flow Method
  ,                                       !- Cooling Design Air Flow Rate {m3/s}
  ,                                       !- Cooling Minimum Air Flow per Zone Floor Area {m3/s-m2}
  ,                                       !- Cooling Minimum Air Flow {m3/s}
  ,                                       !- Cooling Minimum Air Flow Fraction
  DesignDay,                              !- Heating Design Air Flow Method
  ,                                       !- Heating Design Air Flow Rate {m3/s}
  ,                                       !- Heating Maximum Air Flow per Zone Floor Area {m3/s-m2}
  ,                                       !- Heating Maximum Air Flow {m3/s}
  ,                                       !- Heating Maximum Air Flow Fraction
  No,                                     !- Account for Dedicated Outdoor Air System
  NeutralSupplyAir,                       !- Dedicated Outdoor Air System Control Strategy
  autosize,                               !- Dedicated Outdoor Air Low Setpoint Temperature for Design {C}
  autosize,                               !- Dedicated Outdoor Air High Setpoint Temperature for Design {C}
  Sensible Load Only No Latent Load,      !- Zone Load Sizing Method
  HumidityRatioDifference,                !- Zone Latent Cooling Design Supply Air Humidity Ratio Input Method
  ,                                       !- Zone Dehumidification Design Supply Air Humidity Ratio {kgWater/kgDryAir}
  0.005,                                  !- Zone Cooling Design Supply Air Humidity Ratio Difference {kgWater/kgDryAir}
  HumidityRatioDifference,                !- Zone Latent Heating Design Supply Air Humidity Ratio Input Method
  ,                                       !- Zone Humidification Design Supply Air Humidity Ratio {kgWater/kgDryAir}
  0.005;                                  !- Zone Humidification Design Supply Air Humidity Ratio Difference {kgWater/kgDryAir}

OS:ZoneHVAC:EquipmentList,
  {49494061-9858-41c8-ac62-7123ddfe671b}, !- Handle
  Zone Office WholeBuilding - Sm Office B end_a - Story Ground Zone HVAC Equipment List, !- Name
  {5d41938d-5297-438b-b3d4-4957a76ba1c8}, !- Thermal Zone
  ,                                       !- Load Distribution Scheme
  {fd5cd8f0-9477-4a60-8823-f29ee83d0b84}, !- Zone Equipment 1
  1,                                      !- Zone Equipment Cooling Sequence 1
  1,                                      !- Zone Equipment Heating or No-Load Sequence 1
  ,                                       !- Zone Equipment Sequential Cooling Fraction Schedule Name 1
  ;                                       !- Zone Equipment Sequential Heating Fraction Schedule Name 1

OS:Space,
  {f1cc286f-554e-480f-aeee-494ee0aaf56e}, !- Handle
  Office WholeBuilding - Sm Office C end_a - Story Ground, !- Name
  {c7ab6396-23ee-4da3-a1cc-c91c298fb414}, !- Space Type Name
  ,                                       !- Default Construction Set Name
  ,                                       !- Default Schedule Set Name
  -0,                                     !- Direction of Relative North {deg}
  -18.6651118400078,                      !- X Origin {m}
  7.87140789333854,                       !- Y Origin {m}
  0,                                      !- Z Origin {m}
  {3e70f64d-a80e-4262-b908-ae60824928b1}, !- Building Story Name
  {fe290abb-c13b-43e7-82b9-332fbf86b65f}; !- Thermal Zone Name

OS:Surface,
  {47483f04-3429-41e5-a837-ef569dbe3204}, !- Handle
  Surface 13,                             !- Name
  Floor,                                  !- Surface Type
  {8879df18-fbde-4b7c-bc4a-5cbcc074f7b0}, !- Construction Name
  {f1cc286f-554e-480f-aeee-494ee0aaf56e}, !- Space Name
  GroundFCfactorMethod,                   !- Outside Boundary Condition
  ,                                       !- Outside Boundary Condition Object
  NoSun,                                  !- Sun Exposure
  NoWind,                                 !- Wind Exposure
  ,                                       !- View Factor to Ground
  ,                                       !- Number of Vertices
  1.77635683940025e-14, -5.32907051820075e-15, 0, !- X,Y,Z Vertex 1 {m}
  1.77635683940025e-14, 4.57199999999996, 0, !- X,Y,Z Vertex 2 {m}
  4.57200000000002, 4.57199999999996, 0,  !- X,Y,Z Vertex 3 {m}
  4.57200000000002, -5.32907051820075e-15, 0; !- X,Y,Z Vertex 4 {m}

OS:Surface,
  {ce7be7ca-0d5c-4499-b11a-9a3a1512ecc1}, !- Handle
  Surface 14,                             !- Name
  Wall,                                   !- Surface Type
  ,                                       !- Construction Name
  {f1cc286f-554e-480f-aeee-494ee0aaf56e}, !- Space Name
  Outdoors,                               !- Outside Boundary Condition
  ,                                       !- Outside Boundary Condition Object
  SunExposed,                             !- Sun Exposure
  WindExposed,                            !- Wind Exposure
  ,                                       !- View Factor to Ground
  ,                                       !- Number of Vertices
  1.77635683940025e-14, -5.32907051820075e-15, 3.048, !- X,Y,Z Vertex 1 {m}
  1.77635683940025e-14, 4.57199999999996, 3.048, !- X,Y,Z Vertex 2 {m}
  1.77635683940025e-14, 4.57199999999996, 0, !- X,Y,Z Vertex 3 {m}
  1.77635683940025e-14, -5.32907051820075e-15, 0; !- X,Y,Z Vertex 4 {m}

OS:Surface,
  {c1c59141-ff87-4e53-9941-f3f6a17a89ac}, !- Handle
  Surface 15,                             !- Name
  Wall,                                   !- Surface Type
  ,                                       !- Construction Name
  {f1cc286f-554e-480f-aeee-494ee0aaf56e}, !- Space Name
  Outdoors,                               !- Outside Boundary Condition
  ,                                       !- Outside Boundary Condition Object
  SunExposed,                             !- Sun Exposure
  WindExposed,                            !- Wind Exposure
  ,                                       !- View Factor to Ground
  ,                                       !- Number of Vertices
  1.77635683940025e-14, 4.57199999999996, 3.048, !- X,Y,Z Vertex 1 {m}
  4.57200000000002, 4.57199999999996, 3.048, !- X,Y,Z Vertex 2 {m}
  4.57200000000002, 4.57199999999996, 0,  !- X,Y,Z Vertex 3 {m}
  1.77635683940025e-14, 4.57199999999996, 0; !- X,Y,Z Vertex 4 {m}

OS:Surface,
  {62ac3cc7-9a24-452a-ba9d-964178a8bc5e}, !- Handle
  Surface 16,                             !- Name
  Wall,                                   !- Surface Type
  ,                                       !- Construction Name
  {f1cc286f-554e-480f-aeee-494ee0aaf56e}, !- Space Name
  Surface,                                !- Outside Boundary Condition
  {c6cbdfb8-34d1-49a4-be82-0aa8419177e4}, !- Outside Boundary Condition Object
  NoSun,                                  !- Sun Exposure
  NoWind,                                 !- Wind Exposure
  ,                                       !- View Factor to Ground
  ,                                       !- Number of Vertices
  4.57200000000002, -5.32907051820075e-15, 3.048, !- X,Y,Z Vertex 1 {m}
  4.57200000000002, -5.32907051820075e-15, 0, !- X,Y,Z Vertex 2 {m}
  4.57200000000002, 4.57199999999996, 0,  !- X,Y,Z Vertex 3 {m}
  4.57200000000002, 4.57199999999996, 3.048; !- X,Y,Z Vertex 4 {m}

OS:Surface,
  {9937329e-4332-4c6b-97f5-31ea8c52ba72}, !- Handle
  Surface 17,                             !- Name
  Wall,                                   !- Surface Type
  ,                                       !- Construction Name
  {f1cc286f-554e-480f-aeee-494ee0aaf56e}, !- Space Name
  Surface,                                !- Outside Boundary Condition
  {92544fbf-3f24-4c26-a411-e3aa994c9291}, !- Outside Boundary Condition Object
  NoSun,                                  !- Sun Exposure
  NoWind,                                 !- Wind Exposure
  ,                                       !- View Factor to Ground
  ,                                       !- Number of Vertices
  1.77635683940025e-14, -5.32907051820075e-15, 3.048, !- X,Y,Z Vertex 1 {m}
  1.77635683940025e-14, -5.32907051820075e-15, 0, !- X,Y,Z Vertex 2 {m}
  4.57200000000002, -5.32907051820075e-15, 0, !- X,Y,Z Vertex 3 {m}
  4.57200000000002, -5.32907051820075e-15, 3.048; !- X,Y,Z Vertex 4 {m}

OS:Surface,
  {dd1623e7-3e00-437c-8e53-50b3149881ba}, !- Handle
  Surface 18,                             !- Name
  RoofCeiling,                            !- Surface Type
  ,                                       !- Construction Name
  {f1cc286f-554e-480f-aeee-494ee0aaf56e}, !- Space Name
  Outdoors,                               !- Outside Boundary Condition
  ,                                       !- Outside Boundary Condition Object
  SunExposed,                             !- Sun Exposure
  WindExposed,                            !- Wind Exposure
  ,                                       !- View Factor to Ground
  ,                                       !- Number of Vertices
  4.57200000000002, -5.32907051820075e-15, 3.048, !- X,Y,Z Vertex 1 {m}
  4.57200000000002, 4.57199999999996, 3.048, !- X,Y,Z Vertex 2 {m}
  1.77635683940025e-14, 4.57199999999996, 3.048, !- X,Y,Z Vertex 3 {m}
  1.77635683940025e-14, -5.32907051820075e-15, 3.048; !- X,Y,Z Vertex 4 {m}

OS:ThermalZone,
  {fe290abb-c13b-43e7-82b9-332fbf86b65f}, !- Handle
  Zone Office WholeBuilding - Sm Office C end_a - Story Ground, !- Name
  1,                                      !- Multiplier
  ,                                       !- Ceiling Height {m}
  ,                                       !- Volume {m3}
  ,                                       !- Floor Area {m2}
  ,                                       !- Zone Inside Convection Algorithm
  ,                                       !- Zone Outside Convection Algorithm
  ,                                       !- Zone Conditioning Equipment List Name
  {5f4973b2-1a95-418d-b378-d5d8053b758c}, !- Zone Air Inlet Port List
  {30e97d56-d52b-435c-b6c1-44dc0fab6525}, !- Zone Air Exhaust Port List
  {e2dfbfae-deb8-4a2f-94bc-317dd4480480}, !- Zone Air Node Name
  {a3fcb06c-361d-4d36-90d2-d56751cc00f6}, !- Zone Return Air Port List
  ,                                       !- Primary Daylighting Control Name
  ,                                       !- Fraction of Zone Controlled by Primary Daylighting Control
  ,                                       !- Secondary Daylighting Control Name
  ,                                       !- Fraction of Zone Controlled by Secondary Daylighting Control
  ,                                       !- Illuminance Map Name
  ,                                       !- Group Rendering Name
  {23583553-0039-4586-827d-a2412821f18d}, !- Thermostat Name
  No;                                     !- Use Ideal Air Loads

OS:Node,
  {2a081736-8a9d-497a-8d95-d90a3917547b}, !- Handle
  Zone Office WholeBuilding - Sm Office C end_a - Story Ground Zone Air Node, !- Name
  {e2dfbfae-deb8-4a2f-94bc-317dd4480480}, !- Inlet Port
  ;                                       !- Outlet Port

OS:Connection,
  {e2dfbfae-deb8-4a2f-94bc-317dd4480480}, !- Handle
  {fe290abb-c13b-43e7-82b9-332fbf86b65f}, !- Source Object
  11,                                     !- Outlet Port
  {2a081736-8a9d-497a-8d95-d90a3917547b}, !- Target Object
  2;                                      !- Inlet Port

OS:PortList,
  {5f4973b2-1a95-418d-b378-d5d8053b758c}, !- Handle
  {fe290abb-c13b-43e7-82b9-332fbf86b65f}, !- HVAC Component
  {33061992-12da-4453-b67c-2fb20e7245ce}; !- Port 1

OS:PortList,
  {30e97d56-d52b-435c-b6c1-44dc0fab6525}, !- Handle
  {fe290abb-c13b-43e7-82b9-332fbf86b65f}; !- HVAC Component

OS:PortList,
  {a3fcb06c-361d-4d36-90d2-d56751cc00f6}, !- Handle
  {fe290abb-c13b-43e7-82b9-332fbf86b65f}, !- HVAC Component
  {67c80c4e-f905-459c-b6ba-8bc82389f74f}; !- Port 1

OS:Sizing:Zone,
  {7800e026-8f84-4844-9456-f316c4e35400}, !- Handle
  {fe290abb-c13b-43e7-82b9-332fbf86b65f}, !- Zone or ZoneList Name
  SupplyAirTemperature,                   !- Zone Cooling Design Supply Air Temperature Input Method
  12.7777777777778,                       !- Zone Cooling Design Supply Air Temperature {C}
  11.11,                                  !- Zone Cooling Design Supply Air Temperature Difference {deltaC}
  SupplyAirTemperature,                   !- Zone Heating Design Supply Air Temperature Input Method
  50.0000000000001,                       !- Zone Heating Design Supply Air Temperature {C}
  11.11,                                  !- Zone Heating Design Supply Air Temperature Difference {deltaC}
  0.0085,                                 !- Zone Cooling Design Supply Air Humidity Ratio {kg-H2O/kg-air}
  0.008,                                  !- Zone Heating Design Supply Air Humidity Ratio {kg-H2O/kg-air}
  ,                                       !- Zone Heating Sizing Factor
  ,                                       !- Zone Cooling Sizing Factor
  DesignDay,                              !- Cooling Design Air Flow Method
  ,                                       !- Cooling Design Air Flow Rate {m3/s}
  ,                                       !- Cooling Minimum Air Flow per Zone Floor Area {m3/s-m2}
  ,                                       !- Cooling Minimum Air Flow {m3/s}
  ,                                       !- Cooling Minimum Air Flow Fraction
  DesignDay,                              !- Heating Design Air Flow Method
  ,                                       !- Heating Design Air Flow Rate {m3/s}
  ,                                       !- Heating Maximum Air Flow per Zone Floor Area {m3/s-m2}
  ,                                       !- Heating Maximum Air Flow {m3/s}
  ,                                       !- Heating Maximum Air Flow Fraction
  No,                                     !- Account for Dedicated Outdoor Air System
  NeutralSupplyAir,                       !- Dedicated Outdoor Air System Control Strategy
  autosize,                               !- Dedicated Outdoor Air Low Setpoint Temperature for Design {C}
  autosize,                               !- Dedicated Outdoor Air High Setpoint Temperature for Design {C}
  Sensible Load Only No Latent Load,      !- Zone Load Sizing Method
  HumidityRatioDifference,                !- Zone Latent Cooling Design Supply Air Humidity Ratio Input Method
  ,                                       !- Zone Dehumidification Design Supply Air Humidity Ratio {kgWater/kgDryAir}
  0.005,                                  !- Zone Cooling Design Supply Air Humidity Ratio Difference {kgWater/kgDryAir}
  HumidityRatioDifference,                !- Zone Latent Heating Design Supply Air Humidity Ratio Input Method
  ,                                       !- Zone Humidification Design Supply Air Humidity Ratio {kgWater/kgDryAir}
  0.005;                                  !- Zone Humidification Design Supply Air Humidity Ratio Difference {kgWater/kgDryAir}

OS:ZoneHVAC:EquipmentList,
  {c0c7b5dd-3de2-4bd8-8ebd-3ebe7607ed39}, !- Handle
  Zone Office WholeBuilding - Sm Office C end_a - Story Ground Zone HVAC Equipment List, !- Name
  {fe290abb-c13b-43e7-82b9-332fbf86b65f}, !- Thermal Zone
  ,                                       !- Load Distribution Scheme
  {59fd91dc-1f98-47a7-8878-1e7cbc832af7}, !- Zone Equipment 1
  1,                                      !- Zone Equipment Cooling Sequence 1
  1,                                      !- Zone Equipment Heating or No-Load Sequence 1
  ,                                       !- Zone Equipment Sequential Cooling Fraction Schedule Name 1
  ;                                       !- Zone Equipment Sequential Heating Fraction Schedule Name 1

OS:Space,
  {e8348a7d-06cc-4861-80b4-83e9e3300cf2}, !- Handle
  Office WholeBuilding - Sm Office A  - Story Ground, !- Name
  {c7ab6396-23ee-4da3-a1cc-c91c298fb414}, !- Space Type Name
  ,                                       !- Default Construction Set Name
  ,                                       !- Default Schedule Set Name
  -0,                                     !- Direction of Relative North {deg}
  -14.0931118400078,                      !- X Origin {m}
  -12.4434078933385,                      !- Y Origin {m}
  0,                                      !- Z Origin {m}
  {3e70f64d-a80e-4262-b908-ae60824928b1}, !- Building Story Name
  {d116a3ce-4d53-4e4d-a4d2-e73271cfbd47}; !- Thermal Zone Name

OS:Surface,
  {60f70878-2315-4e4e-9732-3b546fcf352a}, !- Handle
  Surface 19,                             !- Name
  Floor,                                  !- Surface Type
  {19d46909-84e3-4a8f-b610-7a7c87f8e7e7}, !- Construction Name
  {e8348a7d-06cc-4861-80b4-83e9e3300cf2}, !- Space Name
  GroundFCfactorMethod,                   !- Outside Boundary Condition
  ,                                       !- Outside Boundary Condition Object
  NoSun,                                  !- Sun Exposure
  NoWind,                                 !- Wind Exposure
  ,                                       !- View Factor to Ground
  ,                                       !- Number of Vertices
  1.77635683940025e-14, 4.44089209850063e-14, 0, !- X,Y,Z Vertex 1 {m}
  1.77635683940025e-14, 4.57200000000001, 0, !- X,Y,Z Vertex 2 {m}
  28.1862236800156, 4.57200000000001, 0,  !- X,Y,Z Vertex 3 {m}
  28.1862236800156, 4.44089209850063e-14, 0; !- X,Y,Z Vertex 4 {m}

OS:Surface,
  {ccd35f99-10a7-4bab-ba0e-5fe2aed9bba2}, !- Handle
  Surface 20,                             !- Name
  Wall,                                   !- Surface Type
  ,                                       !- Construction Name
  {e8348a7d-06cc-4861-80b4-83e9e3300cf2}, !- Space Name
  Surface,                                !- Outside Boundary Condition
  {7b9eb111-4158-470f-993a-6d27c16f4fbc}, !- Outside Boundary Condition Object
  NoSun,                                  !- Sun Exposure
  NoWind,                                 !- Wind Exposure
  ,                                       !- View Factor to Ground
  ,                                       !- Number of Vertices
  2.1316282072803e-14, 4.57200000000001, 3.048, !- X,Y,Z Vertex 1 {m}
  2.1316282072803e-14, 4.57200000000001, 0, !- X,Y,Z Vertex 2 {m}
  2.1316282072803e-14, 4.44089209850063e-14, 0, !- X,Y,Z Vertex 3 {m}
  2.1316282072803e-14, 4.44089209850063e-14, 3.048; !- X,Y,Z Vertex 4 {m}

OS:Surface,
  {ef17dbcc-179e-47a3-b9d9-fe5d568e162a}, !- Handle
  Surface 21,                             !- Name
  Wall,                                   !- Surface Type
  ,                                       !- Construction Name
  {e8348a7d-06cc-4861-80b4-83e9e3300cf2}, !- Space Name
  Surface,                                !- Outside Boundary Condition
  {91018aae-0c9e-44e4-abd9-81508c9e7e7b}, !- Outside Boundary Condition Object
  NoSun,                                  !- Sun Exposure
  NoWind,                                 !- Wind Exposure
  ,                                       !- View Factor to Ground
  ,                                       !- Number of Vertices
  28.1862236800156, 4.57200000000001, 3.048, !- X,Y,Z Vertex 1 {m}
  28.1862236800156, 4.57200000000001, 0,  !- X,Y,Z Vertex 2 {m}
  1.77635683940025e-14, 4.57200000000001, 0, !- X,Y,Z Vertex 3 {m}
  1.77635683940025e-14, 4.57200000000001, 3.048; !- X,Y,Z Vertex 4 {m}

OS:Surface,
  {23f03459-ee17-48e8-b62e-ca636286682c}, !- Handle
  Surface 22,                             !- Name
  Wall,                                   !- Surface Type
  ,                                       !- Construction Name
  {e8348a7d-06cc-4861-80b4-83e9e3300cf2}, !- Space Name
  Surface,                                !- Outside Boundary Condition
  {63d2f100-f9dd-4a91-8191-bb4a9ce5acd7}, !- Outside Boundary Condition Object
  NoSun,                                  !- Sun Exposure
  NoWind,                                 !- Wind Exposure
  ,                                       !- View Factor to Ground
  ,                                       !- Number of Vertices
  28.1862236800156, 4.44089209850063e-14, 3.048, !- X,Y,Z Vertex 1 {m}
  28.1862236800156, 4.44089209850063e-14, 0, !- X,Y,Z Vertex 2 {m}
  28.1862236800156, 4.57200000000001, 0,  !- X,Y,Z Vertex 3 {m}
  28.1862236800156, 4.57200000000001, 3.048; !- X,Y,Z Vertex 4 {m}

OS:Surface,
  {fae2eaa0-749d-4158-b4d8-0098ff8c8a6a}, !- Handle
  Surface 23,                             !- Name
  Wall,                                   !- Surface Type
  ,                                       !- Construction Name
  {e8348a7d-06cc-4861-80b4-83e9e3300cf2}, !- Space Name
  Outdoors,                               !- Outside Boundary Condition
  ,                                       !- Outside Boundary Condition Object
  SunExposed,                             !- Sun Exposure
  WindExposed,                            !- Wind Exposure
  ,                                       !- View Factor to Ground
  ,                                       !- Number of Vertices
  28.1862236800156, 4.44089209850063e-14, 3.048, !- X,Y,Z Vertex 1 {m}
  1.77635683940025e-14, 4.44089209850063e-14, 3.048, !- X,Y,Z Vertex 2 {m}
  1.77635683940025e-14, 4.44089209850063e-14, 0, !- X,Y,Z Vertex 3 {m}
  28.1862236800156, 4.44089209850063e-14, 0; !- X,Y,Z Vertex 4 {m}

OS:Surface,
  {6baab612-ae3c-4056-b960-3355d656ea25}, !- Handle
  Surface 24,                             !- Name
  RoofCeiling,                            !- Surface Type
  ,                                       !- Construction Name
  {e8348a7d-06cc-4861-80b4-83e9e3300cf2}, !- Space Name
  Outdoors,                               !- Outside Boundary Condition
  ,                                       !- Outside Boundary Condition Object
  SunExposed,                             !- Sun Exposure
  WindExposed,                            !- Wind Exposure
  ,                                       !- View Factor to Ground
  ,                                       !- Number of Vertices
  28.1862236800156, 4.44089209850063e-14, 3.048, !- X,Y,Z Vertex 1 {m}
  28.1862236800156, 4.57200000000001, 3.048, !- X,Y,Z Vertex 2 {m}
  1.77635683940025e-14, 4.57200000000001, 3.048, !- X,Y,Z Vertex 3 {m}
  1.77635683940025e-14, 4.44089209850063e-14, 3.048; !- X,Y,Z Vertex 4 {m}

OS:ThermalZone,
  {d116a3ce-4d53-4e4d-a4d2-e73271cfbd47}, !- Handle
  Zone Office WholeBuilding - Sm Office A  - Story Ground, !- Name
  1,                                      !- Multiplier
  ,                                       !- Ceiling Height {m}
  ,                                       !- Volume {m3}
  ,                                       !- Floor Area {m2}
  ,                                       !- Zone Inside Convection Algorithm
  ,                                       !- Zone Outside Convection Algorithm
  ,                                       !- Zone Conditioning Equipment List Name
  {4ef1e77d-5b38-41c1-8796-659b16999fbc}, !- Zone Air Inlet Port List
  {255c6a27-a68b-482b-a621-03452fb7a889}, !- Zone Air Exhaust Port List
  {ef3df814-c6f8-448f-8b65-ca8caa3dc8d4}, !- Zone Air Node Name
  {175dfa79-3a4d-4422-85af-b21a0c5be682}, !- Zone Return Air Port List
  {4de8fd34-2323-4702-a0f5-02dee087f92d}, !- Primary Daylighting Control Name
  0,                                      !- Fraction of Zone Controlled by Primary Daylighting Control
  ,                                       !- Secondary Daylighting Control Name
  ,                                       !- Fraction of Zone Controlled by Secondary Daylighting Control
  ,                                       !- Illuminance Map Name
  ,                                       !- Group Rendering Name
  {61b9bb1d-a4b3-480e-804e-27c86cd8a9cf}, !- Thermostat Name
  No;                                     !- Use Ideal Air Loads

OS:Node,
  {0e6ae975-d707-440b-aedf-9f86a80c50d4}, !- Handle
  Zone Office WholeBuilding - Sm Office A  - Story Ground Zone Air Node, !- Name
  {ef3df814-c6f8-448f-8b65-ca8caa3dc8d4}, !- Inlet Port
  ;                                       !- Outlet Port

OS:Connection,
  {ef3df814-c6f8-448f-8b65-ca8caa3dc8d4}, !- Handle
  {d116a3ce-4d53-4e4d-a4d2-e73271cfbd47}, !- Source Object
  11,                                     !- Outlet Port
  {0e6ae975-d707-440b-aedf-9f86a80c50d4}, !- Target Object
  2;                                      !- Inlet Port

OS:PortList,
  {4ef1e77d-5b38-41c1-8796-659b16999fbc}, !- Handle
  {d116a3ce-4d53-4e4d-a4d2-e73271cfbd47}, !- HVAC Component
  {f207eec5-577d-4f1f-8647-5194d3b810b5}; !- Port 1

OS:PortList,
  {255c6a27-a68b-482b-a621-03452fb7a889}, !- Handle
  {d116a3ce-4d53-4e4d-a4d2-e73271cfbd47}; !- HVAC Component

OS:PortList,
  {175dfa79-3a4d-4422-85af-b21a0c5be682}, !- Handle
  {d116a3ce-4d53-4e4d-a4d2-e73271cfbd47}, !- HVAC Component
  {e9e884d0-2535-4ab0-a787-d648d9ee76cb}; !- Port 1

OS:Sizing:Zone,
  {05a0c167-922f-4289-bfd1-47e80851ecc2}, !- Handle
  {d116a3ce-4d53-4e4d-a4d2-e73271cfbd47}, !- Zone or ZoneList Name
  SupplyAirTemperature,                   !- Zone Cooling Design Supply Air Temperature Input Method
  12.7777777777778,                       !- Zone Cooling Design Supply Air Temperature {C}
  11.11,                                  !- Zone Cooling Design Supply Air Temperature Difference {deltaC}
  SupplyAirTemperature,                   !- Zone Heating Design Supply Air Temperature Input Method
  50.0000000000001,                       !- Zone Heating Design Supply Air Temperature {C}
  11.11,                                  !- Zone Heating Design Supply Air Temperature Difference {deltaC}
  0.0085,                                 !- Zone Cooling Design Supply Air Humidity Ratio {kg-H2O/kg-air}
  0.008,                                  !- Zone Heating Design Supply Air Humidity Ratio {kg-H2O/kg-air}
  ,                                       !- Zone Heating Sizing Factor
  ,                                       !- Zone Cooling Sizing Factor
  DesignDay,                              !- Cooling Design Air Flow Method
  ,                                       !- Cooling Design Air Flow Rate {m3/s}
  ,                                       !- Cooling Minimum Air Flow per Zone Floor Area {m3/s-m2}
  ,                                       !- Cooling Minimum Air Flow {m3/s}
  ,                                       !- Cooling Minimum Air Flow Fraction
  DesignDay,                              !- Heating Design Air Flow Method
  ,                                       !- Heating Design Air Flow Rate {m3/s}
  ,                                       !- Heating Maximum Air Flow per Zone Floor Area {m3/s-m2}
  ,                                       !- Heating Maximum Air Flow {m3/s}
  ,                                       !- Heating Maximum Air Flow Fraction
  No,                                     !- Account for Dedicated Outdoor Air System
  NeutralSupplyAir,                       !- Dedicated Outdoor Air System Control Strategy
  autosize,                               !- Dedicated Outdoor Air Low Setpoint Temperature for Design {C}
  autosize,                               !- Dedicated Outdoor Air High Setpoint Temperature for Design {C}
  Sensible Load Only No Latent Load,      !- Zone Load Sizing Method
  HumidityRatioDifference,                !- Zone Latent Cooling Design Supply Air Humidity Ratio Input Method
  ,                                       !- Zone Dehumidification Design Supply Air Humidity Ratio {kgWater/kgDryAir}
  0.005,                                  !- Zone Cooling Design Supply Air Humidity Ratio Difference {kgWater/kgDryAir}
  HumidityRatioDifference,                !- Zone Latent Heating Design Supply Air Humidity Ratio Input Method
  ,                                       !- Zone Humidification Design Supply Air Humidity Ratio {kgWater/kgDryAir}
  0.005;                                  !- Zone Humidification Design Supply Air Humidity Ratio Difference {kgWater/kgDryAir}

OS:ZoneHVAC:EquipmentList,
  {41ca4abd-9db7-421b-9de7-7b7e56a83865}, !- Handle
  Zone Office WholeBuilding - Sm Office A  - Story Ground Zone HVAC Equipment List, !- Name
  {d116a3ce-4d53-4e4d-a4d2-e73271cfbd47}, !- Thermal Zone
  ,                                       !- Load Distribution Scheme
  {71e44222-0d65-4abc-8b64-0d4603acd195}, !- Zone Equipment 1
  1,                                      !- Zone Equipment Cooling Sequence 1
  1,                                      !- Zone Equipment Heating or No-Load Sequence 1
  ,                                       !- Zone Equipment Sequential Cooling Fraction Schedule Name 1
  ;                                       !- Zone Equipment Sequential Heating Fraction Schedule Name 1

OS:Space,
  {c3788f36-d28d-4597-8dd0-212d6dfb94cd}, !- Handle
  Office WholeBuilding - Sm Office B  - Story Ground, !- Name
  {c7ab6396-23ee-4da3-a1cc-c91c298fb414}, !- Space Type Name
  ,                                       !- Default Construction Set Name
  ,                                       !- Default Schedule Set Name
  -0,                                     !- Direction of Relative North {deg}
  -14.0931118400078,                      !- X Origin {m}
  -7.87140789333854,                      !- Y Origin {m}
  0,                                      !- Z Origin {m}
  {3e70f64d-a80e-4262-b908-ae60824928b1}, !- Building Story Name
  {e5be5516-4e86-44bd-9cd5-feae2b9e66ff}; !- Thermal Zone Name

OS:Surface,
  {8db4e3fa-188f-4fec-a382-9cc7f59c2047}, !- Handle
  Surface 25,                             !- Name
  Floor,                                  !- Surface Type
  {dbe4d069-daa2-4e93-a373-1ea8275556bd}, !- Construction Name
  {c3788f36-d28d-4597-8dd0-212d6dfb94cd}, !- Space Name
  GroundFCfactorMethod,                   !- Outside Boundary Condition
  ,                                       !- Outside Boundary Condition Object
  NoSun,                                  !- Sun Exposure
  NoWind,                                 !- Wind Exposure
  ,                                       !- View Factor to Ground
  ,                                       !- Number of Vertices
  1.77635683940025e-14, 5.32907051820075e-15, 0, !- X,Y,Z Vertex 1 {m}
  1.77635683940025e-14, 15.7428157866771, 0, !- X,Y,Z Vertex 2 {m}
  28.1862236800156, 15.7428157866771, 0,  !- X,Y,Z Vertex 3 {m}
  28.1862236800156, 5.32907051820075e-15, 0; !- X,Y,Z Vertex 4 {m}

OS:Surface,
  {217fd5fb-fb7f-468c-9fbb-16fbc89f9e7b}, !- Handle
  Surface 26,                             !- Name
  Wall,                                   !- Surface Type
  ,                                       !- Construction Name
  {c3788f36-d28d-4597-8dd0-212d6dfb94cd}, !- Space Name
  Surface,                                !- Outside Boundary Condition
  {66d3a41a-2e76-4791-914e-a6cdc790ffe1}, !- Outside Boundary Condition Object
  NoSun,                                  !- Sun Exposure
  NoWind,                                 !- Wind Exposure
  ,                                       !- View Factor to Ground
  ,                                       !- Number of Vertices
  2.1316282072803e-14, 15.7428157866771, 3.048, !- X,Y,Z Vertex 1 {m}
  2.1316282072803e-14, 15.7428157866771, 0, !- X,Y,Z Vertex 2 {m}
  2.1316282072803e-14, 5.32907051820075e-15, 0, !- X,Y,Z Vertex 3 {m}
  2.1316282072803e-14, 5.32907051820075e-15, 3.048; !- X,Y,Z Vertex 4 {m}

OS:Surface,
  {78639e8e-d28e-4304-afb9-4014cbd793e3}, !- Handle
  Surface 27,                             !- Name
  Wall,                                   !- Surface Type
  ,                                       !- Construction Name
  {c3788f36-d28d-4597-8dd0-212d6dfb94cd}, !- Space Name
  Surface,                                !- Outside Boundary Condition
  {f22c76c7-e7ae-41e0-b7b7-9e1ba60e0acf}, !- Outside Boundary Condition Object
  NoSun,                                  !- Sun Exposure
  NoWind,                                 !- Wind Exposure
  ,                                       !- View Factor to Ground
  ,                                       !- Number of Vertices
  28.1862236800156, 15.7428157866771, 3.048, !- X,Y,Z Vertex 1 {m}
  28.1862236800156, 15.7428157866771, 0,  !- X,Y,Z Vertex 2 {m}
  1.77635683940025e-14, 15.7428157866771, 0, !- X,Y,Z Vertex 3 {m}
  1.77635683940025e-14, 15.7428157866771, 3.048; !- X,Y,Z Vertex 4 {m}

OS:Surface,
  {579833fa-9376-48f2-8ebd-0742785647cc}, !- Handle
  Surface 28,                             !- Name
  Wall,                                   !- Surface Type
  ,                                       !- Construction Name
  {c3788f36-d28d-4597-8dd0-212d6dfb94cd}, !- Space Name
  Surface,                                !- Outside Boundary Condition
  {5dcafb83-d10f-42b8-a9fc-b25b6b13e28e}, !- Outside Boundary Condition Object
  NoSun,                                  !- Sun Exposure
  NoWind,                                 !- Wind Exposure
  ,                                       !- View Factor to Ground
  ,                                       !- Number of Vertices
  28.1862236800156, 5.32907051820075e-15, 3.048, !- X,Y,Z Vertex 1 {m}
  28.1862236800156, 5.32907051820075e-15, 0, !- X,Y,Z Vertex 2 {m}
  28.1862236800156, 15.7428157866771, 0,  !- X,Y,Z Vertex 3 {m}
  28.1862236800156, 15.7428157866771, 3.048; !- X,Y,Z Vertex 4 {m}

OS:Surface,
  {91018aae-0c9e-44e4-abd9-81508c9e7e7b}, !- Handle
  Surface 29,                             !- Name
  Wall,                                   !- Surface Type
  ,                                       !- Construction Name
  {c3788f36-d28d-4597-8dd0-212d6dfb94cd}, !- Space Name
  Surface,                                !- Outside Boundary Condition
  {ef17dbcc-179e-47a3-b9d9-fe5d568e162a}, !- Outside Boundary Condition Object
  NoSun,                                  !- Sun Exposure
  NoWind,                                 !- Wind Exposure
  ,                                       !- View Factor to Ground
  ,                                       !- Number of Vertices
  1.77635683940025e-14, 4.88498130835069e-14, 3.048, !- X,Y,Z Vertex 1 {m}
  1.77635683940025e-14, 4.88498130835069e-14, 0, !- X,Y,Z Vertex 2 {m}
  28.1862236800156, 4.88498130835069e-14, 0, !- X,Y,Z Vertex 3 {m}
  28.1862236800156, 4.88498130835069e-14, 3.048; !- X,Y,Z Vertex 4 {m}

OS:Surface,
  {8706c58e-7467-4a21-9144-edd1c1b6fa94}, !- Handle
  Surface 30,                             !- Name
  RoofCeiling,                            !- Surface Type
  ,                                       !- Construction Name
  {c3788f36-d28d-4597-8dd0-212d6dfb94cd}, !- Space Name
  Outdoors,                               !- Outside Boundary Condition
  ,                                       !- Outside Boundary Condition Object
  SunExposed,                             !- Sun Exposure
  WindExposed,                            !- Wind Exposure
  ,                                       !- View Factor to Ground
  ,                                       !- Number of Vertices
  28.1862236800156, 5.32907051820075e-15, 3.048, !- X,Y,Z Vertex 1 {m}
  28.1862236800156, 15.7428157866771, 3.048, !- X,Y,Z Vertex 2 {m}
  1.77635683940025e-14, 15.7428157866771, 3.048, !- X,Y,Z Vertex 3 {m}
  1.77635683940025e-14, 5.32907051820075e-15, 3.048; !- X,Y,Z Vertex 4 {m}

OS:ThermalZone,
  {e5be5516-4e86-44bd-9cd5-feae2b9e66ff}, !- Handle
  Zone Office WholeBuilding - Sm Office B  - Story Ground, !- Name
  1,                                      !- Multiplier
  ,                                       !- Ceiling Height {m}
  ,                                       !- Volume {m3}
  ,                                       !- Floor Area {m2}
  ,                                       !- Zone Inside Convection Algorithm
  ,                                       !- Zone Outside Convection Algorithm
  ,                                       !- Zone Conditioning Equipment List Name
  {744c1ca3-55b2-4d2a-b600-ba920890aa77}, !- Zone Air Inlet Port List
  {ebea0303-86c2-4e41-999f-f09e37ea0f21}, !- Zone Air Exhaust Port List
  {867dffc5-2ff4-40dd-b956-ae9b53b45fc8}, !- Zone Air Node Name
  {84af055e-d09e-4ede-8d74-17f030248a9e}, !- Zone Return Air Port List
  ,                                       !- Primary Daylighting Control Name
  ,                                       !- Fraction of Zone Controlled by Primary Daylighting Control
  ,                                       !- Secondary Daylighting Control Name
  ,                                       !- Fraction of Zone Controlled by Secondary Daylighting Control
  ,                                       !- Illuminance Map Name
  ,                                       !- Group Rendering Name
  {ce941e16-1496-4264-8e68-5e6367cfc4cc}, !- Thermostat Name
  No;                                     !- Use Ideal Air Loads

OS:Node,
  {2aef068a-baa0-422f-b3d5-7bc2cddba653}, !- Handle
  Zone Office WholeBuilding - Sm Office B  - Story Ground Zone Air Node, !- Name
  {867dffc5-2ff4-40dd-b956-ae9b53b45fc8}, !- Inlet Port
  ;                                       !- Outlet Port

OS:Connection,
  {867dffc5-2ff4-40dd-b956-ae9b53b45fc8}, !- Handle
  {e5be5516-4e86-44bd-9cd5-feae2b9e66ff}, !- Source Object
  11,                                     !- Outlet Port
  {2aef068a-baa0-422f-b3d5-7bc2cddba653}, !- Target Object
  2;                                      !- Inlet Port

OS:PortList,
  {744c1ca3-55b2-4d2a-b600-ba920890aa77}, !- Handle
  {e5be5516-4e86-44bd-9cd5-feae2b9e66ff}, !- HVAC Component
  {9a2444fd-3566-4765-999d-a3400630573c}; !- Port 1

OS:PortList,
  {ebea0303-86c2-4e41-999f-f09e37ea0f21}, !- Handle
  {e5be5516-4e86-44bd-9cd5-feae2b9e66ff}; !- HVAC Component

OS:PortList,
  {84af055e-d09e-4ede-8d74-17f030248a9e}, !- Handle
  {e5be5516-4e86-44bd-9cd5-feae2b9e66ff}, !- HVAC Component
  {4f9d6dc3-60e7-43d3-950c-d18a750d82b9}; !- Port 1

OS:Sizing:Zone,
  {2e721fde-a566-44e9-96ee-4230ea080c52}, !- Handle
  {e5be5516-4e86-44bd-9cd5-feae2b9e66ff}, !- Zone or ZoneList Name
  SupplyAirTemperature,                   !- Zone Cooling Design Supply Air Temperature Input Method
  12.7777777777778,                       !- Zone Cooling Design Supply Air Temperature {C}
  11.11,                                  !- Zone Cooling Design Supply Air Temperature Difference {deltaC}
  SupplyAirTemperature,                   !- Zone Heating Design Supply Air Temperature Input Method
  50.0000000000001,                       !- Zone Heating Design Supply Air Temperature {C}
  11.11,                                  !- Zone Heating Design Supply Air Temperature Difference {deltaC}
  0.0085,                                 !- Zone Cooling Design Supply Air Humidity Ratio {kg-H2O/kg-air}
  0.008,                                  !- Zone Heating Design Supply Air Humidity Ratio {kg-H2O/kg-air}
  ,                                       !- Zone Heating Sizing Factor
  ,                                       !- Zone Cooling Sizing Factor
  DesignDay,                              !- Cooling Design Air Flow Method
  ,                                       !- Cooling Design Air Flow Rate {m3/s}
  ,                                       !- Cooling Minimum Air Flow per Zone Floor Area {m3/s-m2}
  ,                                       !- Cooling Minimum Air Flow {m3/s}
  ,                                       !- Cooling Minimum Air Flow Fraction
  DesignDay,                              !- Heating Design Air Flow Method
  ,                                       !- Heating Design Air Flow Rate {m3/s}
  ,                                       !- Heating Maximum Air Flow per Zone Floor Area {m3/s-m2}
  ,                                       !- Heating Maximum Air Flow {m3/s}
  ,                                       !- Heating Maximum Air Flow Fraction
  No,                                     !- Account for Dedicated Outdoor Air System
  NeutralSupplyAir,                       !- Dedicated Outdoor Air System Control Strategy
  autosize,                               !- Dedicated Outdoor Air Low Setpoint Temperature for Design {C}
  autosize,                               !- Dedicated Outdoor Air High Setpoint Temperature for Design {C}
  Sensible Load Only No Latent Load,      !- Zone Load Sizing Method
  HumidityRatioDifference,                !- Zone Latent Cooling Design Supply Air Humidity Ratio Input Method
  ,                                       !- Zone Dehumidification Design Supply Air Humidity Ratio {kgWater/kgDryAir}
  0.005,                                  !- Zone Cooling Design Supply Air Humidity Ratio Difference {kgWater/kgDryAir}
  HumidityRatioDifference,                !- Zone Latent Heating Design Supply Air Humidity Ratio Input Method
  ,                                       !- Zone Humidification Design Supply Air Humidity Ratio {kgWater/kgDryAir}
  0.005;                                  !- Zone Humidification Design Supply Air Humidity Ratio Difference {kgWater/kgDryAir}

OS:ZoneHVAC:EquipmentList,
  {869859ac-8a82-45fd-8555-1aacd276e554}, !- Handle
  Zone Office WholeBuilding - Sm Office B  - Story Ground Zone HVAC Equipment List, !- Name
  {e5be5516-4e86-44bd-9cd5-feae2b9e66ff}, !- Thermal Zone
  ,                                       !- Load Distribution Scheme
  {bdbf1adf-019f-4877-b00b-ecdcfe623ea8}, !- Zone Equipment 1
  1,                                      !- Zone Equipment Cooling Sequence 1
  1,                                      !- Zone Equipment Heating or No-Load Sequence 1
  ,                                       !- Zone Equipment Sequential Cooling Fraction Schedule Name 1
  ;                                       !- Zone Equipment Sequential Heating Fraction Schedule Name 1

OS:Space,
  {6d430e11-5cfa-4c91-8df7-40c339a2f758}, !- Handle
  Office WholeBuilding - Sm Office C  - Story Ground, !- Name
  {c7ab6396-23ee-4da3-a1cc-c91c298fb414}, !- Space Type Name
  ,                                       !- Default Construction Set Name
  ,                                       !- Default Schedule Set Name
  -0,                                     !- Direction of Relative North {deg}
  -14.0931118400078,                      !- X Origin {m}
  7.87140789333854,                       !- Y Origin {m}
  0,                                      !- Z Origin {m}
  {3e70f64d-a80e-4262-b908-ae60824928b1}, !- Building Story Name
  {f19b11ca-ca9e-44f9-94f0-e848e514de1a}; !- Thermal Zone Name

OS:Surface,
  {375faf74-a141-460d-8d2b-daa6d43c0d20}, !- Handle
  Surface 31,                             !- Name
  Floor,                                  !- Surface Type
  {19d46909-84e3-4a8f-b610-7a7c87f8e7e7}, !- Construction Name
  {6d430e11-5cfa-4c91-8df7-40c339a2f758}, !- Space Name
  GroundFCfactorMethod,                   !- Outside Boundary Condition
  ,                                       !- Outside Boundary Condition Object
  NoSun,                                  !- Sun Exposure
  NoWind,                                 !- Wind Exposure
  ,                                       !- View Factor to Ground
  ,                                       !- Number of Vertices
  1.77635683940025e-14, -5.32907051820075e-15, 0, !- X,Y,Z Vertex 1 {m}
  1.77635683940025e-14, 4.57199999999996, 0, !- X,Y,Z Vertex 2 {m}
  28.1862236800156, 4.57199999999996, 0,  !- X,Y,Z Vertex 3 {m}
  28.1862236800156, -5.32907051820075e-15, 0; !- X,Y,Z Vertex 4 {m}

OS:Surface,
  {c6cbdfb8-34d1-49a4-be82-0aa8419177e4}, !- Handle
  Surface 32,                             !- Name
  Wall,                                   !- Surface Type
  ,                                       !- Construction Name
  {6d430e11-5cfa-4c91-8df7-40c339a2f758}, !- Space Name
  Surface,                                !- Outside Boundary Condition
  {62ac3cc7-9a24-452a-ba9d-964178a8bc5e}, !- Outside Boundary Condition Object
  NoSun,                                  !- Sun Exposure
  NoWind,                                 !- Wind Exposure
  ,                                       !- View Factor to Ground
  ,                                       !- Number of Vertices
  2.1316282072803e-14, 4.57199999999996, 3.048, !- X,Y,Z Vertex 1 {m}
  2.1316282072803e-14, 4.57199999999996, 0, !- X,Y,Z Vertex 2 {m}
  2.1316282072803e-14, -5.32907051820075e-15, 0, !- X,Y,Z Vertex 3 {m}
  2.1316282072803e-14, -5.32907051820075e-15, 3.048; !- X,Y,Z Vertex 4 {m}

OS:Surface,
  {712f006d-28da-4a57-939a-9f1570501eda}, !- Handle
  Surface 33,                             !- Name
  Wall,                                   !- Surface Type
  ,                                       !- Construction Name
  {6d430e11-5cfa-4c91-8df7-40c339a2f758}, !- Space Name
  Outdoors,                               !- Outside Boundary Condition
  ,                                       !- Outside Boundary Condition Object
  SunExposed,                             !- Sun Exposure
  WindExposed,                            !- Wind Exposure
  ,                                       !- View Factor to Ground
  ,                                       !- Number of Vertices
  1.77635683940025e-14, 4.57199999999996, 3.048, !- X,Y,Z Vertex 1 {m}
  28.1862236800156, 4.57199999999996, 3.048, !- X,Y,Z Vertex 2 {m}
  28.1862236800156, 4.57199999999996, 0,  !- X,Y,Z Vertex 3 {m}
  1.77635683940025e-14, 4.57199999999996, 0; !- X,Y,Z Vertex 4 {m}

OS:Surface,
  {4019530c-99a5-4405-ab0e-8e92fcbfc153}, !- Handle
  Surface 34,                             !- Name
  Wall,                                   !- Surface Type
  ,                                       !- Construction Name
  {6d430e11-5cfa-4c91-8df7-40c339a2f758}, !- Space Name
  Surface,                                !- Outside Boundary Condition
  {08ef02b3-010f-4c7b-8418-6b1378112b23}, !- Outside Boundary Condition Object
  NoSun,                                  !- Sun Exposure
  NoWind,                                 !- Wind Exposure
  ,                                       !- View Factor to Ground
  ,                                       !- Number of Vertices
  28.1862236800156, -5.32907051820075e-15, 3.048, !- X,Y,Z Vertex 1 {m}
  28.1862236800156, -5.32907051820075e-15, 0, !- X,Y,Z Vertex 2 {m}
  28.1862236800156, 4.57199999999996, 0,  !- X,Y,Z Vertex 3 {m}
  28.1862236800156, 4.57199999999996, 3.048; !- X,Y,Z Vertex 4 {m}

OS:Surface,
  {f22c76c7-e7ae-41e0-b7b7-9e1ba60e0acf}, !- Handle
  Surface 35,                             !- Name
  Wall,                                   !- Surface Type
  ,                                       !- Construction Name
  {6d430e11-5cfa-4c91-8df7-40c339a2f758}, !- Space Name
  Surface,                                !- Outside Boundary Condition
  {78639e8e-d28e-4304-afb9-4014cbd793e3}, !- Outside Boundary Condition Object
  NoSun,                                  !- Sun Exposure
  NoWind,                                 !- Wind Exposure
  ,                                       !- View Factor to Ground
  ,                                       !- Number of Vertices
  1.77635683940025e-14, -5.32907051820075e-15, 3.048, !- X,Y,Z Vertex 1 {m}
  1.77635683940025e-14, -5.32907051820075e-15, 0, !- X,Y,Z Vertex 2 {m}
  28.1862236800156, -5.32907051820075e-15, 0, !- X,Y,Z Vertex 3 {m}
  28.1862236800156, -5.32907051820075e-15, 3.048; !- X,Y,Z Vertex 4 {m}

OS:Surface,
  {94e15dfd-534e-495b-a2af-16eb6b75dd3b}, !- Handle
  Surface 36,                             !- Name
  RoofCeiling,                            !- Surface Type
  ,                                       !- Construction Name
  {6d430e11-5cfa-4c91-8df7-40c339a2f758}, !- Space Name
  Outdoors,                               !- Outside Boundary Condition
  ,                                       !- Outside Boundary Condition Object
  SunExposed,                             !- Sun Exposure
  WindExposed,                            !- Wind Exposure
  ,                                       !- View Factor to Ground
  ,                                       !- Number of Vertices
  28.1862236800156, -5.32907051820075e-15, 3.048, !- X,Y,Z Vertex 1 {m}
  28.1862236800156, 4.57199999999996, 3.048, !- X,Y,Z Vertex 2 {m}
  1.77635683940025e-14, 4.57199999999996, 3.048, !- X,Y,Z Vertex 3 {m}
  1.77635683940025e-14, -5.32907051820075e-15, 3.048; !- X,Y,Z Vertex 4 {m}

OS:ThermalZone,
  {f19b11ca-ca9e-44f9-94f0-e848e514de1a}, !- Handle
  Zone Office WholeBuilding - Sm Office C  - Story Ground, !- Name
  1,                                      !- Multiplier
  ,                                       !- Ceiling Height {m}
  ,                                       !- Volume {m3}
  ,                                       !- Floor Area {m2}
  ,                                       !- Zone Inside Convection Algorithm
  ,                                       !- Zone Outside Convection Algorithm
  ,                                       !- Zone Conditioning Equipment List Name
  {7e89d735-4f41-4fda-ad65-8f31ff99afe5}, !- Zone Air Inlet Port List
  {e0a3f3dd-a887-41ea-93a2-67de8777e72a}, !- Zone Air Exhaust Port List
  {59715998-72df-4246-91c4-61b45f4d1ea3}, !- Zone Air Node Name
  {c00856bb-2f67-46c4-a308-401bf3711413}, !- Zone Return Air Port List
  {c183668b-8b03-4c32-a784-bcad0d600535}, !- Primary Daylighting Control Name
  0,                                      !- Fraction of Zone Controlled by Primary Daylighting Control
  ,                                       !- Secondary Daylighting Control Name
  ,                                       !- Fraction of Zone Controlled by Secondary Daylighting Control
  ,                                       !- Illuminance Map Name
  ,                                       !- Group Rendering Name
  {373ca701-a18c-4785-a81b-b1c303ccddf7}, !- Thermostat Name
  No;                                     !- Use Ideal Air Loads

OS:Node,
  {26a60176-9ff1-4729-85fc-188ad023804b}, !- Handle
  Zone Office WholeBuilding - Sm Office C  - Story Ground Zone Air Node, !- Name
  {59715998-72df-4246-91c4-61b45f4d1ea3}, !- Inlet Port
  ;                                       !- Outlet Port

OS:Connection,
  {59715998-72df-4246-91c4-61b45f4d1ea3}, !- Handle
  {f19b11ca-ca9e-44f9-94f0-e848e514de1a}, !- Source Object
  11,                                     !- Outlet Port
  {26a60176-9ff1-4729-85fc-188ad023804b}, !- Target Object
  2;                                      !- Inlet Port

OS:PortList,
  {7e89d735-4f41-4fda-ad65-8f31ff99afe5}, !- Handle
  {f19b11ca-ca9e-44f9-94f0-e848e514de1a}, !- HVAC Component
  {644da5df-4a82-440c-9e63-0dec6e5e1be7}; !- Port 1

OS:PortList,
  {e0a3f3dd-a887-41ea-93a2-67de8777e72a}, !- Handle
  {f19b11ca-ca9e-44f9-94f0-e848e514de1a}; !- HVAC Component

OS:PortList,
  {c00856bb-2f67-46c4-a308-401bf3711413}, !- Handle
  {f19b11ca-ca9e-44f9-94f0-e848e514de1a}, !- HVAC Component
  {5329a18e-2c13-4eea-9b8f-e1a86105cf0b}; !- Port 1

OS:Sizing:Zone,
  {56d8f898-234f-46b8-aa9d-55f516302368}, !- Handle
  {f19b11ca-ca9e-44f9-94f0-e848e514de1a}, !- Zone or ZoneList Name
  SupplyAirTemperature,                   !- Zone Cooling Design Supply Air Temperature Input Method
  12.7777777777778,                       !- Zone Cooling Design Supply Air Temperature {C}
  11.11,                                  !- Zone Cooling Design Supply Air Temperature Difference {deltaC}
  SupplyAirTemperature,                   !- Zone Heating Design Supply Air Temperature Input Method
  50.0000000000001,                       !- Zone Heating Design Supply Air Temperature {C}
  11.11,                                  !- Zone Heating Design Supply Air Temperature Difference {deltaC}
  0.0085,                                 !- Zone Cooling Design Supply Air Humidity Ratio {kg-H2O/kg-air}
  0.008,                                  !- Zone Heating Design Supply Air Humidity Ratio {kg-H2O/kg-air}
  ,                                       !- Zone Heating Sizing Factor
  ,                                       !- Zone Cooling Sizing Factor
  DesignDay,                              !- Cooling Design Air Flow Method
  ,                                       !- Cooling Design Air Flow Rate {m3/s}
  ,                                       !- Cooling Minimum Air Flow per Zone Floor Area {m3/s-m2}
  ,                                       !- Cooling Minimum Air Flow {m3/s}
  ,                                       !- Cooling Minimum Air Flow Fraction
  DesignDay,                              !- Heating Design Air Flow Method
  ,                                       !- Heating Design Air Flow Rate {m3/s}
  ,                                       !- Heating Maximum Air Flow per Zone Floor Area {m3/s-m2}
  ,                                       !- Heating Maximum Air Flow {m3/s}
  ,                                       !- Heating Maximum Air Flow Fraction
  No,                                     !- Account for Dedicated Outdoor Air System
  NeutralSupplyAir,                       !- Dedicated Outdoor Air System Control Strategy
  autosize,                               !- Dedicated Outdoor Air Low Setpoint Temperature for Design {C}
  autosize,                               !- Dedicated Outdoor Air High Setpoint Temperature for Design {C}
  Sensible Load Only No Latent Load,      !- Zone Load Sizing Method
  HumidityRatioDifference,                !- Zone Latent Cooling Design Supply Air Humidity Ratio Input Method
  ,                                       !- Zone Dehumidification Design Supply Air Humidity Ratio {kgWater/kgDryAir}
  0.005,                                  !- Zone Cooling Design Supply Air Humidity Ratio Difference {kgWater/kgDryAir}
  HumidityRatioDifference,                !- Zone Latent Heating Design Supply Air Humidity Ratio Input Method
  ,                                       !- Zone Humidification Design Supply Air Humidity Ratio {kgWater/kgDryAir}
  0.005;                                  !- Zone Humidification Design Supply Air Humidity Ratio Difference {kgWater/kgDryAir}

OS:ZoneHVAC:EquipmentList,
  {1d41b113-29fa-4b72-841d-b0bc7d9801a3}, !- Handle
  Zone Office WholeBuilding - Sm Office C  - Story Ground Zone HVAC Equipment List, !- Name
  {f19b11ca-ca9e-44f9-94f0-e848e514de1a}, !- Thermal Zone
  ,                                       !- Load Distribution Scheme
  {c2bb8399-d0a4-44c6-a28c-b3373c063849}, !- Zone Equipment 1
  1,                                      !- Zone Equipment Cooling Sequence 1
  1,                                      !- Zone Equipment Heating or No-Load Sequence 1
  ,                                       !- Zone Equipment Sequential Cooling Fraction Schedule Name 1
  ;                                       !- Zone Equipment Sequential Heating Fraction Schedule Name 1

OS:Space,
  {dbfc452c-12d3-4065-b858-a32712611095}, !- Handle
  Office WholeBuilding - Sm Office A end_b - Story Ground, !- Name
  {c7ab6396-23ee-4da3-a1cc-c91c298fb414}, !- Space Type Name
  ,                                       !- Default Construction Set Name
  ,                                       !- Default Schedule Set Name
  -0,                                     !- Direction of Relative North {deg}
  14.0931118400078,                       !- X Origin {m}
  -12.4434078933385,                      !- Y Origin {m}
  0,                                      !- Z Origin {m}
  {3e70f64d-a80e-4262-b908-ae60824928b1}, !- Building Story Name
  {1b9aa88e-7e8a-4e5c-bd5f-f94ca139e8d0}; !- Thermal Zone Name

OS:Surface,
  {d0bba0bc-fe0c-4fd8-b414-1b3786e4ada6}, !- Handle
  Surface 37,                             !- Name
  Floor,                                  !- Surface Type
  {8879df18-fbde-4b7c-bc4a-5cbcc074f7b0}, !- Construction Name
  {dbfc452c-12d3-4065-b858-a32712611095}, !- Space Name
  GroundFCfactorMethod,                   !- Outside Boundary Condition
  ,                                       !- Outside Boundary Condition Object
  NoSun,                                  !- Sun Exposure
  NoWind,                                 !- Wind Exposure
  ,                                       !- View Factor to Ground
  ,                                       !- Number of Vertices
  -1.4210854715202e-14, 4.44089209850063e-14, 0, !- X,Y,Z Vertex 1 {m}
  -1.4210854715202e-14, 4.57200000000001, 0, !- X,Y,Z Vertex 2 {m}
  4.57199999999998, 4.57200000000001, 0,  !- X,Y,Z Vertex 3 {m}
  4.57199999999998, 4.44089209850063e-14, 0; !- X,Y,Z Vertex 4 {m}

OS:Surface,
  {63d2f100-f9dd-4a91-8191-bb4a9ce5acd7}, !- Handle
  Surface 38,                             !- Name
  Wall,                                   !- Surface Type
  ,                                       !- Construction Name
  {dbfc452c-12d3-4065-b858-a32712611095}, !- Space Name
  Surface,                                !- Outside Boundary Condition
  {23f03459-ee17-48e8-b62e-ca636286682c}, !- Outside Boundary Condition Object
  NoSun,                                  !- Sun Exposure
  NoWind,                                 !- Wind Exposure
  ,                                       !- View Factor to Ground
  ,                                       !- Number of Vertices
  -1.4210854715202e-14, 4.57200000000001, 3.048, !- X,Y,Z Vertex 1 {m}
  -1.4210854715202e-14, 4.57200000000001, 0, !- X,Y,Z Vertex 2 {m}
  -1.4210854715202e-14, 4.44089209850063e-14, 0, !- X,Y,Z Vertex 3 {m}
  -1.4210854715202e-14, 4.44089209850063e-14, 3.048; !- X,Y,Z Vertex 4 {m}

OS:Surface,
  {ed408763-411f-4d68-a55c-a150ee10f122}, !- Handle
  Surface 39,                             !- Name
  Wall,                                   !- Surface Type
  ,                                       !- Construction Name
  {dbfc452c-12d3-4065-b858-a32712611095}, !- Space Name
  Surface,                                !- Outside Boundary Condition
  {115ed3f2-d9ec-42e4-ab97-6ee70f10c204}, !- Outside Boundary Condition Object
  NoSun,                                  !- Sun Exposure
  NoWind,                                 !- Wind Exposure
  ,                                       !- View Factor to Ground
  ,                                       !- Number of Vertices
  4.57199999999998, 4.57200000000001, 3.048, !- X,Y,Z Vertex 1 {m}
  4.57199999999998, 4.57200000000001, 0,  !- X,Y,Z Vertex 2 {m}
  -1.4210854715202e-14, 4.57200000000001, 0, !- X,Y,Z Vertex 3 {m}
  -1.4210854715202e-14, 4.57200000000001, 3.048; !- X,Y,Z Vertex 4 {m}

OS:Surface,
  {b5c62930-4093-44b9-be3f-98c2624ab616}, !- Handle
  Surface 40,                             !- Name
  Wall,                                   !- Surface Type
  ,                                       !- Construction Name
  {dbfc452c-12d3-4065-b858-a32712611095}, !- Space Name
  Outdoors,                               !- Outside Boundary Condition
  ,                                       !- Outside Boundary Condition Object
  SunExposed,                             !- Sun Exposure
  WindExposed,                            !- Wind Exposure
  ,                                       !- View Factor to Ground
  ,                                       !- Number of Vertices
  4.57199999999998, 4.57200000000001, 3.048, !- X,Y,Z Vertex 1 {m}
  4.57199999999998, 4.44089209850063e-14, 3.048, !- X,Y,Z Vertex 2 {m}
  4.57199999999998, 4.44089209850063e-14, 0, !- X,Y,Z Vertex 3 {m}
  4.57199999999998, 4.57200000000001, 0;  !- X,Y,Z Vertex 4 {m}

OS:Surface,
  {3267eb4c-9f59-4fc6-b5d0-73746661d078}, !- Handle
  Surface 41,                             !- Name
  Wall,                                   !- Surface Type
  ,                                       !- Construction Name
  {dbfc452c-12d3-4065-b858-a32712611095}, !- Space Name
  Outdoors,                               !- Outside Boundary Condition
  ,                                       !- Outside Boundary Condition Object
  SunExposed,                             !- Sun Exposure
  WindExposed,                            !- Wind Exposure
  ,                                       !- View Factor to Ground
  ,                                       !- Number of Vertices
  4.57199999999998, 4.44089209850063e-14, 3.048, !- X,Y,Z Vertex 1 {m}
  -1.4210854715202e-14, 4.44089209850063e-14, 3.048, !- X,Y,Z Vertex 2 {m}
  -1.4210854715202e-14, 4.44089209850063e-14, 0, !- X,Y,Z Vertex 3 {m}
  4.57199999999998, 4.44089209850063e-14, 0; !- X,Y,Z Vertex 4 {m}

OS:Surface,
  {f1f57f1a-b0ec-4e2e-b87d-379ec0b42614}, !- Handle
  Surface 42,                             !- Name
  RoofCeiling,                            !- Surface Type
  ,                                       !- Construction Name
  {dbfc452c-12d3-4065-b858-a32712611095}, !- Space Name
  Outdoors,                               !- Outside Boundary Condition
  ,                                       !- Outside Boundary Condition Object
  SunExposed,                             !- Sun Exposure
  WindExposed,                            !- Wind Exposure
  ,                                       !- View Factor to Ground
  ,                                       !- Number of Vertices
  4.57199999999998, 4.44089209850063e-14, 3.048, !- X,Y,Z Vertex 1 {m}
  4.57199999999998, 4.57200000000001, 3.048, !- X,Y,Z Vertex 2 {m}
  -1.4210854715202e-14, 4.57200000000001, 3.048, !- X,Y,Z Vertex 3 {m}
  -1.4210854715202e-14, 4.44089209850063e-14, 3.048; !- X,Y,Z Vertex 4 {m}

OS:ThermalZone,
  {1b9aa88e-7e8a-4e5c-bd5f-f94ca139e8d0}, !- Handle
  Zone Office WholeBuilding - Sm Office A end_b - Story Ground, !- Name
  1,                                      !- Multiplier
  ,                                       !- Ceiling Height {m}
  ,                                       !- Volume {m3}
  ,                                       !- Floor Area {m2}
  ,                                       !- Zone Inside Convection Algorithm
  ,                                       !- Zone Outside Convection Algorithm
  ,                                       !- Zone Conditioning Equipment List Name
  {00679d77-16d3-4667-95ae-6ccae609f089}, !- Zone Air Inlet Port List
  {ee881378-908c-4cbf-a894-87116352615a}, !- Zone Air Exhaust Port List
  {2cc1df91-1246-4e47-b66a-8639c1f97d5f}, !- Zone Air Node Name
  {14aacc2f-bcef-4b46-ae9f-cc1bdb09651f}, !- Zone Return Air Port List
  ,                                       !- Primary Daylighting Control Name
  ,                                       !- Fraction of Zone Controlled by Primary Daylighting Control
  ,                                       !- Secondary Daylighting Control Name
  ,                                       !- Fraction of Zone Controlled by Secondary Daylighting Control
  ,                                       !- Illuminance Map Name
  ,                                       !- Group Rendering Name
  {bec0efd8-beff-415f-94a6-50c44e80faad}, !- Thermostat Name
  No;                                     !- Use Ideal Air Loads

OS:Node,
  {24f60b25-2171-4fc5-b0b9-950347473812}, !- Handle
  Zone Office WholeBuilding - Sm Office A end_b - Story Ground Zone Air Node, !- Name
  {2cc1df91-1246-4e47-b66a-8639c1f97d5f}, !- Inlet Port
  ;                                       !- Outlet Port

OS:Connection,
  {2cc1df91-1246-4e47-b66a-8639c1f97d5f}, !- Handle
  {1b9aa88e-7e8a-4e5c-bd5f-f94ca139e8d0}, !- Source Object
  11,                                     !- Outlet Port
  {24f60b25-2171-4fc5-b0b9-950347473812}, !- Target Object
  2;                                      !- Inlet Port

OS:PortList,
  {00679d77-16d3-4667-95ae-6ccae609f089}, !- Handle
  {1b9aa88e-7e8a-4e5c-bd5f-f94ca139e8d0}, !- HVAC Component
  {3b321c0c-6c67-4e6a-8c5e-3f35a77807a8}; !- Port 1

OS:PortList,
  {ee881378-908c-4cbf-a894-87116352615a}, !- Handle
  {1b9aa88e-7e8a-4e5c-bd5f-f94ca139e8d0}; !- HVAC Component

OS:PortList,
  {14aacc2f-bcef-4b46-ae9f-cc1bdb09651f}, !- Handle
  {1b9aa88e-7e8a-4e5c-bd5f-f94ca139e8d0}, !- HVAC Component
  {50ddec34-84bb-4843-ba26-9ab32c1565cd}; !- Port 1

OS:Sizing:Zone,
  {562592fa-81ea-4a7e-b186-e675892a6680}, !- Handle
  {1b9aa88e-7e8a-4e5c-bd5f-f94ca139e8d0}, !- Zone or ZoneList Name
  SupplyAirTemperature,                   !- Zone Cooling Design Supply Air Temperature Input Method
  12.7777777777778,                       !- Zone Cooling Design Supply Air Temperature {C}
  11.11,                                  !- Zone Cooling Design Supply Air Temperature Difference {deltaC}
  SupplyAirTemperature,                   !- Zone Heating Design Supply Air Temperature Input Method
  50.0000000000001,                       !- Zone Heating Design Supply Air Temperature {C}
  11.11,                                  !- Zone Heating Design Supply Air Temperature Difference {deltaC}
  0.0085,                                 !- Zone Cooling Design Supply Air Humidity Ratio {kg-H2O/kg-air}
  0.008,                                  !- Zone Heating Design Supply Air Humidity Ratio {kg-H2O/kg-air}
  ,                                       !- Zone Heating Sizing Factor
  ,                                       !- Zone Cooling Sizing Factor
  DesignDay,                              !- Cooling Design Air Flow Method
  ,                                       !- Cooling Design Air Flow Rate {m3/s}
  ,                                       !- Cooling Minimum Air Flow per Zone Floor Area {m3/s-m2}
  ,                                       !- Cooling Minimum Air Flow {m3/s}
  ,                                       !- Cooling Minimum Air Flow Fraction
  DesignDay,                              !- Heating Design Air Flow Method
  ,                                       !- Heating Design Air Flow Rate {m3/s}
  ,                                       !- Heating Maximum Air Flow per Zone Floor Area {m3/s-m2}
  ,                                       !- Heating Maximum Air Flow {m3/s}
  ,                                       !- Heating Maximum Air Flow Fraction
  No,                                     !- Account for Dedicated Outdoor Air System
  NeutralSupplyAir,                       !- Dedicated Outdoor Air System Control Strategy
  autosize,                               !- Dedicated Outdoor Air Low Setpoint Temperature for Design {C}
  autosize,                               !- Dedicated Outdoor Air High Setpoint Temperature for Design {C}
  Sensible Load Only No Latent Load,      !- Zone Load Sizing Method
  HumidityRatioDifference,                !- Zone Latent Cooling Design Supply Air Humidity Ratio Input Method
  ,                                       !- Zone Dehumidification Design Supply Air Humidity Ratio {kgWater/kgDryAir}
  0.005,                                  !- Zone Cooling Design Supply Air Humidity Ratio Difference {kgWater/kgDryAir}
  HumidityRatioDifference,                !- Zone Latent Heating Design Supply Air Humidity Ratio Input Method
  ,                                       !- Zone Humidification Design Supply Air Humidity Ratio {kgWater/kgDryAir}
  0.005;                                  !- Zone Humidification Design Supply Air Humidity Ratio Difference {kgWater/kgDryAir}

OS:ZoneHVAC:EquipmentList,
  {8c76aec7-4407-4df6-b896-fb6dd94970f4}, !- Handle
  Zone Office WholeBuilding - Sm Office A end_b - Story Ground Zone HVAC Equipment List, !- Name
  {1b9aa88e-7e8a-4e5c-bd5f-f94ca139e8d0}, !- Thermal Zone
  ,                                       !- Load Distribution Scheme
  {b6bfe86e-6ab6-48d7-b86b-3f83085aa9d2}, !- Zone Equipment 1
  1,                                      !- Zone Equipment Cooling Sequence 1
  1,                                      !- Zone Equipment Heating or No-Load Sequence 1
  ,                                       !- Zone Equipment Sequential Cooling Fraction Schedule Name 1
  ;                                       !- Zone Equipment Sequential Heating Fraction Schedule Name 1

OS:Space,
  {59b20e60-996f-4c07-a1c0-c430fc054431}, !- Handle
  Office WholeBuilding - Sm Office B end_b - Story Ground, !- Name
  {c7ab6396-23ee-4da3-a1cc-c91c298fb414}, !- Space Type Name
  ,                                       !- Default Construction Set Name
  ,                                       !- Default Schedule Set Name
  -0,                                     !- Direction of Relative North {deg}
  14.0931118400078,                       !- X Origin {m}
  -7.87140789333854,                      !- Y Origin {m}
  0,                                      !- Z Origin {m}
  {3e70f64d-a80e-4262-b908-ae60824928b1}, !- Building Story Name
  {229a3a09-ce75-419c-81cf-75342de5e997}; !- Thermal Zone Name

OS:Surface,
  {aa383910-7450-4e0e-ac57-d46093d108a2}, !- Handle
  Surface 43,                             !- Name
  Floor,                                  !- Surface Type
  {68849fe6-ea94-46d6-a6b2-0e9ccef1a63b}, !- Construction Name
  {59b20e60-996f-4c07-a1c0-c430fc054431}, !- Space Name
  GroundFCfactorMethod,                   !- Outside Boundary Condition
  ,                                       !- Outside Boundary Condition Object
  NoSun,                                  !- Sun Exposure
  NoWind,                                 !- Wind Exposure
  ,                                       !- View Factor to Ground
  ,                                       !- Number of Vertices
  -1.4210854715202e-14, 5.32907051820075e-15, 0, !- X,Y,Z Vertex 1 {m}
  -1.4210854715202e-14, 15.7428157866771, 0, !- X,Y,Z Vertex 2 {m}
  4.57199999999998, 15.7428157866771, 0,  !- X,Y,Z Vertex 3 {m}
  4.57199999999998, 5.32907051820075e-15, 0; !- X,Y,Z Vertex 4 {m}

OS:Surface,
  {5dcafb83-d10f-42b8-a9fc-b25b6b13e28e}, !- Handle
  Surface 44,                             !- Name
  Wall,                                   !- Surface Type
  ,                                       !- Construction Name
  {59b20e60-996f-4c07-a1c0-c430fc054431}, !- Space Name
  Surface,                                !- Outside Boundary Condition
  {579833fa-9376-48f2-8ebd-0742785647cc}, !- Outside Boundary Condition Object
  NoSun,                                  !- Sun Exposure
  NoWind,                                 !- Wind Exposure
  ,                                       !- View Factor to Ground
  ,                                       !- Number of Vertices
  -1.4210854715202e-14, 15.7428157866771, 3.048, !- X,Y,Z Vertex 1 {m}
  -1.4210854715202e-14, 15.7428157866771, 0, !- X,Y,Z Vertex 2 {m}
  -1.4210854715202e-14, 5.32907051820075e-15, 0, !- X,Y,Z Vertex 3 {m}
  -1.4210854715202e-14, 5.32907051820075e-15, 3.048; !- X,Y,Z Vertex 4 {m}

OS:Surface,
  {842874a9-e1b5-476d-85fc-452a09f4a4f0}, !- Handle
  Surface 45,                             !- Name
  Wall,                                   !- Surface Type
  ,                                       !- Construction Name
  {59b20e60-996f-4c07-a1c0-c430fc054431}, !- Space Name
  Surface,                                !- Outside Boundary Condition
  {7b1a3f5c-e4a5-4692-9ef6-54e47e2b98a3}, !- Outside Boundary Condition Object
  NoSun,                                  !- Sun Exposure
  NoWind,                                 !- Wind Exposure
  ,                                       !- View Factor to Ground
  ,                                       !- Number of Vertices
  4.57199999999998, 15.7428157866771, 3.048, !- X,Y,Z Vertex 1 {m}
  4.57199999999998, 15.7428157866771, 0,  !- X,Y,Z Vertex 2 {m}
  -1.4210854715202e-14, 15.7428157866771, 0, !- X,Y,Z Vertex 3 {m}
  -1.4210854715202e-14, 15.7428157866771, 3.048; !- X,Y,Z Vertex 4 {m}

OS:Surface,
  {d9d50f1b-1aea-4b57-9367-705db5907304}, !- Handle
  Surface 46,                             !- Name
  Wall,                                   !- Surface Type
  ,                                       !- Construction Name
  {59b20e60-996f-4c07-a1c0-c430fc054431}, !- Space Name
  Outdoors,                               !- Outside Boundary Condition
  ,                                       !- Outside Boundary Condition Object
  SunExposed,                             !- Sun Exposure
  WindExposed,                            !- Wind Exposure
  ,                                       !- View Factor to Ground
  ,                                       !- Number of Vertices
  4.57199999999998, 15.7428157866771, 3.048, !- X,Y,Z Vertex 1 {m}
  4.57199999999998, 5.32907051820075e-15, 3.048, !- X,Y,Z Vertex 2 {m}
  4.57199999999998, 5.32907051820075e-15, 0, !- X,Y,Z Vertex 3 {m}
  4.57199999999998, 15.7428157866771, 0;  !- X,Y,Z Vertex 4 {m}

OS:Surface,
  {115ed3f2-d9ec-42e4-ab97-6ee70f10c204}, !- Handle
  Surface 47,                             !- Name
  Wall,                                   !- Surface Type
  ,                                       !- Construction Name
  {59b20e60-996f-4c07-a1c0-c430fc054431}, !- Space Name
  Surface,                                !- Outside Boundary Condition
  {ed408763-411f-4d68-a55c-a150ee10f122}, !- Outside Boundary Condition Object
  NoSun,                                  !- Sun Exposure
  NoWind,                                 !- Wind Exposure
  ,                                       !- View Factor to Ground
  ,                                       !- Number of Vertices
  -1.4210854715202e-14, 4.88498130835069e-14, 3.048, !- X,Y,Z Vertex 1 {m}
  -1.4210854715202e-14, 4.88498130835069e-14, 0, !- X,Y,Z Vertex 2 {m}
  4.57199999999998, 4.88498130835069e-14, 0, !- X,Y,Z Vertex 3 {m}
  4.57199999999998, 4.88498130835069e-14, 3.048; !- X,Y,Z Vertex 4 {m}

OS:Surface,
  {3d86dca4-64ce-4c3c-8e1c-1d33f1a56cf9}, !- Handle
  Surface 48,                             !- Name
  RoofCeiling,                            !- Surface Type
  ,                                       !- Construction Name
  {59b20e60-996f-4c07-a1c0-c430fc054431}, !- Space Name
  Outdoors,                               !- Outside Boundary Condition
  ,                                       !- Outside Boundary Condition Object
  SunExposed,                             !- Sun Exposure
  WindExposed,                            !- Wind Exposure
  ,                                       !- View Factor to Ground
  ,                                       !- Number of Vertices
  4.57199999999998, 5.32907051820075e-15, 3.048, !- X,Y,Z Vertex 1 {m}
  4.57199999999998, 15.7428157866771, 3.048, !- X,Y,Z Vertex 2 {m}
  -1.4210854715202e-14, 15.7428157866771, 3.048, !- X,Y,Z Vertex 3 {m}
  -1.4210854715202e-14, 5.32907051820075e-15, 3.048; !- X,Y,Z Vertex 4 {m}

OS:ThermalZone,
  {229a3a09-ce75-419c-81cf-75342de5e997}, !- Handle
  Zone Office WholeBuilding - Sm Office B end_b - Story Ground, !- Name
  1,                                      !- Multiplier
  ,                                       !- Ceiling Height {m}
  ,                                       !- Volume {m3}
  ,                                       !- Floor Area {m2}
  ,                                       !- Zone Inside Convection Algorithm
  ,                                       !- Zone Outside Convection Algorithm
  ,                                       !- Zone Conditioning Equipment List Name
  {73974f21-ce04-491c-a350-64857232d312}, !- Zone Air Inlet Port List
  {45aec21d-1b48-44e2-bdbd-b23fc1b33647}, !- Zone Air Exhaust Port List
  {a48d7241-2ae4-4aa5-bf0a-351a645b5ed7}, !- Zone Air Node Name
  {ab2cffde-dd0e-4fdb-8004-c00996a4ce06}, !- Zone Return Air Port List
  ,                                       !- Primary Daylighting Control Name
  ,                                       !- Fraction of Zone Controlled by Primary Daylighting Control
  ,                                       !- Secondary Daylighting Control Name
  ,                                       !- Fraction of Zone Controlled by Secondary Daylighting Control
  ,                                       !- Illuminance Map Name
  ,                                       !- Group Rendering Name
  {e96c4599-c22f-4bee-9f34-608544436e56}, !- Thermostat Name
  No;                                     !- Use Ideal Air Loads

OS:Node,
  {41485950-7dda-4a40-a9b6-af866166d887}, !- Handle
  Zone Office WholeBuilding - Sm Office B end_b - Story Ground Zone Air Node, !- Name
  {a48d7241-2ae4-4aa5-bf0a-351a645b5ed7}, !- Inlet Port
  ;                                       !- Outlet Port

OS:Connection,
  {a48d7241-2ae4-4aa5-bf0a-351a645b5ed7}, !- Handle
  {229a3a09-ce75-419c-81cf-75342de5e997}, !- Source Object
  11,                                     !- Outlet Port
  {41485950-7dda-4a40-a9b6-af866166d887}, !- Target Object
  2;                                      !- Inlet Port

OS:PortList,
  {73974f21-ce04-491c-a350-64857232d312}, !- Handle
  {229a3a09-ce75-419c-81cf-75342de5e997}, !- HVAC Component
  {56c1fecc-17d0-4051-baf5-d3ec85a39dc2}; !- Port 1

OS:PortList,
  {45aec21d-1b48-44e2-bdbd-b23fc1b33647}, !- Handle
  {229a3a09-ce75-419c-81cf-75342de5e997}; !- HVAC Component

OS:PortList,
  {ab2cffde-dd0e-4fdb-8004-c00996a4ce06}, !- Handle
  {229a3a09-ce75-419c-81cf-75342de5e997}, !- HVAC Component
  {8c6f834e-6b34-41ab-8b65-b822da46fd4e}; !- Port 1

OS:Sizing:Zone,
  {f09c8b57-9e1b-4733-9543-f7e3313e5188}, !- Handle
  {229a3a09-ce75-419c-81cf-75342de5e997}, !- Zone or ZoneList Name
  SupplyAirTemperature,                   !- Zone Cooling Design Supply Air Temperature Input Method
  12.7777777777778,                       !- Zone Cooling Design Supply Air Temperature {C}
  11.11,                                  !- Zone Cooling Design Supply Air Temperature Difference {deltaC}
  SupplyAirTemperature,                   !- Zone Heating Design Supply Air Temperature Input Method
  50.0000000000001,                       !- Zone Heating Design Supply Air Temperature {C}
  11.11,                                  !- Zone Heating Design Supply Air Temperature Difference {deltaC}
  0.0085,                                 !- Zone Cooling Design Supply Air Humidity Ratio {kg-H2O/kg-air}
  0.008,                                  !- Zone Heating Design Supply Air Humidity Ratio {kg-H2O/kg-air}
  ,                                       !- Zone Heating Sizing Factor
  ,                                       !- Zone Cooling Sizing Factor
  DesignDay,                              !- Cooling Design Air Flow Method
  ,                                       !- Cooling Design Air Flow Rate {m3/s}
  ,                                       !- Cooling Minimum Air Flow per Zone Floor Area {m3/s-m2}
  ,                                       !- Cooling Minimum Air Flow {m3/s}
  ,                                       !- Cooling Minimum Air Flow Fraction
  DesignDay,                              !- Heating Design Air Flow Method
  ,                                       !- Heating Design Air Flow Rate {m3/s}
  ,                                       !- Heating Maximum Air Flow per Zone Floor Area {m3/s-m2}
  ,                                       !- Heating Maximum Air Flow {m3/s}
  ,                                       !- Heating Maximum Air Flow Fraction
  No,                                     !- Account for Dedicated Outdoor Air System
  NeutralSupplyAir,                       !- Dedicated Outdoor Air System Control Strategy
  autosize,                               !- Dedicated Outdoor Air Low Setpoint Temperature for Design {C}
  autosize,                               !- Dedicated Outdoor Air High Setpoint Temperature for Design {C}
  Sensible Load Only No Latent Load,      !- Zone Load Sizing Method
  HumidityRatioDifference,                !- Zone Latent Cooling Design Supply Air Humidity Ratio Input Method
  ,                                       !- Zone Dehumidification Design Supply Air Humidity Ratio {kgWater/kgDryAir}
  0.005,                                  !- Zone Cooling Design Supply Air Humidity Ratio Difference {kgWater/kgDryAir}
  HumidityRatioDifference,                !- Zone Latent Heating Design Supply Air Humidity Ratio Input Method
  ,                                       !- Zone Humidification Design Supply Air Humidity Ratio {kgWater/kgDryAir}
  0.005;                                  !- Zone Humidification Design Supply Air Humidity Ratio Difference {kgWater/kgDryAir}

OS:ZoneHVAC:EquipmentList,
  {5f5f3884-4f0d-49c4-a2fc-3a7b2711eff1}, !- Handle
  Zone Office WholeBuilding - Sm Office B end_b - Story Ground Zone HVAC Equipment List, !- Name
  {229a3a09-ce75-419c-81cf-75342de5e997}, !- Thermal Zone
  ,                                       !- Load Distribution Scheme
  {28349590-e240-4cd5-80f7-179c54339a13}, !- Zone Equipment 1
  1,                                      !- Zone Equipment Cooling Sequence 1
  1,                                      !- Zone Equipment Heating or No-Load Sequence 1
  ,                                       !- Zone Equipment Sequential Cooling Fraction Schedule Name 1
  ;                                       !- Zone Equipment Sequential Heating Fraction Schedule Name 1

OS:Space,
  {2077ca4e-43fc-4246-ab9d-1f2b40f39f67}, !- Handle
  Office WholeBuilding - Sm Office C end_b - Story Ground, !- Name
  {c7ab6396-23ee-4da3-a1cc-c91c298fb414}, !- Space Type Name
  ,                                       !- Default Construction Set Name
  ,                                       !- Default Schedule Set Name
  -0,                                     !- Direction of Relative North {deg}
  14.0931118400078,                       !- X Origin {m}
  7.87140789333854,                       !- Y Origin {m}
  0,                                      !- Z Origin {m}
  {3e70f64d-a80e-4262-b908-ae60824928b1}, !- Building Story Name
  {11a1480e-e179-4a8f-b843-db8a1e3b4b2c}; !- Thermal Zone Name

OS:Surface,
  {32fc68ef-98f8-4677-93bd-e8414f8ae6ea}, !- Handle
  Surface 49,                             !- Name
  Floor,                                  !- Surface Type
  {8879df18-fbde-4b7c-bc4a-5cbcc074f7b0}, !- Construction Name
  {2077ca4e-43fc-4246-ab9d-1f2b40f39f67}, !- Space Name
  GroundFCfactorMethod,                   !- Outside Boundary Condition
  ,                                       !- Outside Boundary Condition Object
  NoSun,                                  !- Sun Exposure
  NoWind,                                 !- Wind Exposure
  ,                                       !- View Factor to Ground
  ,                                       !- Number of Vertices
  -1.4210854715202e-14, -5.32907051820075e-15, 0, !- X,Y,Z Vertex 1 {m}
  -1.4210854715202e-14, 4.57199999999996, 0, !- X,Y,Z Vertex 2 {m}
  4.57199999999998, 4.57199999999996, 0,  !- X,Y,Z Vertex 3 {m}
  4.57199999999998, -5.32907051820075e-15, 0; !- X,Y,Z Vertex 4 {m}

OS:Surface,
  {08ef02b3-010f-4c7b-8418-6b1378112b23}, !- Handle
  Surface 50,                             !- Name
  Wall,                                   !- Surface Type
  ,                                       !- Construction Name
  {2077ca4e-43fc-4246-ab9d-1f2b40f39f67}, !- Space Name
  Surface,                                !- Outside Boundary Condition
  {4019530c-99a5-4405-ab0e-8e92fcbfc153}, !- Outside Boundary Condition Object
  NoSun,                                  !- Sun Exposure
  NoWind,                                 !- Wind Exposure
  ,                                       !- View Factor to Ground
  ,                                       !- Number of Vertices
  -1.4210854715202e-14, 4.57199999999996, 3.048, !- X,Y,Z Vertex 1 {m}
  -1.4210854715202e-14, 4.57199999999996, 0, !- X,Y,Z Vertex 2 {m}
  -1.4210854715202e-14, -5.32907051820075e-15, 0, !- X,Y,Z Vertex 3 {m}
  -1.4210854715202e-14, -5.32907051820075e-15, 3.048; !- X,Y,Z Vertex 4 {m}

OS:Surface,
  {c358ab03-a641-45bd-88a6-622e748fb2e4}, !- Handle
  Surface 51,                             !- Name
  Wall,                                   !- Surface Type
  ,                                       !- Construction Name
  {2077ca4e-43fc-4246-ab9d-1f2b40f39f67}, !- Space Name
  Outdoors,                               !- Outside Boundary Condition
  ,                                       !- Outside Boundary Condition Object
  SunExposed,                             !- Sun Exposure
  WindExposed,                            !- Wind Exposure
  ,                                       !- View Factor to Ground
  ,                                       !- Number of Vertices
  -1.4210854715202e-14, 4.57199999999996, 3.048, !- X,Y,Z Vertex 1 {m}
  4.57199999999998, 4.57199999999996, 3.048, !- X,Y,Z Vertex 2 {m}
  4.57199999999998, 4.57199999999996, 0,  !- X,Y,Z Vertex 3 {m}
  -1.4210854715202e-14, 4.57199999999996, 0; !- X,Y,Z Vertex 4 {m}

OS:Surface,
  {d8c93ccd-9de7-40b6-9876-733887c46374}, !- Handle
  Surface 52,                             !- Name
  Wall,                                   !- Surface Type
  ,                                       !- Construction Name
  {2077ca4e-43fc-4246-ab9d-1f2b40f39f67}, !- Space Name
  Outdoors,                               !- Outside Boundary Condition
  ,                                       !- Outside Boundary Condition Object
  SunExposed,                             !- Sun Exposure
  WindExposed,                            !- Wind Exposure
  ,                                       !- View Factor to Ground
  ,                                       !- Number of Vertices
  4.57199999999998, 4.57199999999996, 3.048, !- X,Y,Z Vertex 1 {m}
  4.57199999999998, -5.32907051820075e-15, 3.048, !- X,Y,Z Vertex 2 {m}
  4.57199999999998, -5.32907051820075e-15, 0, !- X,Y,Z Vertex 3 {m}
  4.57199999999998, 4.57199999999996, 0;  !- X,Y,Z Vertex 4 {m}

OS:Surface,
  {7b1a3f5c-e4a5-4692-9ef6-54e47e2b98a3}, !- Handle
  Surface 53,                             !- Name
  Wall,                                   !- Surface Type
  ,                                       !- Construction Name
  {2077ca4e-43fc-4246-ab9d-1f2b40f39f67}, !- Space Name
  Surface,                                !- Outside Boundary Condition
  {842874a9-e1b5-476d-85fc-452a09f4a4f0}, !- Outside Boundary Condition Object
  NoSun,                                  !- Sun Exposure
  NoWind,                                 !- Wind Exposure
  ,                                       !- View Factor to Ground
  ,                                       !- Number of Vertices
  -1.4210854715202e-14, -5.32907051820075e-15, 3.048, !- X,Y,Z Vertex 1 {m}
  -1.4210854715202e-14, -5.32907051820075e-15, 0, !- X,Y,Z Vertex 2 {m}
  4.57199999999998, -5.32907051820075e-15, 0, !- X,Y,Z Vertex 3 {m}
  4.57199999999998, -5.32907051820075e-15, 3.048; !- X,Y,Z Vertex 4 {m}

OS:Surface,
  {91f2d158-663a-47b3-b85d-627610a831be}, !- Handle
  Surface 54,                             !- Name
  RoofCeiling,                            !- Surface Type
  ,                                       !- Construction Name
  {2077ca4e-43fc-4246-ab9d-1f2b40f39f67}, !- Space Name
  Outdoors,                               !- Outside Boundary Condition
  ,                                       !- Outside Boundary Condition Object
  SunExposed,                             !- Sun Exposure
  WindExposed,                            !- Wind Exposure
  ,                                       !- View Factor to Ground
  ,                                       !- Number of Vertices
  4.57199999999998, -5.32907051820075e-15, 3.048, !- X,Y,Z Vertex 1 {m}
  4.57199999999998, 4.57199999999996, 3.048, !- X,Y,Z Vertex 2 {m}
  -1.4210854715202e-14, 4.57199999999996, 3.048, !- X,Y,Z Vertex 3 {m}
  -1.4210854715202e-14, -5.32907051820075e-15, 3.048; !- X,Y,Z Vertex 4 {m}

OS:ThermalZone,
  {11a1480e-e179-4a8f-b843-db8a1e3b4b2c}, !- Handle
  Zone Office WholeBuilding - Sm Office C end_b - Story Ground, !- Name
  1,                                      !- Multiplier
  ,                                       !- Ceiling Height {m}
  ,                                       !- Volume {m3}
  ,                                       !- Floor Area {m2}
  ,                                       !- Zone Inside Convection Algorithm
  ,                                       !- Zone Outside Convection Algorithm
  ,                                       !- Zone Conditioning Equipment List Name
  {00733aa5-6003-41ab-bd1b-e1a7bec97623}, !- Zone Air Inlet Port List
  {88e53c9b-5cad-4482-a9ce-141ef6162bef}, !- Zone Air Exhaust Port List
  {d4a09d15-24b4-4a86-9b19-4cfba3be2fab}, !- Zone Air Node Name
  {ac69d9f9-565b-454c-98d2-a214d5c1ab16}, !- Zone Return Air Port List
  ,                                       !- Primary Daylighting Control Name
  ,                                       !- Fraction of Zone Controlled by Primary Daylighting Control
  ,                                       !- Secondary Daylighting Control Name
  ,                                       !- Fraction of Zone Controlled by Secondary Daylighting Control
  ,                                       !- Illuminance Map Name
  ,                                       !- Group Rendering Name
  {640ada8c-6de7-4136-a7a7-1ffad19193e4}, !- Thermostat Name
  No;                                     !- Use Ideal Air Loads

OS:Node,
  {df7630c0-6574-4440-86f2-57c4c5e72342}, !- Handle
  Zone Office WholeBuilding - Sm Office C end_b - Story Ground Zone Air Node, !- Name
  {d4a09d15-24b4-4a86-9b19-4cfba3be2fab}, !- Inlet Port
  ;                                       !- Outlet Port

OS:Connection,
  {d4a09d15-24b4-4a86-9b19-4cfba3be2fab}, !- Handle
  {11a1480e-e179-4a8f-b843-db8a1e3b4b2c}, !- Source Object
  11,                                     !- Outlet Port
  {df7630c0-6574-4440-86f2-57c4c5e72342}, !- Target Object
  2;                                      !- Inlet Port

OS:PortList,
  {00733aa5-6003-41ab-bd1b-e1a7bec97623}, !- Handle
  {11a1480e-e179-4a8f-b843-db8a1e3b4b2c}, !- HVAC Component
  {6f51ce35-468f-45d3-a332-9453a088e8fb}; !- Port 1

OS:PortList,
  {88e53c9b-5cad-4482-a9ce-141ef6162bef}, !- Handle
  {11a1480e-e179-4a8f-b843-db8a1e3b4b2c}; !- HVAC Component

OS:PortList,
  {ac69d9f9-565b-454c-98d2-a214d5c1ab16}, !- Handle
  {11a1480e-e179-4a8f-b843-db8a1e3b4b2c}, !- HVAC Component
  {71ccd1b8-cd41-430a-87c8-16edbafa8ea8}; !- Port 1

OS:Sizing:Zone,
  {242742c5-5cc2-448c-aa6c-604fc668c4e3}, !- Handle
  {11a1480e-e179-4a8f-b843-db8a1e3b4b2c}, !- Zone or ZoneList Name
  SupplyAirTemperature,                   !- Zone Cooling Design Supply Air Temperature Input Method
  12.7777777777778,                       !- Zone Cooling Design Supply Air Temperature {C}
  11.11,                                  !- Zone Cooling Design Supply Air Temperature Difference {deltaC}
  SupplyAirTemperature,                   !- Zone Heating Design Supply Air Temperature Input Method
  50.0000000000001,                       !- Zone Heating Design Supply Air Temperature {C}
  11.11,                                  !- Zone Heating Design Supply Air Temperature Difference {deltaC}
  0.0085,                                 !- Zone Cooling Design Supply Air Humidity Ratio {kg-H2O/kg-air}
  0.008,                                  !- Zone Heating Design Supply Air Humidity Ratio {kg-H2O/kg-air}
  ,                                       !- Zone Heating Sizing Factor
  ,                                       !- Zone Cooling Sizing Factor
  DesignDay,                              !- Cooling Design Air Flow Method
  ,                                       !- Cooling Design Air Flow Rate {m3/s}
  ,                                       !- Cooling Minimum Air Flow per Zone Floor Area {m3/s-m2}
  ,                                       !- Cooling Minimum Air Flow {m3/s}
  ,                                       !- Cooling Minimum Air Flow Fraction
  DesignDay,                              !- Heating Design Air Flow Method
  ,                                       !- Heating Design Air Flow Rate {m3/s}
  ,                                       !- Heating Maximum Air Flow per Zone Floor Area {m3/s-m2}
  ,                                       !- Heating Maximum Air Flow {m3/s}
  ,                                       !- Heating Maximum Air Flow Fraction
  No,                                     !- Account for Dedicated Outdoor Air System
  NeutralSupplyAir,                       !- Dedicated Outdoor Air System Control Strategy
  autosize,                               !- Dedicated Outdoor Air Low Setpoint Temperature for Design {C}
  autosize,                               !- Dedicated Outdoor Air High Setpoint Temperature for Design {C}
  Sensible Load Only No Latent Load,      !- Zone Load Sizing Method
  HumidityRatioDifference,                !- Zone Latent Cooling Design Supply Air Humidity Ratio Input Method
  ,                                       !- Zone Dehumidification Design Supply Air Humidity Ratio {kgWater/kgDryAir}
  0.005,                                  !- Zone Cooling Design Supply Air Humidity Ratio Difference {kgWater/kgDryAir}
  HumidityRatioDifference,                !- Zone Latent Heating Design Supply Air Humidity Ratio Input Method
  ,                                       !- Zone Humidification Design Supply Air Humidity Ratio {kgWater/kgDryAir}
  0.005;                                  !- Zone Humidification Design Supply Air Humidity Ratio Difference {kgWater/kgDryAir}

OS:ZoneHVAC:EquipmentList,
  {52938390-3bfc-4f77-89f4-3f3c091cf574}, !- Handle
  Zone Office WholeBuilding - Sm Office C end_b - Story Ground Zone HVAC Equipment List, !- Name
  {11a1480e-e179-4a8f-b843-db8a1e3b4b2c}, !- Thermal Zone
  ,                                       !- Load Distribution Scheme
  {022288f6-6ebb-4502-bae6-ef0a0bde5d80}, !- Zone Equipment 1
  1,                                      !- Zone Equipment Cooling Sequence 1
  1,                                      !- Zone Equipment Heating or No-Load Sequence 1
  ,                                       !- Zone Equipment Sequential Cooling Fraction Schedule Name 1
  ;                                       !- Zone Equipment Sequential Heating Fraction Schedule Name 1

OS:SubSurface,
  {6374a454-d1e0-4bef-a29f-6316d51114fd}, !- Handle
  Sub Surface 1,                          !- Name
  FixedWindow,                            !- Sub Surface Type
  ,                                       !- Construction Name
  {fae2eaa0-749d-4158-b4d8-0098ff8c8a6a}, !- Surface Name
  ,                                       !- Outside Boundary Condition Object
  ,                                       !- View Factor to Ground
  ,                                       !- Frame and Divider Name
  ,                                       !- Multiplier
  ,                                       !- Number of Vertices
  0.0254000000000178, 4.44089209850063e-14, 1.22002549885383, !- X,Y,Z Vertex 1 {m}
  0.0254000000000178, 4.44089209850063e-14, 0.762, !- X,Y,Z Vertex 2 {m}
  28.1608236800156, 4.44089209850063e-14, 0.762, !- X,Y,Z Vertex 3 {m}
  28.1608236800156, 4.44089209850063e-14, 1.22002549885383; !- X,Y,Z Vertex 4 {m}

OS:SubSurface,
  {87e29939-96cc-4291-bb79-0e26a0cfd116}, !- Handle
  Sub Surface 2,                          !- Name
  FixedWindow,                            !- Sub Surface Type
  ,                                       !- Construction Name
  {7d9ef296-5d55-46fc-9ed0-249798339f88}, !- Surface Name
  ,                                       !- Outside Boundary Condition Object
  ,                                       !- View Factor to Ground
  ,                                       !- Frame and Divider Name
  ,                                       !- Multiplier
  ,                                       !- Number of Vertices
  1.77635683940025e-14, 4.54660000000001, 1.22433707865169, !- X,Y,Z Vertex 1 {m}
  1.77635683940025e-14, 4.54660000000001, 0.762, !- X,Y,Z Vertex 2 {m}
  1.77635683940025e-14, 0.0254000000000438, 0.762, !- X,Y,Z Vertex 3 {m}
  1.77635683940025e-14, 0.0254000000000438, 1.22433707865169; !- X,Y,Z Vertex 4 {m}

OS:SubSurface,
  {3513dff0-1037-4a82-be5f-466846014c64}, !- Handle
  Sub Surface 3,                          !- Name
  FixedWindow,                            !- Sub Surface Type
  ,                                       !- Construction Name
  {ae3054e5-40a0-4c2f-9b29-ec0f4318eb0f}, !- Surface Name
  ,                                       !- Outside Boundary Condition Object
  ,                                       !- View Factor to Ground
  ,                                       !- Frame and Divider Name
  ,                                       !- Multiplier
  ,                                       !- Number of Vertices
  0.0254000000000178, 4.44089209850063e-14, 1.22433707865169, !- X,Y,Z Vertex 1 {m}
  0.0254000000000178, 4.44089209850063e-14, 0.762, !- X,Y,Z Vertex 2 {m}
  4.54660000000002, 4.44089209850063e-14, 0.762, !- X,Y,Z Vertex 3 {m}
  4.54660000000002, 4.44089209850063e-14, 1.22433707865169; !- X,Y,Z Vertex 4 {m}

OS:SubSurface,
  {a4b36af8-d193-4129-b492-8998efd8d701}, !- Handle
  Sub Surface 4,                          !- Name
  FixedWindow,                            !- Sub Surface Type
  ,                                       !- Construction Name
  {fdfdb3fd-b6e7-49cc-b2ca-61fd11c94d78}, !- Surface Name
  ,                                       !- Outside Boundary Condition Object
  ,                                       !- View Factor to Ground
  ,                                       !- Frame and Divider Name
  ,                                       !- Multiplier
  ,                                       !- Number of Vertices
  1.77635683940025e-14, 15.7174157866771, 1.22068010047375, !- X,Y,Z Vertex 1 {m}
  1.77635683940025e-14, 15.7174157866771, 0.762, !- X,Y,Z Vertex 2 {m}
  1.77635683940025e-14, 0.0254000000000065, 0.762, !- X,Y,Z Vertex 3 {m}
  1.77635683940025e-14, 0.0254000000000065, 1.22068010047375; !- X,Y,Z Vertex 4 {m}

OS:SubSurface,
  {c0d1c7b2-04e6-439d-86be-6898ada69fbe}, !- Handle
  Sub Surface 5,                          !- Name
  FixedWindow,                            !- Sub Surface Type
  ,                                       !- Construction Name
  {ce7be7ca-0d5c-4499-b11a-9a3a1512ecc1}, !- Surface Name
  ,                                       !- Outside Boundary Condition Object
  ,                                       !- View Factor to Ground
  ,                                       !- Frame and Divider Name
  ,                                       !- Multiplier
  ,                                       !- Number of Vertices
  1.77635683940025e-14, 4.54659999999996, 1.22433707865169, !- X,Y,Z Vertex 1 {m}
  1.77635683940025e-14, 4.54659999999996, 0.762, !- X,Y,Z Vertex 2 {m}
  1.77635683940025e-14, 0.0253999999999941, 0.762, !- X,Y,Z Vertex 3 {m}
  1.77635683940025e-14, 0.0253999999999941, 1.22433707865169; !- X,Y,Z Vertex 4 {m}

OS:SubSurface,
  {ca7b8327-5822-4973-ac82-413dc9e4cd96}, !- Handle
  Sub Surface 6,                          !- Name
  FixedWindow,                            !- Sub Surface Type
  ,                                       !- Construction Name
  {c1c59141-ff87-4e53-9941-f3f6a17a89ac}, !- Surface Name
  ,                                       !- Outside Boundary Condition Object
  ,                                       !- View Factor to Ground
  ,                                       !- Frame and Divider Name
  ,                                       !- Multiplier
  ,                                       !- Number of Vertices
  4.54660000000002, 4.57199999999996, 1.22433707865169, !- X,Y,Z Vertex 1 {m}
  4.54660000000002, 4.57199999999996, 0.762, !- X,Y,Z Vertex 2 {m}
  0.0254000000000172, 4.57199999999996, 0.762, !- X,Y,Z Vertex 3 {m}
  0.0254000000000172, 4.57199999999996, 1.22433707865169; !- X,Y,Z Vertex 4 {m}

OS:SubSurface,
  {a14294c7-7afb-44e9-8941-481443696c7d}, !- Handle
  Sub Surface 7,                          !- Name
  FixedWindow,                            !- Sub Surface Type
  ,                                       !- Construction Name
  {712f006d-28da-4a57-939a-9f1570501eda}, !- Surface Name
  ,                                       !- Outside Boundary Condition Object
  ,                                       !- View Factor to Ground
  ,                                       !- Frame and Divider Name
  ,                                       !- Multiplier
  ,                                       !- Number of Vertices
  28.1608236800156, 4.57199999999996, 1.22002549885383, !- X,Y,Z Vertex 1 {m}
  28.1608236800156, 4.57199999999996, 0.762, !- X,Y,Z Vertex 2 {m}
  0.0254000000000154, 4.57199999999996, 0.762, !- X,Y,Z Vertex 3 {m}
  0.0254000000000154, 4.57199999999996, 1.22002549885383; !- X,Y,Z Vertex 4 {m}

OS:SubSurface,
  {4024ede8-ee5f-4bc0-9a1a-4d850e39194c}, !- Handle
  Sub Surface 8,                          !- Name
  FixedWindow,                            !- Sub Surface Type
  ,                                       !- Construction Name
  {3267eb4c-9f59-4fc6-b5d0-73746661d078}, !- Surface Name
  ,                                       !- Outside Boundary Condition Object
  ,                                       !- View Factor to Ground
  ,                                       !- Frame and Divider Name
  ,                                       !- Multiplier
  ,                                       !- Number of Vertices
  0.0253999999999858, 4.44089209850063e-14, 1.22433707865169, !- X,Y,Z Vertex 1 {m}
  0.0253999999999858, 4.44089209850063e-14, 0.762, !- X,Y,Z Vertex 2 {m}
  4.54659999999998, 4.44089209850063e-14, 0.762, !- X,Y,Z Vertex 3 {m}
  4.54659999999998, 4.44089209850063e-14, 1.22433707865169; !- X,Y,Z Vertex 4 {m}

OS:SubSurface,
  {9017b528-f411-44a7-8050-429df38aa783}, !- Handle
  Sub Surface 9,                          !- Name
  FixedWindow,                            !- Sub Surface Type
  ,                                       !- Construction Name
  {b5c62930-4093-44b9-be3f-98c2624ab616}, !- Surface Name
  ,                                       !- Outside Boundary Condition Object
  ,                                       !- View Factor to Ground
  ,                                       !- Frame and Divider Name
  ,                                       !- Multiplier
  ,                                       !- Number of Vertices
  4.57199999999998, 0.0254000000000444, 1.22433707865169, !- X,Y,Z Vertex 1 {m}
  4.57199999999998, 0.0254000000000444, 0.762, !- X,Y,Z Vertex 2 {m}
  4.57199999999998, 4.54660000000001, 0.762, !- X,Y,Z Vertex 3 {m}
  4.57199999999998, 4.54660000000001, 1.22433707865169; !- X,Y,Z Vertex 4 {m}

OS:SubSurface,
  {d61914ab-414c-40f4-a1a7-15d419341a92}, !- Handle
  Sub Surface 10,                         !- Name
  FixedWindow,                            !- Sub Surface Type
  ,                                       !- Construction Name
  {d9d50f1b-1aea-4b57-9367-705db5907304}, !- Surface Name
  ,                                       !- Outside Boundary Condition Object
  ,                                       !- View Factor to Ground
  ,                                       !- Frame and Divider Name
  ,                                       !- Multiplier
  ,                                       !- Number of Vertices
  4.57199999999998, 0.0254000000000053, 1.22068010047375, !- X,Y,Z Vertex 1 {m}
  4.57199999999998, 0.0254000000000053, 0.762, !- X,Y,Z Vertex 2 {m}
  4.57199999999998, 15.7174157866771, 0.762, !- X,Y,Z Vertex 3 {m}
  4.57199999999998, 15.7174157866771, 1.22068010047375; !- X,Y,Z Vertex 4 {m}

OS:SubSurface,
  {2af576ca-c2e9-4abe-b5d5-43771052d80b}, !- Handle
  Sub Surface 11,                         !- Name
  FixedWindow,                            !- Sub Surface Type
  ,                                       !- Construction Name
  {c358ab03-a641-45bd-88a6-622e748fb2e4}, !- Surface Name
  ,                                       !- Outside Boundary Condition Object
  ,                                       !- View Factor to Ground
  ,                                       !- Frame and Divider Name
  ,                                       !- Multiplier
  ,                                       !- Number of Vertices
  4.54659999999998, 4.57199999999996, 1.22433707865169, !- X,Y,Z Vertex 1 {m}
  4.54659999999998, 4.57199999999996, 0.762, !- X,Y,Z Vertex 2 {m}
  0.0253999999999852, 4.57199999999996, 0.762, !- X,Y,Z Vertex 3 {m}
  0.0253999999999852, 4.57199999999996, 1.22433707865169; !- X,Y,Z Vertex 4 {m}

OS:SubSurface,
  {dc20ba8d-88ed-45d0-a6e7-9d1d77527429}, !- Handle
  Sub Surface 12,                         !- Name
  FixedWindow,                            !- Sub Surface Type
  ,                                       !- Construction Name
  {d8c93ccd-9de7-40b6-9876-733887c46374}, !- Surface Name
  ,                                       !- Outside Boundary Condition Object
  ,                                       !- View Factor to Ground
  ,                                       !- Frame and Divider Name
  ,                                       !- Multiplier
  ,                                       !- Number of Vertices
  4.57199999999998, 0.0253999999999947, 1.22433707865169, !- X,Y,Z Vertex 1 {m}
  4.57199999999998, 0.0253999999999947, 0.762, !- X,Y,Z Vertex 2 {m}
  4.57199999999998, 4.54659999999996, 0.762, !- X,Y,Z Vertex 3 {m}
  4.57199999999998, 4.54659999999996, 1.22433707865169; !- X,Y,Z Vertex 4 {m}

OS:People:Definition,
  {e1cf974e-9d6b-4fa0-9f17-1c8f4fc7d1b4}, !- Handle
  Office WholeBuilding - Sm Office People Definition, !- Name
  People/Area,                            !- Number of People Calculation Method
  ,                                       !- Number of People {people}
  0.0602778983335744,                     !- People per Space Floor Area {person/m2}
  ,                                       !- Space Floor Area per Person {m2/person}
  0.3;                                    !- Fraction Radiant

OS:People,
  {68f92391-9c2e-4904-91d0-f08bbe8b8a6b}, !- Handle
  Office WholeBuilding - Sm Office People, !- Name
  {e1cf974e-9d6b-4fa0-9f17-1c8f4fc7d1b4}, !- People Definition Name
  {c7ab6396-23ee-4da3-a1cc-c91c298fb414}, !- Space or SpaceType Name
  ,                                       !- Number of People Schedule Name
  ,                                       !- Activity Level Schedule Name
  ,                                       !- Surface Name/Angle Factor List Name
  {dbc0b14e-8dd8-4486-b5fb-d51a08e07122}, !- Work Efficiency Schedule Name
  {3f8246a2-4eca-4362-aaab-c3db7491a4b7}, !- Clothing Insulation Schedule Name
  {b84c6125-260c-4ede-b63e-8baa7a5930fe}, !- Air Velocity Schedule Name
  1;                                      !- Multiplier

OS:Schedule:Ruleset,
  {3f8246a2-4eca-4362-aaab-c3db7491a4b7}, !- Handle
  Clothing Schedule,                      !- Name
  {390837d1-4f21-4f8b-ab81-b7231b09d41a}, !- Schedule Type Limits Name
  {3e96b3f1-e98c-44df-a84e-6344e884f73a}; !- Default Day Schedule Name

OS:Schedule:Day,
  {3e96b3f1-e98c-44df-a84e-6344e884f73a}, !- Handle
  Clothing Schedule Default Winter Clothes, !- Name
  {390837d1-4f21-4f8b-ab81-b7231b09d41a}, !- Schedule Type Limits Name
  ,                                       !- Interpolate to Timestep
  24,                                     !- Hour 1
  0,                                      !- Minute 1
  1;                                      !- Value Until Time 1

OS:Schedule:Rule,
  {77a9f73c-a953-4fe9-be94-7a36a69b7202}, !- Handle
  Schedule Rule 1,                        !- Name
  {3f8246a2-4eca-4362-aaab-c3db7491a4b7}, !- Schedule Ruleset Name
  0,                                      !- Rule Order
  {861d16cc-ce93-45b4-a4cd-da0240629c92}, !- Day Schedule Name
  ,                                       !- Apply Sunday
  ,                                       !- Apply Monday
  ,                                       !- Apply Tuesday
  ,                                       !- Apply Wednesday
  ,                                       !- Apply Thursday
  ,                                       !- Apply Friday
  ,                                       !- Apply Saturday
  DateRange,                              !- Date Specification Type
  5,                                      !- Start Month
  1,                                      !- Start Day
  9,                                      !- End Month
  30;                                     !- End Day

OS:Schedule:Day,
  {861d16cc-ce93-45b4-a4cd-da0240629c92}, !- Handle
  Clothing Schedule Summer Clothes,       !- Name
  {390837d1-4f21-4f8b-ab81-b7231b09d41a}, !- Schedule Type Limits Name
  ,                                       !- Interpolate to Timestep
  24,                                     !- Hour 1
  0,                                      !- Minute 1
  0.5;                                    !- Value Until Time 1

OS:ScheduleTypeLimits,
  {390837d1-4f21-4f8b-ab81-b7231b09d41a}, !- Handle
  ClothingInsulation,                     !- Name
  0,                                      !- Lower Limit Value
  ,                                       !- Upper Limit Value
  Continuous,                             !- Numeric Type
  ClothingInsulation;                     !- Unit Type

OS:Schedule:Ruleset,
  {b84c6125-260c-4ede-b63e-8baa7a5930fe}, !- Handle
  Air Velocity Schedule,                  !- Name
  {1e85d9ec-6b4a-41c8-87e9-bbc9f0d6884c}, !- Schedule Type Limits Name
  {ccf51ce4-7bf7-444e-81b4-b145abbc0732}; !- Default Day Schedule Name

OS:Schedule:Day,
  {ccf51ce4-7bf7-444e-81b4-b145abbc0732}, !- Handle
  Air Velocity Schedule Default,          !- Name
  {1e85d9ec-6b4a-41c8-87e9-bbc9f0d6884c}, !- Schedule Type Limits Name
  ,                                       !- Interpolate to Timestep
  24,                                     !- Hour 1
  0,                                      !- Minute 1
  0.2;                                    !- Value Until Time 1

OS:ScheduleTypeLimits,
  {1e85d9ec-6b4a-41c8-87e9-bbc9f0d6884c}, !- Handle
  Velocity,                               !- Name
  0,                                      !- Lower Limit Value
  ,                                       !- Upper Limit Value
  Continuous,                             !- Numeric Type
  Velocity;                               !- Unit Type

OS:Schedule:Ruleset,
  {dbc0b14e-8dd8-4486-b5fb-d51a08e07122}, !- Handle
  Work Efficiency Schedule,               !- Name
  {386cd627-c084-42b2-8a0a-3875955c84a9}, !- Schedule Type Limits Name
  {fe4787b7-5c7e-4028-b265-135bc89591ae}; !- Default Day Schedule Name

OS:Schedule:Day,
  {fe4787b7-5c7e-4028-b265-135bc89591ae}, !- Handle
  Work Efficiency Schedule Default,       !- Name
  {386cd627-c084-42b2-8a0a-3875955c84a9}, !- Schedule Type Limits Name
  ,                                       !- Interpolate to Timestep
  24,                                     !- Hour 1
  0,                                      !- Minute 1
  0;                                      !- Value Until Time 1

OS:ScheduleTypeLimits,
  {386cd627-c084-42b2-8a0a-3875955c84a9}, !- Handle
  Fractional,                             !- Name
  0,                                      !- Lower Limit Value
  1,                                      !- Upper Limit Value
  Continuous;                             !- Numeric Type

OS:Lights:Definition,
  {f9cd3c84-276b-4148-b3de-af8eafcd5e9a}, !- Handle
  Office WholeBuilding - Sm Office Lights Definition, !- Name
  Watts/Area,                             !- Design Level Calculation Method
  ,                                       !- Lighting Level {W}
  9.68751937503875,                       !- Watts per Space Floor Area {W/m2}
  ,                                       !- Watts per Person {W/person}
  0.7,                                    !- Fraction Radiant
  0.2,                                    !- Fraction Visible
  0;                                      !- Return Air Fraction

OS:Lights,
  {4c1b562c-12d2-4d2e-addd-6ca51e33bc00}, !- Handle
  Office WholeBuilding - Sm Office Lights, !- Name
  {f9cd3c84-276b-4148-b3de-af8eafcd5e9a}, !- Lights Definition Name
  {c7ab6396-23ee-4da3-a1cc-c91c298fb414}, !- Space or SpaceType Name
  ,                                       !- Schedule Name
  1,                                      !- Fraction Replaceable
  ,                                       !- Multiplier
  General;                                !- End-Use Subcategory

OS:AdditionalProperties,
  {cd3d3391-72a6-4166-9e89-99c1124f1178}, !- Handle
  {f9cd3c84-276b-4148-b3de-af8eafcd5e9a}, !- Object Name
  lpd_fraction_linear_fluorescent,        !- Feature Name 1
  Double,                                 !- Feature Data Type 1
  1;                                      !- Feature Value 1

OS:ElectricEquipment:Definition,
  {d91116c7-fa89-411e-8e9f-5245036202f5}, !- Handle
  Office WholeBuilding - Sm Office Elec Equip Definition, !- Name
  Watts/Area,                             !- Design Level Calculation Method
  ,                                       !- Design Level {W}
  6.78126356252712,                       !- Watts per Space Floor Area {W/m2}
  ,                                       !- Watts per Person {W/person}
  0,                                      !- Fraction Latent
  0.5,                                    !- Fraction Radiant
  0;                                      !- Fraction Lost

OS:ElectricEquipment,
  {7527d941-5445-405a-9bba-2e32c526be6f}, !- Handle
  Office WholeBuilding - Sm Office Elec Equip, !- Name
  {d91116c7-fa89-411e-8e9f-5245036202f5}, !- Electric Equipment Definition Name
  {c7ab6396-23ee-4da3-a1cc-c91c298fb414}, !- Space or SpaceType Name
  ,                                       !- Schedule Name
  ,                                       !- Multiplier
  General;                                !- End-Use Subcategory

OS:DesignSpecification:OutdoorAir,
  {bd456287-d3a7-4952-8325-7f17bb392fd4}, !- Handle
  Office WholeBuilding - Sm Office Ventilation, !- Name
  Sum,                                    !- Outdoor Air Method
  ,                                       !- Outdoor Air Flow per Person {m3/s-person}
  0.0004318,                              !- Outdoor Air Flow per Floor Area {m3/s-m2}
  ,                                       !- Outdoor Air Flow Rate {m3/s}
  ,                                       !- Outdoor Air Flow Air Changes per Hour {1/hr}
  ;                                       !- Outdoor Air Flow Rate Fraction Schedule Name

OS:DefaultScheduleSet,
  {a79ff3fd-4419-4096-963e-3028f6ee99cb}, !- Handle
  Office WholeBuilding - Sm Office Schedule Set, !- Name
  ,                                       !- Hours of Operation Schedule Name
  {2452d6e3-880b-4a9b-aaa1-3b87675ec223}, !- Number of People Schedule Name
  {f81b389a-e392-4999-937d-249209a6bc05}, !- People Activity Level Schedule Name
  {73b0a6be-be0f-45a8-aa5c-197d75ffd98f}, !- Lighting Schedule Name
  {6981d5bd-17a0-4c33-a8f1-36538107dca6}, !- Electric Equipment Schedule Name
  ,                                       !- Gas Equipment Schedule Name
  ,                                       !- Hot Water Equipment Schedule Name
  {05196c0a-0be7-438e-bd16-857cd14e3781}, !- Infiltration Schedule Name
  ,                                       !- Steam Equipment Schedule Name
  ;                                       !- Other Equipment Schedule Name

OS:Schedule:Ruleset,
  {2452d6e3-880b-4a9b-aaa1-3b87675ec223}, !- Handle
  OfficeSmall BLDG_OCC_SCH reduced by 90.0%, !- Name
  {386cd627-c084-42b2-8a0a-3875955c84a9}, !- Schedule Type Limits Name
  {b7bda87a-875b-41b4-a8fd-a4eb0dab19ee}, !- Default Day Schedule Name
  {df477aef-a691-48ad-a366-8683c21478a2}, !- Summer Design Day Schedule Name
  {75a1870d-b075-4d96-ae97-306f9da5e515}; !- Winter Design Day Schedule Name

OS:Schedule:Day,
  {b7bda87a-875b-41b4-a8fd-a4eb0dab19ee}, !- Handle
  OfficeSmall BLDG_OCC_SCH Default,       !- Name
  {386cd627-c084-42b2-8a0a-3875955c84a9}, !- Schedule Type Limits Name
  ,                                       !- Interpolate to Timestep
  24,                                     !- Hour 1
  0,                                      !- Minute 1
  0;                                      !- Value Until Time 1

OS:Schedule:Day,
  {75a1870d-b075-4d96-ae97-306f9da5e515}, !- Handle
  OfficeSmall BLDG_OCC_SCH Winter Design Day, !- Name
  {386cd627-c084-42b2-8a0a-3875955c84a9}, !- Schedule Type Limits Name
  ,                                       !- Interpolate to Timestep
  24,                                     !- Hour 1
  0,                                      !- Minute 1
  0;                                      !- Value Until Time 1

OS:Schedule:Day,
  {df477aef-a691-48ad-a366-8683c21478a2}, !- Handle
  OfficeSmall BLDG_OCC_SCH Summer Design Day, !- Name
  {386cd627-c084-42b2-8a0a-3875955c84a9}, !- Schedule Type Limits Name
  ,                                       !- Interpolate to Timestep
  24,                                     !- Hour 1
  0,                                      !- Minute 1
  1;                                      !- Value Until Time 1

OS:Schedule:Rule,
  {082e07ff-a642-40be-beb6-16ebb5fd1465}, !- Handle
  Schedule Rule 2,                        !- Name
  {2452d6e3-880b-4a9b-aaa1-3b87675ec223}, !- Schedule Ruleset Name
  0,                                      !- Rule Order
  {cd194135-9a91-43c3-bc0e-183744ba8609}, !- Day Schedule Name
  ,                                       !- Apply Sunday
  Yes,                                    !- Apply Monday
  Yes,                                    !- Apply Tuesday
  Yes,                                    !- Apply Wednesday
  Yes,                                    !- Apply Thursday
  Yes,                                    !- Apply Friday
  ,                                       !- Apply Saturday
  DateRange,                              !- Date Specification Type
  1,                                      !- Start Month
  1,                                      !- Start Day
  12,                                     !- End Month
  31;                                     !- End Day

OS:Schedule:Day,
  {cd194135-9a91-43c3-bc0e-183744ba8609}, !- Handle
  OfficeSmall BLDG_OCC_SCH Wkdy Day,      !- Name
  {386cd627-c084-42b2-8a0a-3875955c84a9}, !- Schedule Type Limits Name
  ,                                       !- Interpolate to Timestep
  6,                                      !- Hour 1
  0,                                      !- Minute 1
  0,                                      !- Value Until Time 1
  7,                                      !- Hour 2
  0,                                      !- Minute 2
  0.099,                                  !- Value Until Time 2
  8,                                      !- Hour 3
  0,                                      !- Minute 3
  0.189,                                  !- Value Until Time 3
  12,                                     !- Hour 4
  0,                                      !- Minute 4
  0.9,                                    !- Value Until Time 4
  13,                                     !- Hour 5
  0,                                      !- Minute 5
  0.477,                                  !- Value Until Time 5
  17,                                     !- Hour 6
  0,                                      !- Minute 6
  0.9,                                    !- Value Until Time 6
  18,                                     !- Hour 7
  0,                                      !- Minute 7
  0.288,                                  !- Value Until Time 7
  22,                                     !- Hour 8
  0,                                      !- Minute 8
  0.099,                                  !- Value Until Time 8
  23,                                     !- Hour 9
  0,                                      !- Minute 9
  0.045,                                  !- Value Until Time 9
  24,                                     !- Hour 10
  0,                                      !- Minute 10
  0;                                      !- Value Until Time 10

OS:Schedule:Ruleset,
  {f81b389a-e392-4999-937d-249209a6bc05}, !- Handle
  OfficeSmall ACTIVITY_SCH,               !- Name
  {87ebd853-de0c-4a67-b1f8-79212ad7ea64}, !- Schedule Type Limits Name
  {f0727688-17bf-45cc-a360-38ae84092141}, !- Default Day Schedule Name
  {6a811659-adf1-4222-8bf8-8be5b88c54c8}, !- Summer Design Day Schedule Name
  {e2683de1-1ef1-4888-ac2a-41d7d567c2ee}; !- Winter Design Day Schedule Name

OS:Schedule:Day,
  {f0727688-17bf-45cc-a360-38ae84092141}, !- Handle
  OfficeSmall ACTIVITY_SCH Default,       !- Name
  {87ebd853-de0c-4a67-b1f8-79212ad7ea64}, !- Schedule Type Limits Name
  ,                                       !- Interpolate to Timestep
  24,                                     !- Hour 1
  0,                                      !- Minute 1
  120;                                    !- Value Until Time 1

OS:Schedule:Day,
  {e2683de1-1ef1-4888-ac2a-41d7d567c2ee}, !- Handle
  OfficeSmall ACTIVITY_SCH Winter Design Day, !- Name
  {87ebd853-de0c-4a67-b1f8-79212ad7ea64}, !- Schedule Type Limits Name
  ,                                       !- Interpolate to Timestep
  24,                                     !- Hour 1
  0,                                      !- Minute 1
  120;                                    !- Value Until Time 1

OS:Schedule:Day,
  {6a811659-adf1-4222-8bf8-8be5b88c54c8}, !- Handle
  OfficeSmall ACTIVITY_SCH Summer Design Day, !- Name
  {87ebd853-de0c-4a67-b1f8-79212ad7ea64}, !- Schedule Type Limits Name
  ,                                       !- Interpolate to Timestep
  24,                                     !- Hour 1
  0,                                      !- Minute 1
  120;                                    !- Value Until Time 1

OS:ScheduleTypeLimits,
  {87ebd853-de0c-4a67-b1f8-79212ad7ea64}, !- Handle
  ActivityLevel,                          !- Name
  0,                                      !- Lower Limit Value
  ,                                       !- Upper Limit Value
  Continuous,                             !- Numeric Type
  ActivityLevel;                          !- Unit Type

OS:Schedule:Ruleset,
  {73b0a6be-be0f-45a8-aa5c-197d75ffd98f}, !- Handle
  OfficeSmall BLDG_LIGHT_SCH_2010,        !- Name
  {386cd627-c084-42b2-8a0a-3875955c84a9}, !- Schedule Type Limits Name
  {8ff892b7-f549-4a93-8b7b-587328b5f14d}, !- Default Day Schedule Name
  {2de5ff0f-747b-40a2-b011-540562768942}, !- Summer Design Day Schedule Name
  {21aef8bb-b2ce-44ad-b65f-0af92219b4a0}; !- Winter Design Day Schedule Name

OS:Schedule:Day,
  {8ff892b7-f549-4a93-8b7b-587328b5f14d}, !- Handle
  OfficeSmall BLDG_LIGHT_SCH_2010 Default, !- Name
  {386cd627-c084-42b2-8a0a-3875955c84a9}, !- Schedule Type Limits Name
  ,                                       !- Interpolate to Timestep
  5,                                      !- Hour 1
  0,                                      !- Minute 1
  0.18,                                   !- Value Until Time 1
  6,                                      !- Hour 2
  0,                                      !- Minute 2
  0.23,                                   !- Value Until Time 2
  7,                                      !- Hour 3
  0,                                      !- Minute 3
  0.187059,                               !- Value Until Time 3
  8,                                      !- Hour 4
  0,                                      !- Minute 4
  0.341586,                               !- Value Until Time 4
  12,                                     !- Hour 5
  0,                                      !- Minute 5
  0.73197,                                !- Value Until Time 5
  13,                                     !- Hour 6
  0,                                      !- Minute 6
  0.65064,                                !- Value Until Time 6
  17,                                     !- Hour 7
  0,                                      !- Minute 7
  0.73197,                                !- Value Until Time 7
  18,                                     !- Hour 8
  0,                                      !- Minute 8
  0.496113,                               !- Value Until Time 8
  20,                                     !- Hour 9
  0,                                      !- Minute 9
  0.341586,                               !- Value Until Time 9
  22,                                     !- Hour 10
  0,                                      !- Minute 10
  0.260256,                               !- Value Until Time 10
  23,                                     !- Hour 11
  0,                                      !- Minute 11
  0.187059,                               !- Value Until Time 11
  24,                                     !- Hour 12
  0,                                      !- Minute 12
  0.18;                                   !- Value Until Time 12

OS:Schedule:Rule,
  {92cd691d-8fa2-4981-8be4-b10d02542e45}, !- Handle
  Schedule Rule 3,                        !- Name
  {73b0a6be-be0f-45a8-aa5c-197d75ffd98f}, !- Schedule Ruleset Name
  1,                                      !- Rule Order
  {08ecd3d8-1fb6-4ce7-a45f-7c09f14c05fa}, !- Day Schedule Name
  ,                                       !- Apply Sunday
  Yes,                                    !- Apply Monday
  Yes,                                    !- Apply Tuesday
  Yes,                                    !- Apply Wednesday
  Yes,                                    !- Apply Thursday
  Yes,                                    !- Apply Friday
  ,                                       !- Apply Saturday
  DateRange,                              !- Date Specification Type
  1,                                      !- Start Month
  1,                                      !- Start Day
  12,                                     !- End Month
  31;                                     !- End Day

OS:Schedule:Day,
  {08ecd3d8-1fb6-4ce7-a45f-7c09f14c05fa}, !- Handle
  OfficeSmall BLDG_LIGHT_SCH_2010 Default|Wkdy Day, !- Name
  {386cd627-c084-42b2-8a0a-3875955c84a9}, !- Schedule Type Limits Name
  ,                                       !- Interpolate to Timestep
  5,                                      !- Hour 1
  0,                                      !- Minute 1
  0.18,                                   !- Value Until Time 1
  6,                                      !- Hour 2
  0,                                      !- Minute 2
  0.23,                                   !- Value Until Time 2
  7,                                      !- Hour 3
  0,                                      !- Minute 3
  0.187059,                               !- Value Until Time 3
  8,                                      !- Hour 4
  0,                                      !- Minute 4
  0.341586,                               !- Value Until Time 4
  12,                                     !- Hour 5
  0,                                      !- Minute 5
  0.73197,                                !- Value Until Time 5
  13,                                     !- Hour 6
  0,                                      !- Minute 6
  0.65064,                                !- Value Until Time 6
  17,                                     !- Hour 7
  0,                                      !- Minute 7
  0.73197,                                !- Value Until Time 7
  18,                                     !- Hour 8
  0,                                      !- Minute 8
  0.496113,                               !- Value Until Time 8
  20,                                     !- Hour 9
  0,                                      !- Minute 9
  0.341586,                               !- Value Until Time 9
  22,                                     !- Hour 10
  0,                                      !- Minute 10
  0.260256,                               !- Value Until Time 10
  23,                                     !- Hour 11
  0,                                      !- Minute 11
  0.187059,                               !- Value Until Time 11
  24,                                     !- Hour 12
  0,                                      !- Minute 12
  0.18;                                   !- Value Until Time 12

OS:Schedule:Day,
  {2de5ff0f-747b-40a2-b011-540562768942}, !- Handle
  OfficeSmall BLDG_LIGHT_SCH_2010 Summer Design Day, !- Name
  {386cd627-c084-42b2-8a0a-3875955c84a9}, !- Schedule Type Limits Name
  ,                                       !- Interpolate to Timestep
  24,                                     !- Hour 1
  0,                                      !- Minute 1
  1;                                      !- Value Until Time 1

OS:Schedule:Rule,
  {b8a46e62-bbaf-4466-9e7f-8fb3c738c93a}, !- Handle
  Schedule Rule 4,                        !- Name
  {73b0a6be-be0f-45a8-aa5c-197d75ffd98f}, !- Schedule Ruleset Name
  0,                                      !- Rule Order
  {3a26a454-d883-487f-a2aa-651c392dd294}, !- Day Schedule Name
  Yes,                                    !- Apply Sunday
  ,                                       !- Apply Monday
  ,                                       !- Apply Tuesday
  ,                                       !- Apply Wednesday
  ,                                       !- Apply Thursday
  ,                                       !- Apply Friday
  Yes,                                    !- Apply Saturday
  DateRange,                              !- Date Specification Type
  1,                                      !- Start Month
  1,                                      !- Start Day
  12,                                     !- End Month
  31;                                     !- End Day

OS:Schedule:Day,
  {3a26a454-d883-487f-a2aa-651c392dd294}, !- Handle
  OfficeSmall BLDG_LIGHT_SCH_2010 Wknd Day, !- Name
  {386cd627-c084-42b2-8a0a-3875955c84a9}, !- Schedule Type Limits Name
  ,                                       !- Interpolate to Timestep
  24,                                     !- Hour 1
  0,                                      !- Minute 1
  0.18;                                   !- Value Until Time 1

OS:Schedule:Day,
  {21aef8bb-b2ce-44ad-b65f-0af92219b4a0}, !- Handle
  OfficeSmall BLDG_LIGHT_SCH_2010 Winter Design Day, !- Name
  {386cd627-c084-42b2-8a0a-3875955c84a9}, !- Schedule Type Limits Name
  ,                                       !- Interpolate to Timestep
  24,                                     !- Hour 1
  0,                                      !- Minute 1
  0;                                      !- Value Until Time 1

OS:Schedule:Ruleset,
  {6981d5bd-17a0-4c33-a8f1-36538107dca6}, !- Handle
  OfficeSmall BLDG_EQUIP_SCH_2010,        !- Name
  {386cd627-c084-42b2-8a0a-3875955c84a9}, !- Schedule Type Limits Name
  {5a34d7a1-db38-42ff-b40d-d92315a6fefe}, !- Default Day Schedule Name
  {a1358d9d-ffdb-4ee5-bdf1-2082e575d709}, !- Summer Design Day Schedule Name
  {57da33b2-dd46-40a4-bfc3-2a1e53f08b43}; !- Winter Design Day Schedule Name

OS:Schedule:Day,
  {5a34d7a1-db38-42ff-b40d-d92315a6fefe}, !- Handle
  OfficeSmall BLDG_EQUIP_SCH_2010 Default, !- Name
  {386cd627-c084-42b2-8a0a-3875955c84a9}, !- Schedule Type Limits Name
  ,                                       !- Interpolate to Timestep
  6,                                      !- Hour 1
  0,                                      !- Minute 1
  0.42575,                                !- Value Until Time 1
  8,                                      !- Hour 2
  0,                                      !- Minute 2
  0.4846775,                              !- Value Until Time 2
  12,                                     !- Hour 3
  0,                                      !- Minute 3
  0.969355,                               !- Value Until Time 3
  13,                                     !- Hour 4
  0,                                      !- Minute 4
  0.9111937,                              !- Value Until Time 4
  17,                                     !- Hour 5
  0,                                      !- Minute 5
  0.969355,                               !- Value Until Time 5
  18,                                     !- Hour 6
  0,                                      !- Minute 6
  0.4846775,                              !- Value Until Time 6
  23,                                     !- Hour 7
  0,                                      !- Minute 7
  0.193871,                               !- Value Until Time 7
  24,                                     !- Hour 8
  0,                                      !- Minute 8
  0.1703;                                 !- Value Until Time 8

OS:Schedule:Rule,
  {b1095bda-3a56-4cba-beb1-33e092a6069c}, !- Handle
  Schedule Rule 5,                        !- Name
  {6981d5bd-17a0-4c33-a8f1-36538107dca6}, !- Schedule Ruleset Name
  1,                                      !- Rule Order
  {af038bf9-1a24-4a29-8f91-2d613771c504}, !- Day Schedule Name
  ,                                       !- Apply Sunday
  Yes,                                    !- Apply Monday
  Yes,                                    !- Apply Tuesday
  Yes,                                    !- Apply Wednesday
  Yes,                                    !- Apply Thursday
  Yes,                                    !- Apply Friday
  ,                                       !- Apply Saturday
  DateRange,                              !- Date Specification Type
  1,                                      !- Start Month
  1,                                      !- Start Day
  12,                                     !- End Month
  31;                                     !- End Day

OS:Schedule:Day,
  {af038bf9-1a24-4a29-8f91-2d613771c504}, !- Handle
  OfficeSmall BLDG_EQUIP_SCH_2010 Default|Wkdy Day, !- Name
  {386cd627-c084-42b2-8a0a-3875955c84a9}, !- Schedule Type Limits Name
  ,                                       !- Interpolate to Timestep
  6,                                      !- Hour 1
  0,                                      !- Minute 1
  0.42575,                                !- Value Until Time 1
  8,                                      !- Hour 2
  0,                                      !- Minute 2
  0.4846775,                              !- Value Until Time 2
  12,                                     !- Hour 3
  0,                                      !- Minute 3
  0.969355,                               !- Value Until Time 3
  13,                                     !- Hour 4
  0,                                      !- Minute 4
  0.9111937,                              !- Value Until Time 4
  17,                                     !- Hour 5
  0,                                      !- Minute 5
  0.969355,                               !- Value Until Time 5
  18,                                     !- Hour 6
  0,                                      !- Minute 6
  0.4846775,                              !- Value Until Time 6
  23,                                     !- Hour 7
  0,                                      !- Minute 7
  0.193871,                               !- Value Until Time 7
  24,                                     !- Hour 8
  0,                                      !- Minute 8
  0.1703;                                 !- Value Until Time 8

OS:Schedule:Day,
  {a1358d9d-ffdb-4ee5-bdf1-2082e575d709}, !- Handle
  OfficeSmall BLDG_EQUIP_SCH_2010 Summer Design Day, !- Name
  {386cd627-c084-42b2-8a0a-3875955c84a9}, !- Schedule Type Limits Name
  ,                                       !- Interpolate to Timestep
  24,                                     !- Hour 1
  0,                                      !- Minute 1
  1;                                      !- Value Until Time 1

OS:Schedule:Rule,
  {7659a9c8-25e6-48de-a6c6-90d5acc1cde5}, !- Handle
  Schedule Rule 6,                        !- Name
  {6981d5bd-17a0-4c33-a8f1-36538107dca6}, !- Schedule Ruleset Name
  0,                                      !- Rule Order
  {c4d27b3f-b6a5-4afc-8969-55fdbaa75db4}, !- Day Schedule Name
  Yes,                                    !- Apply Sunday
  ,                                       !- Apply Monday
  ,                                       !- Apply Tuesday
  ,                                       !- Apply Wednesday
  ,                                       !- Apply Thursday
  ,                                       !- Apply Friday
  Yes,                                    !- Apply Saturday
  DateRange,                              !- Date Specification Type
  1,                                      !- Start Month
  1,                                      !- Start Day
  12,                                     !- End Month
  31;                                     !- End Day

OS:Schedule:Day,
  {c4d27b3f-b6a5-4afc-8969-55fdbaa75db4}, !- Handle
  OfficeSmall BLDG_EQUIP_SCH_2010 Wknd Day, !- Name
  {386cd627-c084-42b2-8a0a-3875955c84a9}, !- Schedule Type Limits Name
  ,                                       !- Interpolate to Timestep
  24,                                     !- Hour 1
  0,                                      !- Minute 1
  0.1703;                                 !- Value Until Time 1

OS:Schedule:Day,
  {57da33b2-dd46-40a4-bfc3-2a1e53f08b43}, !- Handle
  OfficeSmall BLDG_EQUIP_SCH_2010 Winter Design Day, !- Name
  {386cd627-c084-42b2-8a0a-3875955c84a9}, !- Schedule Type Limits Name
  ,                                       !- Interpolate to Timestep
  24,                                     !- Hour 1
  0,                                      !- Minute 1
  0;                                      !- Value Until Time 1

OS:Schedule:Ruleset,
  {05196c0a-0be7-438e-bd16-857cd14e3781}, !- Handle
  OfficeSmall INFIL_QUARTER_ON_SCH,       !- Name
  {386cd627-c084-42b2-8a0a-3875955c84a9}, !- Schedule Type Limits Name
  {83139f1d-31c7-4f1e-8637-8e17483e728f}, !- Default Day Schedule Name
  {9be5f8fc-3ad5-4275-92b7-0f0b8536ebc9}, !- Summer Design Day Schedule Name
  {54289aa5-6ea7-4475-8f40-5249416a2d5a}; !- Winter Design Day Schedule Name

OS:Schedule:Day,
  {83139f1d-31c7-4f1e-8637-8e17483e728f}, !- Handle
  OfficeSmall INFIL_QUARTER_ON_SCH Default, !- Name
  {386cd627-c084-42b2-8a0a-3875955c84a9}, !- Schedule Type Limits Name
  ,                                       !- Interpolate to Timestep
  24,                                     !- Hour 1
  0,                                      !- Minute 1
  1;                                      !- Value Until Time 1

OS:Schedule:Day,
  {9be5f8fc-3ad5-4275-92b7-0f0b8536ebc9}, !- Handle
  OfficeSmall INFIL_QUARTER_ON_SCH Summer Design Day, !- Name
  {386cd627-c084-42b2-8a0a-3875955c84a9}, !- Schedule Type Limits Name
  ,                                       !- Interpolate to Timestep
  7,                                      !- Hour 1
  0,                                      !- Minute 1
  1,                                      !- Value Until Time 1
  19,                                     !- Hour 2
  0,                                      !- Minute 2
  0.25,                                   !- Value Until Time 2
  24,                                     !- Hour 3
  0,                                      !- Minute 3
  1;                                      !- Value Until Time 3

OS:Schedule:Rule,
  {37a6ac9a-02fe-4e97-b5b5-ab895eedb0a6}, !- Handle
  Schedule Rule 7,                        !- Name
  {05196c0a-0be7-438e-bd16-857cd14e3781}, !- Schedule Ruleset Name
  1,                                      !- Rule Order
  {e58a2a8a-287a-425f-a87b-41f25eab37b4}, !- Day Schedule Name
  ,                                       !- Apply Sunday
  Yes,                                    !- Apply Monday
  Yes,                                    !- Apply Tuesday
  Yes,                                    !- Apply Wednesday
  Yes,                                    !- Apply Thursday
  Yes,                                    !- Apply Friday
  ,                                       !- Apply Saturday
  DateRange,                              !- Date Specification Type
  1,                                      !- Start Month
  1,                                      !- Start Day
  12,                                     !- End Month
  31;                                     !- End Day

OS:Schedule:Day,
  {e58a2a8a-287a-425f-a87b-41f25eab37b4}, !- Handle
  OfficeSmall INFIL_QUARTER_ON_SCH SmrDsn|Wkdy Day, !- Name
  {386cd627-c084-42b2-8a0a-3875955c84a9}, !- Schedule Type Limits Name
  ,                                       !- Interpolate to Timestep
  7,                                      !- Hour 1
  0,                                      !- Minute 1
  1,                                      !- Value Until Time 1
  19,                                     !- Hour 2
  0,                                      !- Minute 2
  0.25,                                   !- Value Until Time 2
  24,                                     !- Hour 3
  0,                                      !- Minute 3
  1;                                      !- Value Until Time 3

OS:Schedule:Day,
  {54289aa5-6ea7-4475-8f40-5249416a2d5a}, !- Handle
  OfficeSmall INFIL_QUARTER_ON_SCH Winter Design Day, !- Name
  {386cd627-c084-42b2-8a0a-3875955c84a9}, !- Schedule Type Limits Name
  ,                                       !- Interpolate to Timestep
  7,                                      !- Hour 1
  0,                                      !- Minute 1
  1,                                      !- Value Until Time 1
  18,                                     !- Hour 2
  0,                                      !- Minute 2
  0.25,                                   !- Value Until Time 2
  24,                                     !- Hour 3
  0,                                      !- Minute 3
  1;                                      !- Value Until Time 3

OS:Schedule:Rule,
  {549ed689-9c17-4062-bb15-d30952618acb}, !- Handle
  Schedule Rule 8,                        !- Name
  {05196c0a-0be7-438e-bd16-857cd14e3781}, !- Schedule Ruleset Name
  0,                                      !- Rule Order
  {c8f61e6b-731a-4bd9-b892-21aeabd261d9}, !- Day Schedule Name
  ,                                       !- Apply Sunday
  ,                                       !- Apply Monday
  ,                                       !- Apply Tuesday
  ,                                       !- Apply Wednesday
  ,                                       !- Apply Thursday
  ,                                       !- Apply Friday
  Yes,                                    !- Apply Saturday
  DateRange,                              !- Date Specification Type
  1,                                      !- Start Month
  1,                                      !- Start Day
  12,                                     !- End Month
  31;                                     !- End Day

OS:Schedule:Day,
  {c8f61e6b-731a-4bd9-b892-21aeabd261d9}, !- Handle
  OfficeSmall INFIL_QUARTER_ON_SCH WntrDsn|Sat Day, !- Name
  {386cd627-c084-42b2-8a0a-3875955c84a9}, !- Schedule Type Limits Name
  ,                                       !- Interpolate to Timestep
  7,                                      !- Hour 1
  0,                                      !- Minute 1
  1,                                      !- Value Until Time 1
  18,                                     !- Hour 2
  0,                                      !- Minute 2
  0.25,                                   !- Value Until Time 2
  24,                                     !- Hour 3
  0,                                      !- Minute 3
  1;                                      !- Value Until Time 3

OS:Construction:FfactorGroundFloor,
  {8879df18-fbde-4b7c-bc4a-5cbcc074f7b0}, !- Handle
  Foundation F 093 Perim 914 Area 209,    !- Name
  0.934596719840551,                      !- F-Factor {W/m-K}
  20.9031839999998,                       !- Area {m2}
  9.14399999999996;                       !- PerimeterExposed {m}

OS:Construction:FfactorGroundFloor,
  {68849fe6-ea94-46d6-a6b2-0e9ccef1a63b}, !- Handle
  Foundation F 093 Perim 1574 Area 7198,  !- Name
  0.934596719840551,                      !- F-Factor {W/m-K}
  71.9761537766876,                       !- Area {m2}
  15.7428157866771;                       !- PerimeterExposed {m}

OS:Construction:FfactorGroundFloor,
  {19d46909-84e3-4a8f-b610-7a7c87f8e7e7}, !- Handle
  Foundation F 093 Perim 2819 Area 12887, !- Name
  0.934596719840551,                      !- F-Factor {W/m-K}
  128.86741466503,                        !- Area {m2}
  28.1862236800156;                       !- PerimeterExposed {m}

OS:Construction:FfactorGroundFloor,
  {dbe4d069-daa2-4e93-a373-1ea8275556bd}, !- Handle
  Foundation F 093 Perim 0 Area 44373,    !- Name
  0.934596719840551,                      !- F-Factor {W/m-K}
  443.730527116561,                       !- Area {m2}
  0;                                      !- PerimeterExposed {m}

OS:DefaultConstructionSet,
  {68419846-e0fb-47b6-b5b6-2d42296d189e}, !- Handle
  90.1-2010 - Office - ASHRAE 169-2013-6B, !- Name
  {045e7adf-0d02-4129-9770-1c19e636da72}, !- Default Exterior Surface Constructions Name
  {3573d5d3-5645-427f-bace-c36dad0a6a3c}, !- Default Interior Surface Constructions Name
  {88cf868b-7a3e-4cfe-a9fc-a365084e381a}, !- Default Ground Contact Surface Constructions Name
  {2fa69c9a-3ece-41c1-b2e1-660dcd51c64c}, !- Default Exterior SubSurface Constructions Name
  {bc167193-9dbd-46b2-b54f-59076833edaa}, !- Default Interior SubSurface Constructions Name
  {66397557-28e9-4450-b20b-1bab15cc62c1}, !- Interior Partition Construction Name
  ,                                       !- Space Shading Construction Name
  ,                                       !- Building Shading Construction Name
  ,                                       !- Site Shading Construction Name
  ;                                       !- Adiabatic Surface Construction Name

OS:DefaultSurfaceConstructions,
  {045e7adf-0d02-4129-9770-1c19e636da72}, !- Handle
  Default Surface Constructions 1,        !- Name
  {b70cc2f0-2be5-422a-97e4-e3a1da47b642}, !- Floor Construction Name
  {5535976f-897c-4379-abfb-d1a24cf918e4}, !- Wall Construction Name
  {7df438c5-c7bd-4d92-8720-a89f8ada5112}; !- Roof Ceiling Construction Name

OS:Construction,
  {b70cc2f0-2be5-422a-97e4-e3a1da47b642}, !- Handle
  Typical Insulated Exterior Mass Floor R-15.63, !- Name
  ,                                       !- Surface Rendering Name
  {a2bc700a-31bd-4de0-9769-e826889cf332}, !- Layer 1
  {939fb0b4-f741-4e02-91fd-bb3ad0bbda43}, !- Layer 2
  {0ce1c537-c50c-473b-930a-a923f9bdaeb5}; !- Layer 3

OS:Material:NoMass,
  {a2bc700a-31bd-4de0-9769-e826889cf332}, !- Handle
  Typical Insulation R-13.06,             !- Name
  Smooth,                                 !- Roughness
  2.29929884884436,                       !- Thermal Resistance {m2-K/W}
  0.9,                                    !- Thermal Absorptance
  0.7,                                    !- Solar Absorptance
  0.7;                                    !- Visible Absorptance

OS:Material,
  {939fb0b4-f741-4e02-91fd-bb3ad0bbda43}, !- Handle
  4 in. Normalweight Concrete Floor,      !- Name
  MediumRough,                            !- Roughness
  0.1016,                                 !- Thickness {m}
  2.31,                                   !- Conductivity {W/m-K}
  2321.99999999999,                       !- Density {kg/m3}
  831.999999999997,                       !- Specific Heat {J/kg-K}
  0.9,                                    !- Thermal Absorptance
  0.7,                                    !- Solar Absorptance
  0.7;                                    !- Visible Absorptance

OS:Material:NoMass,
  {0ce1c537-c50c-473b-930a-a923f9bdaeb5}, !- Handle
  Typical Carpet Pad,                     !- Name
  Smooth,                                 !- Roughness
  0.216479986995276,                      !- Thermal Resistance {m2-K/W}
  0.9,                                    !- Thermal Absorptance
  0.7,                                    !- Solar Absorptance
  0.8;                                    !- Visible Absorptance

OS:StandardsInformation:Construction,
  {c346212b-29f1-4c79-ae1d-157025fd9d51}, !- Handle
  {b70cc2f0-2be5-422a-97e4-e3a1da47b642}, !- Construction Name
  ExteriorFloor,                          !- Intended Surface Type
  Mass;                                   !- Standards Construction Type

OS:Construction,
  {5535976f-897c-4379-abfb-d1a24cf918e4}, !- Handle
  Typical Insulated Exterior Mass Wall R-12.5, !- Name
  ,                                       !- Surface Rendering Name
  {fe7e3d6f-1956-46d6-a71c-465bca8fc1c1}, !- Layer 1
  {1623199f-85a1-4efb-932a-6b6e636da232}, !- Layer 2
  {092abb6e-165f-4512-af17-adeb435b57f1}, !- Layer 3
  {64684021-20aa-453f-9768-db6d22d545cd}; !- Layer 4

OS:Material,
  {fe7e3d6f-1956-46d6-a71c-465bca8fc1c1}, !- Handle
  1IN Stucco,                             !- Name
  Smooth,                                 !- Roughness
  0.0253,                                 !- Thickness {m}
  0.691799999999999,                      !- Conductivity {W/m-K}
  1858,                                   !- Density {kg/m3}
  836.999999999999,                       !- Specific Heat {J/kg-K}
  0.9,                                    !- Thermal Absorptance
  0.7,                                    !- Solar Absorptance
  0.92;                                   !- Visible Absorptance

OS:Material,
  {1623199f-85a1-4efb-932a-6b6e636da232}, !- Handle
  8IN CONCRETE HW RefBldg,                !- Name
  Rough,                                  !- Roughness
  0.2032,                                 !- Thickness {m}
  1.311,                                  !- Conductivity {W/m-K}
  2240,                                   !- Density {kg/m3}
  836.800000000001,                       !- Specific Heat {J/kg-K}
  0.9,                                    !- Thermal Absorptance
  0.7,                                    !- Solar Absorptance
  0.7;                                    !- Visible Absorptance

OS:Material:NoMass,
  {092abb6e-165f-4512-af17-adeb435b57f1}, !- Handle
  Typical Insulation R-10.11,             !- Name
  Smooth,                                 !- Roughness
  1.78074119041048,                       !- Thermal Resistance {m2-K/W}
  0.9,                                    !- Thermal Absorptance
  0.7,                                    !- Solar Absorptance
  0.7;                                    !- Visible Absorptance

OS:Material,
  {64684021-20aa-453f-9768-db6d22d545cd}, !- Handle
  1/2IN Gypsum,                           !- Name
  Smooth,                                 !- Roughness
  0.0127,                                 !- Thickness {m}
  0.16,                                   !- Conductivity {W/m-K}
  784.9,                                  !- Density {kg/m3}
  830.000000000001,                       !- Specific Heat {J/kg-K}
  0.9,                                    !- Thermal Absorptance
  0.4,                                    !- Solar Absorptance
  0.4;                                    !- Visible Absorptance

OS:StandardsInformation:Construction,
  {f3cf3747-e264-4e1e-b769-cddb4a4e7e75}, !- Handle
  {5535976f-897c-4379-abfb-d1a24cf918e4}, !- Construction Name
  ExteriorWall,                           !- Intended Surface Type
  Mass;                                   !- Standards Construction Type

OS:Construction,
  {7df438c5-c7bd-4d92-8720-a89f8ada5112}, !- Handle
  Typical IEAD Roof R-20.83,              !- Name
  ,                                       !- Surface Rendering Name
  {8b122d5a-3472-45b7-8b83-af606091b3d4}, !- Layer 1
  {7f51c31f-1514-4e76-adf4-faea2deeb1be}, !- Layer 2
  {e7d374e0-aeb3-4bc6-824f-677c23476135}; !- Layer 3

OS:Material,
  {8b122d5a-3472-45b7-8b83-af606091b3d4}, !- Handle
  Roof Membrane,                          !- Name
  VeryRough,                              !- Roughness
  0.0095,                                 !- Thickness {m}
  0.16,                                   !- Conductivity {W/m-K}
  1121.29,                                !- Density {kg/m3}
  1460,                                   !- Specific Heat {J/kg-K}
  0.9,                                    !- Thermal Absorptance
  0.7,                                    !- Solar Absorptance
  0.7;                                    !- Visible Absorptance

OS:Material:NoMass,
  {7f51c31f-1514-4e76-adf4-faea2deeb1be}, !- Handle
  Typical Insulation R-19.72,             !- Name
  Smooth,                                 !- Roughness
  3.47220354893132,                       !- Thermal Resistance {m2-K/W}
  0.9,                                    !- Thermal Absorptance
  0.7,                                    !- Solar Absorptance
  0.7;                                    !- Visible Absorptance

OS:Material,
  {e7d374e0-aeb3-4bc6-824f-677c23476135}, !- Handle
  Metal Roof Surface,                     !- Name
  Smooth,                                 !- Roughness
  0.000799999999999998,                   !- Thickness {m}
  45.2799999999999,                       !- Conductivity {W/m-K}
  7823.99999999999,                       !- Density {kg/m3}
  499.999999999996,                       !- Specific Heat {J/kg-K}
  0.9,                                    !- Thermal Absorptance
  0.7,                                    !- Solar Absorptance
  0.7;                                    !- Visible Absorptance

OS:StandardsInformation:Construction,
  {8693d7be-8470-4e49-a365-cfde1d0a089a}, !- Handle
  {7df438c5-c7bd-4d92-8720-a89f8ada5112}, !- Construction Name
  ExteriorRoof,                           !- Intended Surface Type
  IEAD;                                   !- Standards Construction Type

OS:DefaultSurfaceConstructions,
  {3573d5d3-5645-427f-bace-c36dad0a6a3c}, !- Handle
  Default Surface Constructions 2,        !- Name
  {70633bce-455f-41ec-bb19-9c4e9adf9d67}, !- Floor Construction Name
  {002c99e4-9ac3-41e8-aa66-c3a9baf1d9be}, !- Wall Construction Name
  {e3d6fd1f-a77f-4c19-b152-100adf021849}; !- Roof Ceiling Construction Name

OS:Construction,
  {70633bce-455f-41ec-bb19-9c4e9adf9d67}, !- Handle
  Typical Interior Floor,                 !- Name
  ,                                       !- Surface Rendering Name
  {3f8f71bc-42eb-4f55-88b6-09bfee9303ee}, !- Layer 1
  {879c69b1-6257-4e6e-82a4-65159c0710e8}; !- Layer 2

OS:Material,
  {3f8f71bc-42eb-4f55-88b6-09bfee9303ee}, !- Handle
  100mm Normalweight concrete floor,      !- Name
  MediumRough,                            !- Roughness
  0.1016,                                 !- Thickness {m}
  2.31044676686054,                       !- Conductivity {W/m-K}
  2322.00146636525,                       !- Density {kg/m3}
  832.5567858096,                         !- Specific Heat {J/kg-K}
  0.9,                                    !- Thermal Absorptance
  0.7,                                    !- Solar Absorptance
  0.7;                                    !- Visible Absorptance

OS:Material:NoMass,
  {879c69b1-6257-4e6e-82a4-65159c0710e8}, !- Handle
  CP02 CARPET PAD,                        !- Name
  Smooth,                                 !- Roughness
  0.216479986995276,                      !- Thermal Resistance {m2-K/W}
  0.9,                                    !- Thermal Absorptance
  0.7,                                    !- Solar Absorptance
  0.8;                                    !- Visible Absorptance

OS:StandardsInformation:Construction,
  {2a00193c-4ae0-462a-9394-4d02d89f9011}, !- Handle
  {70633bce-455f-41ec-bb19-9c4e9adf9d67}, !- Construction Name
  InteriorFloor,                          !- Intended Surface Type
  ;                                       !- Standards Construction Type

OS:Construction,
  {002c99e4-9ac3-41e8-aa66-c3a9baf1d9be}, !- Handle
  Typical Interior Wall,                  !- Name
  ,                                       !- Surface Rendering Name
  {1a1be2ff-c2f0-498b-aee1-3304dd959cca}, !- Layer 1
  {1a1be2ff-c2f0-498b-aee1-3304dd959cca}; !- Layer 2

OS:Material,
  {1a1be2ff-c2f0-498b-aee1-3304dd959cca}, !- Handle
  G01 13mm gypsum board,                  !- Name
  Smooth,                                 !- Roughness
  0.0127,                                 !- Thickness {m}
  0.160030944416258,                      !- Conductivity {W/m-K}
  800.000505207667,                       !- Density {kg/m3}
  1090.7294438736,                        !- Specific Heat {J/kg-K}
  0.9,                                    !- Thermal Absorptance
  0.7,                                    !- Solar Absorptance
  0.5;                                    !- Visible Absorptance

OS:StandardsInformation:Construction,
  {2caa378d-3d7c-4068-abe2-3b7790ab4f11}, !- Handle
  {002c99e4-9ac3-41e8-aa66-c3a9baf1d9be}, !- Construction Name
  InteriorWall,                           !- Intended Surface Type
  ;                                       !- Standards Construction Type

OS:Construction,
  {e3d6fd1f-a77f-4c19-b152-100adf021849}, !- Handle
  Typical Interior Ceiling,               !- Name
  ,                                       !- Surface Rendering Name
  {879c69b1-6257-4e6e-82a4-65159c0710e8}, !- Layer 1
  {3f8f71bc-42eb-4f55-88b6-09bfee9303ee}; !- Layer 2

OS:StandardsInformation:Construction,
  {d994f85e-5dfa-4dbb-84d9-4ea92e67d493}, !- Handle
  {e3d6fd1f-a77f-4c19-b152-100adf021849}, !- Construction Name
  InteriorCeiling,                        !- Intended Surface Type
  ;                                       !- Standards Construction Type

OS:DefaultSurfaceConstructions,
  {88cf868b-7a3e-4cfe-a9fc-a365084e381a}, !- Handle
  Default Surface Constructions 3,        !- Name
  {c9d7058e-a73e-4a99-8e07-3b1e87a494ab}, !- Floor Construction Name
  {c8330c33-9c4c-4655-b2e1-927af68a6c76}, !- Wall Construction Name
  ;                                       !- Roof Ceiling Construction Name

OS:Construction,
  {c9d7058e-a73e-4a99-8e07-3b1e87a494ab}, !- Handle
  Typical Insulated Carpeted 6in Slab Floor, !- Name
  ,                                       !- Surface Rendering Name
  {d3a2cfd4-4e07-4b7e-859c-f2e9343d871f}, !- Layer 1
  {0ce1c537-c50c-473b-930a-a923f9bdaeb5}; !- Layer 2

OS:Material:NoMass,
  {3fa74409-4579-4440-8d71-62ead9e01324}, !- Handle
  Typical Insulation R-0.58,              !- Name
  Smooth,                                 !- Roughness
  0.101874652714525,                      !- Thermal Resistance {m2-K/W}
  0.9,                                    !- Thermal Absorptance
  0.7,                                    !- Solar Absorptance
  0.7;                                    !- Visible Absorptance

OS:Material,
  {d3a2cfd4-4e07-4b7e-859c-f2e9343d871f}, !- Handle
  6 in. Normalweight Concrete Floor,      !- Name
  MediumRough,                            !- Roughness
  0.1524,                                 !- Thickness {m}
  2.31,                                   !- Conductivity {W/m-K}
  2321.99999999999,                       !- Density {kg/m3}
  831.999999999997,                       !- Specific Heat {J/kg-K}
  0.9,                                    !- Thermal Absorptance
  0.7,                                    !- Solar Absorptance
  0.7;                                    !- Visible Absorptance

OS:StandardsInformation:Construction,
  {28cabdf0-9167-4fc9-90db-d7631285d195}, !- Handle
  {c9d7058e-a73e-4a99-8e07-3b1e87a494ab}, !- Construction Name
  GroundContactFloor,                     !- Intended Surface Type
  Mass;                                   !- Standards Construction Type

OS:Construction,
  {c8330c33-9c4c-4655-b2e1-927af68a6c76}, !- Handle
  Typical Insulated Basement Mass Wall,   !- Name
  ,                                       !- Surface Rendering Name
  {83c15160-1502-4473-b02c-58a8d8d6536f}; !- Layer 1

OS:Material,
  {83c15160-1502-4473-b02c-58a8d8d6536f}, !- Handle
  8 in. Concrete Block Basement Wall,     !- Name
  MediumRough,                            !- Roughness
  0.2032,                                 !- Thickness {m}
  1.326,                                  !- Conductivity {W/m-K}
  1841.99999999999,                       !- Density {kg/m3}
  911.999999999999,                       !- Specific Heat {J/kg-K}
  0.9,                                    !- Thermal Absorptance
  0.7,                                    !- Solar Absorptance
  0.7;                                    !- Visible Absorptance

OS:StandardsInformation:Construction,
  {2e90232b-7074-4480-99a7-65515170a152}, !- Handle
  {c8330c33-9c4c-4655-b2e1-927af68a6c76}, !- Construction Name
  GroundContactWall,                      !- Intended Surface Type
  Mass;                                   !- Standards Construction Type

OS:DefaultSubSurfaceConstructions,
  {2fa69c9a-3ece-41c1-b2e1-660dcd51c64c}, !- Handle
  Default Sub Surface Constructions 1,    !- Name
  {dba39993-0640-4fd1-a124-156b889581c1}, !- Fixed Window Construction Name
  {dba39993-0640-4fd1-a124-156b889581c1}, !- Operable Window Construction Name
  {ed68ed0f-9b92-4965-932e-1441e3a7a713}, !- Door Construction Name
  {dbc04106-5a5f-4b7d-a3ee-83cbe40aee28}, !- Glass Door Construction Name
  {1bd4d417-c2bd-4399-bc4f-a6905d45b001}, !- Overhead Door Construction Name
  {873007c3-3d84-4837-b76c-f7491a6fd06c}, !- Skylight Construction Name
  {7462de9c-9336-4a09-9f3c-283fd70f9f49}, !- Tubular Daylight Dome Construction Name
  {7462de9c-9336-4a09-9f3c-283fd70f9f49}; !- Tubular Daylight Diffuser Construction Name

OS:Construction,
  {dba39993-0640-4fd1-a124-156b889581c1}, !- Handle
  U 0.48 SHGC 0.40 Dbl Ref-D Clr 6mm/13mm, !- Name
  ,                                       !- Surface Rendering Name
  {c7aa9e03-838e-4b74-a12d-203ffc03d039}, !- Layer 1
  {7de84388-c5a5-47a5-823f-2bd0619e7820}, !- Layer 2
  {7d0e57da-1f81-4abb-b173-d26e85b53e0c}; !- Layer 3

OS:WindowMaterial:Glazing,
  {c7aa9e03-838e-4b74-a12d-203ffc03d039}, !- Handle
  REF D CLEAR 6MM,                        !- Name
  SpectralAverage,                        !- Optical Data Type
  ,                                       !- Window Glass Spectral Data Set Name
  0.00599999999999998,                    !- Thickness {m}
  0.429,                                  !- Solar Transmittance at Normal Incidence
  0.308,                                  !- Front Side Solar Reflectance at Normal Incidence
  0.379,                                  !- Back Side Solar Reflectance at Normal Incidence
  0.334,                                  !- Visible Transmittance at Normal Incidence
  0.453,                                  !- Front Side Visible Reflectance at Normal Incidence
  0.505,                                  !- Back Side Visible Reflectance at Normal Incidence
  0,                                      !- Infrared Transmittance at Normal Incidence
  0.84,                                   !- Front Side Infrared Hemispherical Emissivity
  0.82,                                   !- Back Side Infrared Hemispherical Emissivity
  0.9,                                    !- Conductivity {W/m-K}
  1,                                      !- Dirt Correction Factor for Solar and Visible Transmittance
  No;                                     !- Solar Diffusing

OS:WindowMaterial:Gas,
  {7de84388-c5a5-47a5-823f-2bd0619e7820}, !- Handle
  AIR 13MM,                               !- Name
  Air,                                    !- Gas Type
  0.0127;                                 !- Thickness {m}

OS:WindowMaterial:Glazing,
  {7d0e57da-1f81-4abb-b173-d26e85b53e0c}, !- Handle
  CLEAR 6MM,                              !- Name
  SpectralAverage,                        !- Optical Data Type
  ,                                       !- Window Glass Spectral Data Set Name
  0.00599999999999998,                    !- Thickness {m}
  0.775,                                  !- Solar Transmittance at Normal Incidence
  0.071,                                  !- Front Side Solar Reflectance at Normal Incidence
  0.071,                                  !- Back Side Solar Reflectance at Normal Incidence
  0.881,                                  !- Visible Transmittance at Normal Incidence
  0.08,                                   !- Front Side Visible Reflectance at Normal Incidence
  0.08,                                   !- Back Side Visible Reflectance at Normal Incidence
  0,                                      !- Infrared Transmittance at Normal Incidence
  0.84,                                   !- Front Side Infrared Hemispherical Emissivity
  0.84,                                   !- Back Side Infrared Hemispherical Emissivity
  0.9,                                    !- Conductivity {W/m-K}
  1,                                      !- Dirt Correction Factor for Solar and Visible Transmittance
  No;                                     !- Solar Diffusing

OS:StandardsInformation:Construction,
  {e3b0751d-1592-4902-96d1-350cbaa3c9dc}, !- Handle
  {dba39993-0640-4fd1-a124-156b889581c1}, !- Construction Name
  ExteriorWindow,                         !- Intended Surface Type
  Metal framing (all other),              !- Standards Construction Type
  ,                                       !- Perturbable Layer
  ,                                       !- Perturbable Layer Type
  ,                                       !- Other Perturbable Layer Type
  ,                                       !- Construction Standard
  ,                                       !- Construction Standard Source
  ,                                       !- Fenestration Type
  ,                                       !- Fenestration Assembly Context
  ,                                       !- Fenestration Number of Panes
  Metal Framing;                          !- Fenestration Frame Type

OS:Construction,
  {ed68ed0f-9b92-4965-932e-1441e3a7a713}, !- Handle
  Typical Insulated Metal Door R-1.43,    !- Name
  ,                                       !- Surface Rendering Name
  {e65b12af-74a6-4396-8341-ca27c2b9f154}, !- Layer 1
  {3fa74409-4579-4440-8d71-62ead9e01324}; !- Layer 2

OS:Material,
  {e65b12af-74a6-4396-8341-ca27c2b9f154}, !- Handle
  F08 Metal surface,                      !- Name
  Smooth,                                 !- Roughness
  0.0008,                                 !- Thickness {m}
  45.2800000000001,                       !- Conductivity {W/m-K}
  7823.99999999999,                       !- Density {kg/m3}
  500,                                    !- Specific Heat {J/kg-K}
  0.9,                                    !- Thermal Absorptance
  0.7,                                    !- Solar Absorptance
  0.7;                                    !- Visible Absorptance

OS:StandardsInformation:Construction,
  {3b5c918b-ff0f-4303-ae7b-7111d29818e9}, !- Handle
  {ed68ed0f-9b92-4965-932e-1441e3a7a713}, !- Construction Name
  ExteriorDoor,                           !- Intended Surface Type
  ;                                       !- Standards Construction Type

OS:Construction,
  {dbc04106-5a5f-4b7d-a3ee-83cbe40aee28}, !- Handle
  U 0.72 SHGC 0.25 Sgl Ref-B-M Tint 6mm,  !- Name
  ,                                       !- Surface Rendering Name
  {fd9ea432-6414-4d23-be4b-c491104ff1bb}; !- Layer 1

OS:WindowMaterial:Glazing,
  {fd9ea432-6414-4d23-be4b-c491104ff1bb}, !- Handle
  REF B TINT MID 6MM,                     !- Name
  SpectralAverage,                        !- Optical Data Type
  ,                                       !- Window Glass Spectral Data Set Name
  0.00599999999999998,                    !- Thickness {m}
  0.1,                                    !- Solar Transmittance at Normal Incidence
  0.11,                                   !- Front Side Solar Reflectance at Normal Incidence
  0.41,                                   !- Back Side Solar Reflectance at Normal Incidence
  0.13,                                   !- Visible Transmittance at Normal Incidence
  0.1,                                    !- Front Side Visible Reflectance at Normal Incidence
  0.32,                                   !- Back Side Visible Reflectance at Normal Incidence
  0,                                      !- Infrared Transmittance at Normal Incidence
  0.84,                                   !- Front Side Infrared Hemispherical Emissivity
  0.45,                                   !- Back Side Infrared Hemispherical Emissivity
  0.9,                                    !- Conductivity {W/m-K}
  1,                                      !- Dirt Correction Factor for Solar and Visible Transmittance
  No;                                     !- Solar Diffusing

OS:StandardsInformation:Construction,
  {42c6e030-b0f8-4c13-902a-1fd89019d8d0}, !- Handle
  {dbc04106-5a5f-4b7d-a3ee-83cbe40aee28}, !- Construction Name
  ExteriorWindow,                         !- Intended Surface Type
  Metal framing (all other),              !- Standards Construction Type
  ,                                       !- Perturbable Layer
  ,                                       !- Perturbable Layer Type
  ,                                       !- Other Perturbable Layer Type
  ,                                       !- Construction Standard
  ,                                       !- Construction Standard Source
  ,                                       !- Fenestration Type
  ,                                       !- Fenestration Assembly Context
  ,                                       !- Fenestration Number of Panes
  Metal Framing;                          !- Fenestration Frame Type

OS:Construction,
  {1bd4d417-c2bd-4399-bc4f-a6905d45b001}, !- Handle
  Typical Overhead Door R-2.0,            !- Name
  ,                                       !- Surface Rendering Name
  {f156ad2f-d7bc-47da-868b-59db9e0e7851}; !- Layer 1

OS:Material:NoMass,
  {f156ad2f-d7bc-47da-868b-59db9e0e7851}, !- Handle
  Typical Insulation R-1.15,              !- Name
  Smooth,                                 !- Roughness
  0.202526711234652,                      !- Thermal Resistance {m2-K/W}
  0.9,                                    !- Thermal Absorptance
  0.7,                                    !- Solar Absorptance
  0.7;                                    !- Visible Absorptance

OS:StandardsInformation:Construction,
  {954496cf-abee-4bf7-8131-3babf270405c}, !- Handle
  {1bd4d417-c2bd-4399-bc4f-a6905d45b001}, !- Construction Name
  ExteriorDoor,                           !- Intended Surface Type
  RollUp;                                 !- Standards Construction Type

OS:Construction,
  {873007c3-3d84-4837-b76c-f7491a6fd06c}, !- Handle
  U 1.17 SHGC 0.49 Simple Glazing Skylight U-1.17 SHGC 0.19, !- Name
  ,                                       !- Surface Rendering Name
  {f87694cc-c386-4522-8354-9e4543cabf0e}; !- Layer 1

OS:WindowMaterial:SimpleGlazingSystem,
  {f87694cc-c386-4522-8354-9e4543cabf0e}, !- Handle
  U 1.17 SHGC 0.49 Simple Glazing U-1.17 SHGC 0.19, !- Name
  6.64356810910278,                       !- U-Factor {W/m2-K}
  0.19,                                   !- Solar Heat Gain Coefficient
  0.38;                                   !- Visible Transmittance

OS:StandardsInformation:Construction,
  {063e8371-4de3-4b8c-a7c5-d68c11c7ff7e}, !- Handle
  {873007c3-3d84-4837-b76c-f7491a6fd06c}, !- Construction Name
  ,                                       !- Intended Surface Type
  ;                                       !- Standards Construction Type

OS:Construction,
  {7462de9c-9336-4a09-9f3c-283fd70f9f49}, !- Handle
  Typical Interior Window,                !- Name
  ,                                       !- Surface Rendering Name
  {43865c82-d61d-488b-9bbf-b1d640b690d3}; !- Layer 1

OS:WindowMaterial:Glazing,
  {43865c82-d61d-488b-9bbf-b1d640b690d3}, !- Handle
  Clear 3mm,                              !- Name
  SpectralAverage,                        !- Optical Data Type
  ,                                       !- Window Glass Spectral Data Set Name
  0.00299999999999999,                    !- Thickness {m}
  0.837,                                  !- Solar Transmittance at Normal Incidence
  0.075,                                  !- Front Side Solar Reflectance at Normal Incidence
  0.075,                                  !- Back Side Solar Reflectance at Normal Incidence
  0.898,                                  !- Visible Transmittance at Normal Incidence
  0.081,                                  !- Front Side Visible Reflectance at Normal Incidence
  0.081,                                  !- Back Side Visible Reflectance at Normal Incidence
  0,                                      !- Infrared Transmittance at Normal Incidence
  0.84,                                   !- Front Side Infrared Hemispherical Emissivity
  0.84,                                   !- Back Side Infrared Hemispherical Emissivity
  0.9,                                    !- Conductivity {W/m-K}
  1,                                      !- Dirt Correction Factor for Solar and Visible Transmittance
  No;                                     !- Solar Diffusing

OS:StandardsInformation:Construction,
  {19eb2a28-651c-4931-a133-e8393ebf11d4}, !- Handle
  {7462de9c-9336-4a09-9f3c-283fd70f9f49}, !- Construction Name
  InteriorWindow,                         !- Intended Surface Type
  ;                                       !- Standards Construction Type

OS:DefaultSubSurfaceConstructions,
  {bc167193-9dbd-46b2-b54f-59076833edaa}, !- Handle
  Default Sub Surface Constructions 2,    !- Name
  {7462de9c-9336-4a09-9f3c-283fd70f9f49}, !- Fixed Window Construction Name
  {7462de9c-9336-4a09-9f3c-283fd70f9f49}, !- Operable Window Construction Name
  {6035d7fa-01da-4bb5-b693-d4dde1755cac}, !- Door Construction Name
  ,                                       !- Glass Door Construction Name
  ,                                       !- Overhead Door Construction Name
  ,                                       !- Skylight Construction Name
  ,                                       !- Tubular Daylight Dome Construction Name
  ;                                       !- Tubular Daylight Diffuser Construction Name

OS:Construction,
  {6035d7fa-01da-4bb5-b693-d4dde1755cac}, !- Handle
  Typical Interior Door,                  !- Name
  ,                                       !- Surface Rendering Name
  {5140c7f7-797c-4f55-bf36-bf3c51094a26}; !- Layer 1

OS:Material,
  {5140c7f7-797c-4f55-bf36-bf3c51094a26}, !- Handle
  G05 25mm wood,                          !- Name
  MediumSmooth,                           !- Roughness
  0.0254,                                 !- Thickness {m}
  0.15,                                   !- Conductivity {W/m-K}
  608,                                    !- Density {kg/m3}
  1630,                                   !- Specific Heat {J/kg-K}
  0.9,                                    !- Thermal Absorptance
  0.5,                                    !- Solar Absorptance
  0.5;                                    !- Visible Absorptance

OS:StandardsInformation:Construction,
  {63b5a03d-2429-448d-835e-5737cab10b27}, !- Handle
  {6035d7fa-01da-4bb5-b693-d4dde1755cac}, !- Construction Name
  InteriorDoor,                           !- Intended Surface Type
  ;                                       !- Standards Construction Type

OS:Construction,
  {66397557-28e9-4450-b20b-1bab15cc62c1}, !- Handle
  Typical Interior Partition,             !- Name
  ,                                       !- Surface Rendering Name
  {5140c7f7-797c-4f55-bf36-bf3c51094a26}; !- Layer 1

OS:StandardsInformation:Construction,
  {ae4d94a7-07d0-4ac9-b762-43513a632017}, !- Handle
  {66397557-28e9-4450-b20b-1bab15cc62c1}, !- Construction Name
  InteriorPartition,                      !- Intended Surface Type
  ;                                       !- Standards Construction Type

OS:Schedule:Constant,
  {c044f5a4-4903-4e6a-9e3e-58c7d1306ff1}, !- Handle
  Always On Discrete,                     !- Name
  {59136b02-f648-4991-a418-3af444d82139}, !- Schedule Type Limits Name
  1;                                      !- Value

OS:ScheduleTypeLimits,
  {59136b02-f648-4991-a418-3af444d82139}, !- Handle
  OnOff,                                  !- Name
  0,                                      !- Lower Limit Value
  1,                                      !- Upper Limit Value
  Discrete,                               !- Numeric Type
  Availability;                           !- Unit Type

OS:SpaceInfiltration:DesignFlowRate,
  {3b02ebb3-b96b-43b9-9dd0-afa345bbc1e8}, !- Handle
  Office WholeBuilding - Sm Office A  - Story Ground Infiltration, !- Name
  {e8348a7d-06cc-4861-80b4-83e9e3300cf2}, !- Space or SpaceType Name
  {c044f5a4-4903-4e6a-9e3e-58c7d1306ff1}, !- Schedule Name
  Flow/ExteriorArea,                      !- Design Flow Rate Calculation Method
  ,                                       !- Design Flow Rate {m3/s}
  ,                                       !- Flow per Space Floor Area {m3/s-m2}
  0.0002278293558,                        !- Flow per Exterior Surface Area {m3/s-m2}
  ,                                       !- Air Changes per Hour {1/hr}
  0,                                      !- Constant Term Coefficient
  0,                                      !- Temperature Term Coefficient
  0.224,                                  !- Velocity Term Coefficient
  0;                                      !- Velocity Squared Term Coefficient

OS:SpaceInfiltration:DesignFlowRate,
  {463c422d-a930-42c7-8637-20f335216839}, !- Handle
  Office WholeBuilding - Sm Office A end_a - Story Ground Infiltration, !- Name
  {c4b5c34f-e19f-4ae8-97b0-af6f303b934f}, !- Space or SpaceType Name
  {c044f5a4-4903-4e6a-9e3e-58c7d1306ff1}, !- Schedule Name
  Flow/ExteriorArea,                      !- Design Flow Rate Calculation Method
  ,                                       !- Design Flow Rate {m3/s}
  ,                                       !- Flow per Space Floor Area {m3/s-m2}
  0.0003254705083,                        !- Flow per Exterior Surface Area {m3/s-m2}
  ,                                       !- Air Changes per Hour {1/hr}
  0,                                      !- Constant Term Coefficient
  0,                                      !- Temperature Term Coefficient
  0.224,                                  !- Velocity Term Coefficient
  0;                                      !- Velocity Squared Term Coefficient

OS:SpaceInfiltration:DesignFlowRate,
  {c83593a1-c499-4ae0-bd2a-4e1f57f067ec}, !- Handle
  Office WholeBuilding - Sm Office A end_b - Story Ground Infiltration, !- Name
  {dbfc452c-12d3-4065-b858-a32712611095}, !- Space or SpaceType Name
  {c044f5a4-4903-4e6a-9e3e-58c7d1306ff1}, !- Schedule Name
  Flow/ExteriorArea,                      !- Design Flow Rate Calculation Method
  ,                                       !- Design Flow Rate {m3/s}
  ,                                       !- Flow per Space Floor Area {m3/s-m2}
  0.0003254705083,                        !- Flow per Exterior Surface Area {m3/s-m2}
  ,                                       !- Air Changes per Hour {1/hr}
  0,                                      !- Constant Term Coefficient
  0,                                      !- Temperature Term Coefficient
  0.224,                                  !- Velocity Term Coefficient
  0;                                      !- Velocity Squared Term Coefficient

OS:SpaceInfiltration:DesignFlowRate,
  {5a2e6825-f7ce-48c8-af38-198e20062a0c}, !- Handle
  Office WholeBuilding - Sm Office B end_a - Story Ground Infiltration, !- Name
  {d3ec23a1-8b1a-49c5-8e7f-dd3b8220226d}, !- Space or SpaceType Name
  {c044f5a4-4903-4e6a-9e3e-58c7d1306ff1}, !- Schedule Name
  Flow/ExteriorArea,                      !- Design Flow Rate Calculation Method
  ,                                       !- Design Flow Rate {m3/s}
  ,                                       !- Flow per Space Floor Area {m3/s-m2}
  0.0002278293558,                        !- Flow per Exterior Surface Area {m3/s-m2}
  ,                                       !- Air Changes per Hour {1/hr}
  0,                                      !- Constant Term Coefficient
  0,                                      !- Temperature Term Coefficient
  0.224,                                  !- Velocity Term Coefficient
  0;                                      !- Velocity Squared Term Coefficient

OS:SpaceInfiltration:DesignFlowRate,
  {01add35f-c59c-44bb-97cb-51a2d081cb58}, !- Handle
  Office WholeBuilding - Sm Office B end_b - Story Ground Infiltration, !- Name
  {59b20e60-996f-4c07-a1c0-c430fc054431}, !- Space or SpaceType Name
  {c044f5a4-4903-4e6a-9e3e-58c7d1306ff1}, !- Schedule Name
  Flow/ExteriorArea,                      !- Design Flow Rate Calculation Method
  ,                                       !- Design Flow Rate {m3/s}
  ,                                       !- Flow per Space Floor Area {m3/s-m2}
  0.0002278293558,                        !- Flow per Exterior Surface Area {m3/s-m2}
  ,                                       !- Air Changes per Hour {1/hr}
  0,                                      !- Constant Term Coefficient
  0,                                      !- Temperature Term Coefficient
  0.224,                                  !- Velocity Term Coefficient
  0;                                      !- Velocity Squared Term Coefficient

OS:SpaceInfiltration:DesignFlowRate,
  {3113090b-049e-4f6c-abe0-d617e6159327}, !- Handle
  Office WholeBuilding - Sm Office C  - Story Ground Infiltration, !- Name
  {6d430e11-5cfa-4c91-8df7-40c339a2f758}, !- Space or SpaceType Name
  {c044f5a4-4903-4e6a-9e3e-58c7d1306ff1}, !- Schedule Name
  Flow/ExteriorArea,                      !- Design Flow Rate Calculation Method
  ,                                       !- Design Flow Rate {m3/s}
  ,                                       !- Flow per Space Floor Area {m3/s-m2}
  0.0002278293558,                        !- Flow per Exterior Surface Area {m3/s-m2}
  ,                                       !- Air Changes per Hour {1/hr}
  0,                                      !- Constant Term Coefficient
  0,                                      !- Temperature Term Coefficient
  0.224,                                  !- Velocity Term Coefficient
  0;                                      !- Velocity Squared Term Coefficient

OS:SpaceInfiltration:DesignFlowRate,
  {cfea7200-5ea6-485c-ba7f-ec9a1bd63383}, !- Handle
  Office WholeBuilding - Sm Office C end_a - Story Ground Infiltration, !- Name
  {f1cc286f-554e-480f-aeee-494ee0aaf56e}, !- Space or SpaceType Name
  {c044f5a4-4903-4e6a-9e3e-58c7d1306ff1}, !- Schedule Name
  Flow/ExteriorArea,                      !- Design Flow Rate Calculation Method
  ,                                       !- Design Flow Rate {m3/s}
  ,                                       !- Flow per Space Floor Area {m3/s-m2}
  0.0003254705083,                        !- Flow per Exterior Surface Area {m3/s-m2}
  ,                                       !- Air Changes per Hour {1/hr}
  0,                                      !- Constant Term Coefficient
  0,                                      !- Temperature Term Coefficient
  0.224,                                  !- Velocity Term Coefficient
  0;                                      !- Velocity Squared Term Coefficient

OS:SpaceInfiltration:DesignFlowRate,
  {67eeb3df-aefd-4cb9-96eb-9b56e2025505}, !- Handle
  Office WholeBuilding - Sm Office C end_b - Story Ground Infiltration, !- Name
  {2077ca4e-43fc-4246-ab9d-1f2b40f39f67}, !- Space or SpaceType Name
  {c044f5a4-4903-4e6a-9e3e-58c7d1306ff1}, !- Schedule Name
  Flow/ExteriorArea,                      !- Design Flow Rate Calculation Method
  ,                                       !- Design Flow Rate {m3/s}
  ,                                       !- Flow per Space Floor Area {m3/s-m2}
  0.0003254705083,                        !- Flow per Exterior Surface Area {m3/s-m2}
  ,                                       !- Air Changes per Hour {1/hr}
  0,                                      !- Constant Term Coefficient
  0,                                      !- Temperature Term Coefficient
  0.224,                                  !- Velocity Term Coefficient
  0;                                      !- Velocity Squared Term Coefficient

OS:Site:GroundTemperature:FCfactorMethod,
  {734184a8-f42d-4df8-b5e2-aa2093b062d1}, !- Handle
  8.6,                                    !- January Ground Temperature {C}
  2.8,                                    !- February Ground Temperature {C}
  -4.1,                                   !- March Ground Temperature {C}
  -8.8,                                   !- April Ground Temperature {C}
  -2.2,                                   !- May Ground Temperature {C}
  0.3,                                    !- June Ground Temperature {C}
  6.7,                                    !- July Ground Temperature {C}
  10.1,                                   !- August Ground Temperature {C}
  16.5,                                   !- September Ground Temperature {C}
  20.6,                                   !- October Ground Temperature {C}
  19.2,                                   !- November Ground Temperature {C}
  14.7;                                   !- December Ground Temperature {C}

OS:Schedule:Ruleset,
  {2771fa42-d7aa-4f22-ad98-8b8a12b400b7}, !- Handle
  Schedule Ruleset 1,                     !- Name
  {386cd627-c084-42b2-8a0a-3875955c84a9}, !- Schedule Type Limits Name
  {0392a88a-8806-4222-8130-125481433177}; !- Default Day Schedule Name

OS:Schedule:Day,
  {0392a88a-8806-4222-8130-125481433177}, !- Handle
  Schedule Day 11,                        !- Name
  {386cd627-c084-42b2-8a0a-3875955c84a9}, !- Schedule Type Limits Name
  ,                                       !- Interpolate to Timestep
  6,                                      !- Hour 1
  0,                                      !- Minute 1
  0,                                      !- Value Until Time 1
  24,                                     !- Hour 2
  0,                                      !- Minute 2
  1;                                      !- Value Until Time 2

OS:Schedule:Ruleset,
  {5ba58f87-dc40-4aee-aa94-4f3af63e8e9d}, !- Handle
  Schedule Ruleset 2,                     !- Name
  {386cd627-c084-42b2-8a0a-3875955c84a9}, !- Schedule Type Limits Name
  {d43896b2-3277-4de9-8086-d8ed1d099eb3}; !- Default Day Schedule Name

OS:Schedule:Day,
  {d43896b2-3277-4de9-8086-d8ed1d099eb3}, !- Handle
  Schedule Day 12,                        !- Name
  {386cd627-c084-42b2-8a0a-3875955c84a9}, !- Schedule Type Limits Name
  ,                                       !- Interpolate to Timestep
  6,                                      !- Hour 1
  0,                                      !- Minute 1
  0.7,                                    !- Value Until Time 1
  24,                                     !- Hour 2
  0,                                      !- Minute 2
  1;                                      !- Value Until Time 2

OS:Exterior:Lights:Definition,
  {17abdadf-418c-4151-80df-2e05c9e5823d}, !- Handle
  Parking Areas and Drives Def (W/ft^2),  !- Name
  0.1;                                    !- Design Level {W}

OS:Exterior:Lights,
  {7f4579ac-9509-4fdc-b0d0-191ffb311fba}, !- Handle
  Parking Areas and Drives,               !- Name
  {17abdadf-418c-4151-80df-2e05c9e5823d}, !- Exterior Lights Definition Name
  {5ba58f87-dc40-4aee-aa94-4f3af63e8e9d}, !- Schedule Name
  AstronomicalClock,                      !- Control Option
  16199.9999999999,                       !- Multiplier
  Parking Areas and Drives;               !- End-Use Subcategory

OS:Exterior:Lights:Definition,
  {dc60a2f2-f80e-49f7-be88-149ca027cf84}, !- Handle
  Building Facades Def (W/ft^2),          !- Name
  0.15;                                   !- Design Level {W}

OS:Exterior:Lights,
  {df22b9d1-0d17-44d2-82b5-72e4f5aded82}, !- Handle
  Building Facades,                       !- Name
  {dc60a2f2-f80e-49f7-be88-149ca027cf84}, !- Exterior Lights Definition Name
  {2771fa42-d7aa-4f22-ad98-8b8a12b400b7}, !- Schedule Name
  AstronomicalClock,                      !- Control Option
  4082.48290463862,                       !- Multiplier
  Building Facades;                       !- End-Use Subcategory

OS:Exterior:Lights:Definition,
  {71beb81d-f3be-480d-abc7-94cd18cd1134}, !- Handle
  Main Entries Def (W/ft),                !- Name
  30;                                     !- Design Level {W}

OS:Exterior:Lights,
  {65cc9422-7708-452d-acc2-5f60bfb797b7}, !- Handle
  Main Entries,                           !- Name
  {71beb81d-f3be-480d-abc7-94cd18cd1134}, !- Exterior Lights Definition Name
  {5ba58f87-dc40-4aee-aa94-4f3af63e8e9d}, !- Schedule Name
  AstronomicalClock,                      !- Control Option
  15.9999999999999,                       !- Multiplier
  Main Entries;                           !- End-Use Subcategory

OS:Exterior:Lights:Definition,
  {5d7e5108-30da-4c92-bc53-f01b93522eb3}, !- Handle
  Other Doors Def (W/ft),                 !- Name
  20;                                     !- Design Level {W}

OS:Exterior:Lights,
  {f00d1014-8fe7-45a2-8372-a16001b69a2d}, !- Handle
  Other Doors,                            !- Name
  {5d7e5108-30da-4c92-bc53-f01b93522eb3}, !- Exterior Lights Definition Name
  {5ba58f87-dc40-4aee-aa94-4f3af63e8e9d}, !- Schedule Name
  AstronomicalClock,                      !- Control Option
  7.99999999999997,                       !- Multiplier
  Other Doors;                            !- End-Use Subcategory

OS:Schedule:Ruleset,
  {c13e34f0-8fd6-4301-a480-2b2a25136e2d}, !- Handle
  OfficeSmall BLDG_SWH_SCH,               !- Name
  {386cd627-c084-42b2-8a0a-3875955c84a9}, !- Schedule Type Limits Name
  {8e91fe68-c6d8-42d6-b0d8-ac8909006de7}, !- Default Day Schedule Name
  {779f365c-4f84-4823-ae62-1df251c64544}, !- Summer Design Day Schedule Name
  {9d2df22d-c4ed-47a3-a456-5f1fb52e5d1e}; !- Winter Design Day Schedule Name

OS:Schedule:Day,
  {8e91fe68-c6d8-42d6-b0d8-ac8909006de7}, !- Handle
  OfficeSmall BLDG_SWH_SCH Default,       !- Name
  {386cd627-c084-42b2-8a0a-3875955c84a9}, !- Schedule Type Limits Name
  ,                                       !- Interpolate to Timestep
  24,                                     !- Hour 1
  0,                                      !- Minute 1
  0;                                      !- Value Until Time 1

OS:Schedule:Day,
  {9d2df22d-c4ed-47a3-a456-5f1fb52e5d1e}, !- Handle
  OfficeSmall BLDG_SWH_SCH Winter Design Day, !- Name
  {386cd627-c084-42b2-8a0a-3875955c84a9}, !- Schedule Type Limits Name
  ,                                       !- Interpolate to Timestep
  7,                                      !- Hour 1
  0,                                      !- Minute 1
  0,                                      !- Value Until Time 1
  8,                                      !- Hour 2
  0,                                      !- Minute 2
  0.27,                                   !- Value Until Time 2
  9,                                      !- Hour 3
  0,                                      !- Minute 3
  0.55,                                   !- Value Until Time 3
  11,                                     !- Hour 4
  0,                                      !- Minute 4
  0.64,                                   !- Value Until Time 4
  12,                                     !- Hour 5
  0,                                      !- Minute 5
  0.82,                                   !- Value Until Time 5
  13,                                     !- Hour 6
  0,                                      !- Minute 6
  1,                                      !- Value Until Time 6
  14,                                     !- Hour 7
  0,                                      !- Minute 7
  0.91,                                   !- Value Until Time 7
  16,                                     !- Hour 8
  0,                                      !- Minute 8
  0.55,                                   !- Value Until Time 8
  17,                                     !- Hour 9
  0,                                      !- Minute 9
  0.73,                                   !- Value Until Time 9
  19,                                     !- Hour 10
  0,                                      !- Minute 10
  0.37,                                   !- Value Until Time 10
  20,                                     !- Hour 11
  0,                                      !- Minute 11
  0.18,                                   !- Value Until Time 11
  21,                                     !- Hour 12
  0,                                      !- Minute 12
  0.27,                                   !- Value Until Time 12
  22,                                     !- Hour 13
  0,                                      !- Minute 13
  0.09,                                   !- Value Until Time 13
  24,                                     !- Hour 14
  0,                                      !- Minute 14
  0;                                      !- Value Until Time 14

OS:Schedule:Day,
  {779f365c-4f84-4823-ae62-1df251c64544}, !- Handle
  OfficeSmall BLDG_SWH_SCH Summer Design Day, !- Name
  {386cd627-c084-42b2-8a0a-3875955c84a9}, !- Schedule Type Limits Name
  ,                                       !- Interpolate to Timestep
  7,                                      !- Hour 1
  0,                                      !- Minute 1
  0,                                      !- Value Until Time 1
  8,                                      !- Hour 2
  0,                                      !- Minute 2
  0.27,                                   !- Value Until Time 2
  9,                                      !- Hour 3
  0,                                      !- Minute 3
  0.55,                                   !- Value Until Time 3
  11,                                     !- Hour 4
  0,                                      !- Minute 4
  0.64,                                   !- Value Until Time 4
  12,                                     !- Hour 5
  0,                                      !- Minute 5
  0.82,                                   !- Value Until Time 5
  13,                                     !- Hour 6
  0,                                      !- Minute 6
  1,                                      !- Value Until Time 6
  14,                                     !- Hour 7
  0,                                      !- Minute 7
  0.91,                                   !- Value Until Time 7
  16,                                     !- Hour 8
  0,                                      !- Minute 8
  0.55,                                   !- Value Until Time 8
  17,                                     !- Hour 9
  0,                                      !- Minute 9
  0.73,                                   !- Value Until Time 9
  19,                                     !- Hour 10
  0,                                      !- Minute 10
  0.37,                                   !- Value Until Time 10
  20,                                     !- Hour 11
  0,                                      !- Minute 11
  0.18,                                   !- Value Until Time 11
  21,                                     !- Hour 12
  0,                                      !- Minute 12
  0.27,                                   !- Value Until Time 12
  22,                                     !- Hour 13
  0,                                      !- Minute 13
  0.09,                                   !- Value Until Time 13
  24,                                     !- Hour 14
  0,                                      !- Minute 14
  0;                                      !- Value Until Time 14

OS:Schedule:Rule,
  {af15b409-b06f-425f-b4ec-9c7dd87f5477}, !- Handle
  Schedule Rule 9,                        !- Name
  {c13e34f0-8fd6-4301-a480-2b2a25136e2d}, !- Schedule Ruleset Name
  0,                                      !- Rule Order
  {65e12a42-a04c-4e65-b750-fb3f37a0b6cd}, !- Day Schedule Name
  ,                                       !- Apply Sunday
  Yes,                                    !- Apply Monday
  Yes,                                    !- Apply Tuesday
  Yes,                                    !- Apply Wednesday
  Yes,                                    !- Apply Thursday
  Yes,                                    !- Apply Friday
  ,                                       !- Apply Saturday
  DateRange,                              !- Date Specification Type
  1,                                      !- Start Month
  1,                                      !- Start Day
  12,                                     !- End Month
  31;                                     !- End Day

OS:Schedule:Day,
  {65e12a42-a04c-4e65-b750-fb3f37a0b6cd}, !- Handle
  OfficeSmall BLDG_SWH_SCH WntrDsn|SmrDsn|Wkdy Day, !- Name
  {386cd627-c084-42b2-8a0a-3875955c84a9}, !- Schedule Type Limits Name
  ,                                       !- Interpolate to Timestep
  7,                                      !- Hour 1
  0,                                      !- Minute 1
  0,                                      !- Value Until Time 1
  8,                                      !- Hour 2
  0,                                      !- Minute 2
  0.27,                                   !- Value Until Time 2
  9,                                      !- Hour 3
  0,                                      !- Minute 3
  0.55,                                   !- Value Until Time 3
  11,                                     !- Hour 4
  0,                                      !- Minute 4
  0.64,                                   !- Value Until Time 4
  12,                                     !- Hour 5
  0,                                      !- Minute 5
  0.82,                                   !- Value Until Time 5
  13,                                     !- Hour 6
  0,                                      !- Minute 6
  1,                                      !- Value Until Time 6
  14,                                     !- Hour 7
  0,                                      !- Minute 7
  0.91,                                   !- Value Until Time 7
  16,                                     !- Hour 8
  0,                                      !- Minute 8
  0.55,                                   !- Value Until Time 8
  17,                                     !- Hour 9
  0,                                      !- Minute 9
  0.73,                                   !- Value Until Time 9
  19,                                     !- Hour 10
  0,                                      !- Minute 10
  0.37,                                   !- Value Until Time 10
  20,                                     !- Hour 11
  0,                                      !- Minute 11
  0.18,                                   !- Value Until Time 11
  21,                                     !- Hour 12
  0,                                      !- Minute 12
  0.27,                                   !- Value Until Time 12
  22,                                     !- Hour 13
  0,                                      !- Minute 13
  0.09,                                   !- Value Until Time 13
  24,                                     !- Hour 14
  0,                                      !- Minute 14
  0;                                      !- Value Until Time 14

OS:WaterUse:Connections,
  {121c9826-3221-456a-a4c4-488d135f57a5}, !- Handle
  Office WholeBuilding - Sm Office - 90.1-2010 WUC 0.09gpm at 140F, !- Name
  {ad3bc21c-2958-4355-81d6-051fe1b11088}, !- Inlet Node Name
  {59be433f-f7e3-4128-9f70-3fdbcebfbf3a}, !- Outlet Node Name
  ,                                       !- Supply Water Storage Tank Name
  ,                                       !- Reclamation Water Storage Tank Name
  ,                                       !- Hot Water Supply Temperature Schedule Name
  ,                                       !- Cold Water Supply Temperature Schedule Name
  None,                                   !- Drain Water Heat Exchanger Type
  Plant,                                  !- Drain Water Heat Exchanger Destination
  ,                                       !- Drain Water Heat Exchanger U-Factor Times Area {W/K}
  {15542618-0de7-421c-837b-1ca13ca0fe07}; !- Water Use Equipment Name 1

OS:WaterUse:Equipment:Definition,
  {ad62043f-3eb1-4dea-a426-4ba4872400fb}, !- Handle
  Office WholeBuilding - Sm Office - 90.1-2010 Service Water Use Def 0.09gpm, !- Name
  ,                                       !- End-Use Subcategory
  5.73338753126557e-06,                   !- Peak Flow Rate {m3/s}
  {518599ae-290a-4d42-a79f-5566305ebaa3}, !- Target Temperature Schedule Name
  {c657a880-285f-4975-9969-348aeb87f701}, !- Sensible Fraction Schedule Name
  {17949782-6e7e-434f-b442-bc1cc902b5d2}; !- Latent Fraction Schedule Name

OS:Schedule:Ruleset,
  {c657a880-285f-4975-9969-348aeb87f701}, !- Handle
  Fraction Sensible - 0.2,                !- Name
  {386cd627-c084-42b2-8a0a-3875955c84a9}, !- Schedule Type Limits Name
  {a77a8062-6ab8-42e8-83cd-88bd712f2cdc}; !- Default Day Schedule Name

OS:Schedule:Day,
  {a77a8062-6ab8-42e8-83cd-88bd712f2cdc}, !- Handle
  Fraction Sensible - 0.2 Default,        !- Name
  {386cd627-c084-42b2-8a0a-3875955c84a9}, !- Schedule Type Limits Name
  ,                                       !- Interpolate to Timestep
  24,                                     !- Hour 1
  0,                                      !- Minute 1
  0.2;                                    !- Value Until Time 1

OS:Schedule:Ruleset,
  {17949782-6e7e-434f-b442-bc1cc902b5d2}, !- Handle
  Fraction Latent - 0.05,                 !- Name
  {386cd627-c084-42b2-8a0a-3875955c84a9}, !- Schedule Type Limits Name
  {e4426a64-9d29-42ea-b47a-05b773369568}; !- Default Day Schedule Name

OS:Schedule:Day,
  {e4426a64-9d29-42ea-b47a-05b773369568}, !- Handle
  Fraction Latent - 0.05 Default,         !- Name
  {386cd627-c084-42b2-8a0a-3875955c84a9}, !- Schedule Type Limits Name
  ,                                       !- Interpolate to Timestep
  24,                                     !- Hour 1
  0,                                      !- Minute 1
  0.05;                                   !- Value Until Time 1

OS:Schedule:Ruleset,
  {518599ae-290a-4d42-a79f-5566305ebaa3}, !- Handle
  Mixed Water At Faucet Temp - 140F,      !- Name
  {14a1b92d-282a-4b85-ac75-0892d3728f10}, !- Schedule Type Limits Name
  {35ae1aa7-e908-459e-bf4e-09d2af20f041}; !- Default Day Schedule Name

OS:Schedule:Day,
  {35ae1aa7-e908-459e-bf4e-09d2af20f041}, !- Handle
  Mixed Water At Faucet Temp - 140F Default, !- Name
  {14a1b92d-282a-4b85-ac75-0892d3728f10}, !- Schedule Type Limits Name
  ,                                       !- Interpolate to Timestep
  24,                                     !- Hour 1
  0,                                      !- Minute 1
  60.0000000000001;                       !- Value Until Time 1

OS:ScheduleTypeLimits,
  {14a1b92d-282a-4b85-ac75-0892d3728f10}, !- Handle
  Temperature,                            !- Name
  ,                                       !- Lower Limit Value
  ,                                       !- Upper Limit Value
  Continuous,                             !- Numeric Type
  Temperature;                            !- Unit Type

OS:WaterUse:Equipment,
  {15542618-0de7-421c-837b-1ca13ca0fe07}, !- Handle
  Office WholeBuilding - Sm Office - 90.1-2010 Service Water Use 0.09gpm at 140F, !- Name
  {ad62043f-3eb1-4dea-a426-4ba4872400fb}, !- Water Use Equipment Definition Name
  ,                                       !- Space Name
  {c13e34f0-8fd6-4301-a480-2b2a25136e2d}; !- Flow Rate Fraction Schedule Name

OS:PlantLoop,
  {ea383794-59b5-4dbc-8324-b096e9143a14}, !- Handle
  Office Shared Service Water Loop,       !- Name
  ,                                       !- Fluid Type
  0,                                      !- Glycol Concentration
  ,                                       !- User Defined Fluid Type
  ,                                       !- Plant Equipment Operation Heating Load
  ,                                       !- Plant Equipment Operation Cooling Load
  ,                                       !- Primary Plant Equipment Operation Scheme
  {b90d0ffb-b4c0-4ae9-a1dd-4db2ae07f100}, !- Loop Temperature Setpoint Node Name
  60,                                     !- Maximum Loop Temperature {C}
  10,                                     !- Minimum Loop Temperature {C}
  ,                                       !- Maximum Loop Flow Rate {m3/s}
  ,                                       !- Minimum Loop Flow Rate {m3/s}
  Autocalculate,                          !- Plant Loop Volume {m3}
  {d0566f60-b8e6-4ecb-af94-4d4e6b3fb85c}, !- Plant Side Inlet Node Name
  {a781fb68-4809-4569-99f7-9d767ecfc44e}, !- Plant Side Outlet Node Name
  ,                                       !- Plant Side Branch List Name
  {636e55b4-39db-4927-b1b5-3f1c89204a4d}, !- Demand Side Inlet Node Name
  {504fe952-d930-45af-afbe-c8bb84ca0e46}, !- Demand Side Outlet Node Name
  ,                                       !- Demand Side Branch List Name
  ,                                       !- Demand Side Connector List Name
  Optimal,                                !- Load Distribution Scheme
  {489f526c-d450-4611-ae69-b75a37d4cc43}, !- Availability Manager List Name
  ,                                       !- Plant Loop Demand Calculation Scheme
  ,                                       !- Common Pipe Simulation
  ,                                       !- Pressure Simulation Type
  ,                                       !- Plant Equipment Operation Heating Load Schedule
  ,                                       !- Plant Equipment Operation Cooling Load Schedule
  ,                                       !- Primary Plant Equipment Operation Scheme Schedule
  ,                                       !- Component Setpoint Operation Scheme Schedule
  {5c7e1789-a55a-4ed2-bce3-20ce7cae19aa}, !- Demand Mixer Name
  {96c0970c-9d78-47df-bc25-5519863066a5}, !- Demand Splitter Name
  {0ff963c7-3204-4011-be31-9d1bd97b1f74}, !- Supply Mixer Name
  {62fdd954-d5f9-45b6-b5c6-b02ed8aa568c}; !- Supply Splitter Name

OS:Node,
  {512b0017-bdfc-4f35-9f44-e7fdf173c63d}, !- Handle
  Office Shared Service Water Loop Supply Inlet Node, !- Name
  {d0566f60-b8e6-4ecb-af94-4d4e6b3fb85c}, !- Inlet Port
  {7ee016e4-e17e-4431-af6d-f2d2617b1c82}; !- Outlet Port

OS:Node,
  {b90d0ffb-b4c0-4ae9-a1dd-4db2ae07f100}, !- Handle
  Office Shared Service Water Loop Supply Outlet Node, !- Name
  {4224728b-1ca5-4694-953a-f7a18498c43e}, !- Inlet Port
  {a781fb68-4809-4569-99f7-9d767ecfc44e}; !- Outlet Port

OS:Node,
  {d8bf50a0-d2a1-4bc6-b03e-224490f01f84}, !- Handle
  40gal NaturalGas Water Heater - 6kBtu/hr Supply Inlet Water Node, !- Name
  {a1de0c27-1cfd-4b7c-9554-582c190fbc60}, !- Inlet Port
  {eb6b3db7-62e8-425d-874d-e6e87568ea1a}; !- Outlet Port

OS:Connector:Mixer,
  {0ff963c7-3204-4011-be31-9d1bd97b1f74}, !- Handle
  Connector Mixer 1,                      !- Name
  {c1d9714c-7e3a-4183-96bf-3fa31c9f0850}, !- Outlet Branch Name
  {92aae7f7-2131-4997-96a4-b07ddec83810}, !- Inlet Branch Name 1
  {df22f30b-3352-4867-ab29-29d4d098fddd}; !- Inlet Branch Name 2

OS:Connector:Splitter,
  {62fdd954-d5f9-45b6-b5c6-b02ed8aa568c}, !- Handle
  Connector Splitter 1,                   !- Name
  {9a7bffb9-1be9-4a96-ba8b-39a8b9363e32}, !- Inlet Branch Name
  {a1de0c27-1cfd-4b7c-9554-582c190fbc60}, !- Outlet Branch Name 1
  {bc300fd5-b6c2-4452-9bd6-10a44af42173}; !- Outlet Branch Name 2

OS:Connection,
  {d0566f60-b8e6-4ecb-af94-4d4e6b3fb85c}, !- Handle
  {ea383794-59b5-4dbc-8324-b096e9143a14}, !- Source Object
  14,                                     !- Outlet Port
  {512b0017-bdfc-4f35-9f44-e7fdf173c63d}, !- Target Object
  2;                                      !- Inlet Port

OS:Connection,
  {a1de0c27-1cfd-4b7c-9554-582c190fbc60}, !- Handle
  {62fdd954-d5f9-45b6-b5c6-b02ed8aa568c}, !- Source Object
  3,                                      !- Outlet Port
  {d8bf50a0-d2a1-4bc6-b03e-224490f01f84}, !- Target Object
  2;                                      !- Inlet Port

OS:Connection,
  {a781fb68-4809-4569-99f7-9d767ecfc44e}, !- Handle
  {b90d0ffb-b4c0-4ae9-a1dd-4db2ae07f100}, !- Source Object
  3,                                      !- Outlet Port
  {ea383794-59b5-4dbc-8324-b096e9143a14}, !- Target Object
  15;                                     !- Inlet Port

OS:Node,
  {e7a90ed8-8a4d-472e-9907-813392509800}, !- Handle
  Office Shared Service Water Loop Demand Inlet Node, !- Name
  {636e55b4-39db-4927-b1b5-3f1c89204a4d}, !- Inlet Port
  {76210af6-fdc7-41c6-bb88-4a272a05d800}; !- Outlet Port

OS:Node,
  {9596224f-5b5a-4430-a91b-d60b20083f10}, !- Handle
  Office Shared Service Water Loop Demand Outlet Node, !- Name
  {eaca0007-1605-4cdb-97fc-f424d3e5efba}, !- Inlet Port
  {504fe952-d930-45af-afbe-c8bb84ca0e46}; !- Outlet Port

OS:Node,
  {bdbb21f0-4309-49c3-b765-706cd5b6f0c9}, !- Handle
  Pipe Adiabatic 2 Inlet Water Node,      !- Name
  {ade7421b-52f1-4d0f-a1c9-bcc2d3e1e427}, !- Inlet Port
  {b571de7e-ce3e-4fd3-bfc2-8815d2bb7f0e}; !- Outlet Port

OS:Connector:Mixer,
  {5c7e1789-a55a-4ed2-bce3-20ce7cae19aa}, !- Handle
  Connector Mixer 2,                      !- Name
  {d2f1d293-f4ad-4ce2-bfb7-df54761b5e28}, !- Outlet Branch Name
  {25fcc62c-dd71-4a60-b12e-f8f8cd3cf957}, !- Inlet Branch Name 1
  {18990053-9b38-4172-afd2-193f28aa485b}; !- Inlet Branch Name 2

OS:Connector:Splitter,
  {96c0970c-9d78-47df-bc25-5519863066a5}, !- Handle
  Connector Splitter 2,                   !- Name
  {16802773-48b1-4e20-a246-ae522db87f40}, !- Inlet Branch Name
  {ade7421b-52f1-4d0f-a1c9-bcc2d3e1e427}, !- Outlet Branch Name 1
  {9a78512f-8e02-47d8-a437-5875836b3217}; !- Outlet Branch Name 2

OS:Connection,
  {636e55b4-39db-4927-b1b5-3f1c89204a4d}, !- Handle
  {ea383794-59b5-4dbc-8324-b096e9143a14}, !- Source Object
  17,                                     !- Outlet Port
  {e7a90ed8-8a4d-472e-9907-813392509800}, !- Target Object
  2;                                      !- Inlet Port

OS:Connection,
  {ade7421b-52f1-4d0f-a1c9-bcc2d3e1e427}, !- Handle
  {96c0970c-9d78-47df-bc25-5519863066a5}, !- Source Object
  3,                                      !- Outlet Port
  {bdbb21f0-4309-49c3-b765-706cd5b6f0c9}, !- Target Object
  2;                                      !- Inlet Port

OS:Connection,
  {504fe952-d930-45af-afbe-c8bb84ca0e46}, !- Handle
  {9596224f-5b5a-4430-a91b-d60b20083f10}, !- Source Object
  3,                                      !- Outlet Port
  {ea383794-59b5-4dbc-8324-b096e9143a14}, !- Target Object
  18;                                     !- Inlet Port

OS:Sizing:Plant,
  {0fd7e8b5-2817-459b-b9a4-cb20107e7917}, !- Handle
  {ea383794-59b5-4dbc-8324-b096e9143a14}, !- Plant or Condenser Loop Name
  Heating,                                !- Loop Type
  60.0000000000001,                       !- Design Loop Exit Temperature {C}
  5,                                      !- Loop Design Temperature Difference {deltaC}
  NonCoincident,                          !- Sizing Option
  1,                                      !- Zone Timesteps in Averaging Window
  None;                                   !- Coincident Sizing Factor Mode

OS:AvailabilityManagerAssignmentList,
  {489f526c-d450-4611-ae69-b75a37d4cc43}, !- Handle
  Plant Loop 1 AvailabilityManagerAssignmentList; !- Name

OS:ScheduleTypeLimits,
  {7810b196-ddd7-4318-84fa-df72a38a2ade}, !- Handle
  Temperature Schedule Type Limits,       !- Name
  0,                                      !- Lower Limit Value
  100,                                    !- Upper Limit Value
  Continuous,                             !- Numeric Type
  Temperature;                            !- Unit Type

OS:Schedule:Ruleset,
  {4cb34cb6-4537-4866-85ca-10d4ee58a7e2}, !- Handle
  Service Water Loop Temp - 140F,         !- Name
  {7810b196-ddd7-4318-84fa-df72a38a2ade}, !- Schedule Type Limits Name
  {b6d7b3cc-d034-4f2c-9d37-f040642b21ea}; !- Default Day Schedule Name

OS:Schedule:Day,
  {b6d7b3cc-d034-4f2c-9d37-f040642b21ea}, !- Handle
  Service Water Loop Temp - 140F Default, !- Name
  {7810b196-ddd7-4318-84fa-df72a38a2ade}, !- Schedule Type Limits Name
  ,                                       !- Interpolate to Timestep
  24,                                     !- Hour 1
  0,                                      !- Minute 1
  60.0000000000001;                       !- Value Until Time 1

OS:SetpointManager:Scheduled,
  {0ca7cbd4-2556-46ec-ae6f-4be985e87c9f}, !- Handle
  Service hot water setpoint manager,     !- Name
  Temperature,                            !- Control Variable
  {4cb34cb6-4537-4866-85ca-10d4ee58a7e2}, !- Schedule Name
  {b90d0ffb-b4c0-4ae9-a1dd-4db2ae07f100}; !- Setpoint Node or NodeList Name

OS:Pump:ConstantSpeed,
  {2458fb8f-bb42-4ec1-bc24-b445f907a9f3}, !- Handle
  Office Shared Service Water Loop Circulator Pump, !- Name
  {7ee016e4-e17e-4431-af6d-f2d2617b1c82}, !- Inlet Node Name
  {84c644d0-d357-4227-b882-d0ab1e7b6063}, !- Outlet Node Name
  autosize,                               !- Rated Flow Rate {m3/s}
  29890.6692,                             !- Rated Pump Head {Pa}
  autosize,                               !- Rated Power Consumption {W}
  0.855,                                  !- Motor Efficiency
  0,                                      !- Fraction of Motor Inefficiencies to Fluid Stream
  Intermittent,                           !- Pump Control Type
  ,                                       !- Pump Flow Rate Schedule
  ,                                       !- Pump Curve
  ,                                       !- Impeller Diameter {m}
  ,                                       !- Rotational Speed {rev/min}
  ,                                       !- Zone
  ,                                       !- Skin Loss Radiative Fraction
  PowerPerFlowPerPressure,                !- Design Power Sizing Method
  348701.1,                               !- Design Electric Power per Unit Flow Rate {W/(m3/s)}
  1.282051282,                            !- Design Shaft Power per Unit Flow Rate per Unit Head {W-s/m3-Pa}
  General;                                !- End-Use Subcategory

OS:Node,
  {7f59cc6c-d5c7-4ad6-b25b-1c99d23f3865}, !- Handle
  Office Shared Service Water Loop Circulator Pump Outlet Water Node, !- Name
  {84c644d0-d357-4227-b882-d0ab1e7b6063}, !- Inlet Port
  {9a7bffb9-1be9-4a96-ba8b-39a8b9363e32}; !- Outlet Port

OS:Connection,
  {7ee016e4-e17e-4431-af6d-f2d2617b1c82}, !- Handle
  {512b0017-bdfc-4f35-9f44-e7fdf173c63d}, !- Source Object
  3,                                      !- Outlet Port
  {2458fb8f-bb42-4ec1-bc24-b445f907a9f3}, !- Target Object
  2;                                      !- Inlet Port

OS:Connection,
  {84c644d0-d357-4227-b882-d0ab1e7b6063}, !- Handle
  {2458fb8f-bb42-4ec1-bc24-b445f907a9f3}, !- Source Object
  3,                                      !- Outlet Port
  {7f59cc6c-d5c7-4ad6-b25b-1c99d23f3865}, !- Target Object
  2;                                      !- Inlet Port

OS:Connection,
  {9a7bffb9-1be9-4a96-ba8b-39a8b9363e32}, !- Handle
  {7f59cc6c-d5c7-4ad6-b25b-1c99d23f3865}, !- Source Object
  3,                                      !- Outlet Port
  {62fdd954-d5f9-45b6-b5c6-b02ed8aa568c}, !- Target Object
  2;                                      !- Inlet Port

OS:ScheduleTypeLimits,
  {b74fc29b-98e9-4ff2-ac61-bfb7f8a77df2}, !- Handle
  Temperature Schedule Type Limits 1,     !- Name
  0,                                      !- Lower Limit Value
  100,                                    !- Upper Limit Value
  Continuous,                             !- Numeric Type
  Temperature;                            !- Unit Type

OS:WaterHeater:Mixed,
  {c0e387ac-398a-40af-ab86-f28edf1d7c33}, !- Handle
  40gal NaturalGas Water Heater - 6kBtu/hr 0.82 Therm Eff, !- Name
  0.151416471358794,                      !- Tank Volume {m3}
  {4cb34cb6-4537-4866-85ca-10d4ee58a7e2}, !- Setpoint Temperature Schedule Name
  2,                                      !- Deadband Temperature Difference {deltaC}
  60.0000000000001,                       !- Maximum Temperature Limit {C}
  Cycle,                                  !- Heater Control Type
  1677.88780618454,                       !- Heater Maximum Capacity {W}
  ,                                       !- Heater Minimum Capacity {W}
  ,                                       !- Heater Ignition Minimum Flow Rate {m3/s}
  ,                                       !- Heater Ignition Delay {s}
  NaturalGas,                             !- Heater Fuel Type
  0.82,                                   !- Heater Thermal Efficiency
  ,                                       !- Part Load Factor Curve Name
  0,                                      !- Off Cycle Parasitic Fuel Consumption Rate {W}
  NaturalGas,                             !- Off Cycle Parasitic Fuel Type
  0,                                      !- Off Cycle Parasitic Heat Fraction to Tank
  0,                                      !- On Cycle Parasitic Fuel Consumption Rate {W}
  NaturalGas,                             !- On Cycle Parasitic Fuel Type
  0,                                      !- On Cycle Parasitic Heat Fraction to Tank
  Schedule,                               !- Ambient Temperature Indicator
  {823b7997-3e42-4564-aea0-3c3b64ec237d}, !- Ambient Temperature Schedule Name
  ,                                       !- Ambient Temperature Thermal Zone Name
  ,                                       !- Ambient Temperature Outdoor Air Node Name
  0.587017617407386,                      !- Off Cycle Loss Coefficient to Ambient Temperature {W/K}
  ,                                       !- Off Cycle Loss Fraction to Thermal Zone
  0.587017617407386,                      !- On Cycle Loss Coefficient to Ambient Temperature {W/K}
  ,                                       !- On Cycle Loss Fraction to Thermal Zone
  ,                                       !- Peak Use Flow Rate {m3/s}
  ,                                       !- Use Flow Rate Fraction Schedule Name
  ,                                       !- Cold Water Supply Temperature Schedule Name
  {eb6b3db7-62e8-425d-874d-e6e87568ea1a}, !- Use Side Inlet Node Name
  {5aef2980-1d71-48f3-ad15-bf7a4fa82d5a}, !- Use Side Outlet Node Name
  1,                                      !- Use Side Effectiveness
  ,                                       !- Source Side Inlet Node Name
  ,                                       !- Source Side Outlet Node Name
  1,                                      !- Source Side Effectiveness
  autosize,                               !- Use Side Design Flow Rate {m3/s}
  autosize,                               !- Source Side Design Flow Rate {m3/s}
  1.5,                                    !- Indirect Water Heating Recovery Time {hr}
  IndirectHeatPrimarySetpoint,            !- Source Side Flow Control Mode
  ,                                       !- Indirect Alternate Setpoint Temperature Schedule Name
  General;                                !- End-Use Subcategory

OS:WaterHeater:Sizing,
  {a1ea8c4b-5b40-444c-928e-0937e1fb8a9b}, !- Handle
  {c0e387ac-398a-40af-ab86-f28edf1d7c33}, !- WaterHeater Name
  PeakDraw,                               !- Design Mode
  0.538503,                               !- Time Storage Can Meet Peak Draw {hr}
  0,                                      !- Time for Tank Recovery {hr}
  1;                                      !- Nominal Tank Volume for Autosizing Plant Connections {m3}

OS:Schedule:Ruleset,
  {823b7997-3e42-4564-aea0-3c3b64ec237d}, !- Handle
  Water Heater Ambient Temp Schedule - 71.6f, !- Name
  {b74fc29b-98e9-4ff2-ac61-bfb7f8a77df2}, !- Schedule Type Limits Name
  {9f53085e-06fe-437b-b302-394b8aa5ebe7}; !- Default Day Schedule Name

OS:Schedule:Day,
  {9f53085e-06fe-437b-b302-394b8aa5ebe7}, !- Handle
  Water Heater Ambient Temp Schedule - 71.6f Default, !- Name
  {b74fc29b-98e9-4ff2-ac61-bfb7f8a77df2}, !- Schedule Type Limits Name
  ,                                       !- Interpolate to Timestep
  24,                                     !- Hour 1
  0,                                      !- Minute 1
  22.0000000000001;                       !- Value Until Time 1

OS:Node,
  {025496ec-d032-4cfd-baba-63ebb0d99d85}, !- Handle
  40gal NaturalGas Water Heater - 6kBtu/hr Supply Outlet Water Node, !- Name
  {5aef2980-1d71-48f3-ad15-bf7a4fa82d5a}, !- Inlet Port
  {92aae7f7-2131-4997-96a4-b07ddec83810}; !- Outlet Port

OS:Connection,
  {eb6b3db7-62e8-425d-874d-e6e87568ea1a}, !- Handle
  {d8bf50a0-d2a1-4bc6-b03e-224490f01f84}, !- Source Object
  3,                                      !- Outlet Port
  {c0e387ac-398a-40af-ab86-f28edf1d7c33}, !- Target Object
  31;                                     !- Inlet Port

OS:Connection,
  {5aef2980-1d71-48f3-ad15-bf7a4fa82d5a}, !- Handle
  {c0e387ac-398a-40af-ab86-f28edf1d7c33}, !- Source Object
  32,                                     !- Outlet Port
  {025496ec-d032-4cfd-baba-63ebb0d99d85}, !- Target Object
  2;                                      !- Inlet Port

OS:Connection,
  {92aae7f7-2131-4997-96a4-b07ddec83810}, !- Handle
  {025496ec-d032-4cfd-baba-63ebb0d99d85}, !- Source Object
  3,                                      !- Outlet Port
  {0ff963c7-3204-4011-be31-9d1bd97b1f74}, !- Target Object
  3;                                      !- Inlet Port

OS:AdditionalProperties,
  {16fa64ea-08a8-4981-b662-312fa14a11c2}, !- Handle
  {c0e387ac-398a-40af-ab86-f28edf1d7c33}; !- Object Name

OS:Schedule:Ruleset,
  {eef58281-253e-40aa-9ae2-b0b59bac3740}, !- Handle
  Office Shared Service Water Loop Piping Air Velocity - 0.67mph, !- Name
  {14a1b92d-282a-4b85-ac75-0892d3728f10}, !- Schedule Type Limits Name
  {a79ce828-dd83-443b-91da-ca33b9c85f30}; !- Default Day Schedule Name

OS:Schedule:Day,
  {a79ce828-dd83-443b-91da-ca33b9c85f30}, !- Handle
  Office Shared Service Water Loop Piping Air Velocity - 0.67mph Default, !- Name
  {14a1b92d-282a-4b85-ac75-0892d3728f10}, !- Schedule Type Limits Name
  ,                                       !- Interpolate to Timestep
  24,                                     !- Hour 1
  0,                                      !- Minute 1
  0.3;                                    !- Value Until Time 1

OS:Material,
  {e4755c03-8fb5-424b-aa6c-49ebde6fa1c6}, !- Handle
  Copper pipe 0.75in type L,              !- Name
  Smooth,                                 !- Roughness
  0.001143,                               !- Thickness {m}
  386,                                    !- Conductivity {W/m-K}
  8906.26563592184,                       !- Density {kg/m3}
  385.1856,                               !- Specific Heat {J/kg-K}
  0.9,                                    !- Thermal Absorptance
  0.7,                                    !- Solar Absorptance
  0.7;                                    !- Visible Absorptance

OS:Construction,
  {0d7c9208-f357-4bf6-9431-ce263ace91cd}, !- Handle
  Copper pipe 0.75in type L with 0.5in fiberglass batt, !- Name
  ,                                       !- Surface Rendering Name
  {d9d82662-a40e-435c-a67c-5b3f1035c4d2}, !- Layer 1
  {e4755c03-8fb5-424b-aa6c-49ebde6fa1c6}; !- Layer 2

OS:Material,
  {d9d82662-a40e-435c-a67c-5b3f1035c4d2}, !- Handle
  Fiberglass batt 0.5in,                  !- Name
  Smooth,                                 !- Roughness
  0.0127,                                 !- Thickness {m}
  0.06634482887757,                       !- Conductivity {W/m-K}
  11.2129243617721,                       !- Density {kg/m3}
  837.36,                                 !- Specific Heat {J/kg-K}
  0.9,                                    !- Thermal Absorptance
  0.7,                                    !- Solar Absorptance
  0.7;                                    !- Visible Absorptance

OS:Pipe:Indoor,
  {e4623dd4-535c-4eac-a786-631329f9ee3f}, !- Handle
  Office Shared Service Water Loop Pipe 199.99999999999963ft, !- Name
  {0d7c9208-f357-4bf6-9431-ce263ace91cd}, !- Construction
  {76210af6-fdc7-41c6-bb88-4a272a05d800}, !- Fluid Inlet Node
  {8e6a54fb-a534-4278-8b63-0c416998633a}, !- Fluid Outlet Node
  Schedule,                               !- Environment Type
  ,                                       !- Ambient Temperature Zone
  {a47e01b2-ee9e-481a-9c80-ff2a104d7f04}, !- Ambient Temperature Schedule
  {eef58281-253e-40aa-9ae2-b0b59bac3740}, !- Ambient Air Velocity Schedule
  0.019939,                               !- Pipe Inside Diameter {m}
  60.9599999999999;                       !- Pipe Length {m}

OS:Node,
  {92557e52-74ad-470e-b2cc-bc717d59fac3}, !- Handle
  Office Shared Service Water Loop Pipe 199.99999999999963ft Outlet Water Node, !- Name
  {8e6a54fb-a534-4278-8b63-0c416998633a}, !- Inlet Port
  {16802773-48b1-4e20-a246-ae522db87f40}; !- Outlet Port

OS:Connection,
  {76210af6-fdc7-41c6-bb88-4a272a05d800}, !- Handle
  {e7a90ed8-8a4d-472e-9907-813392509800}, !- Source Object
  3,                                      !- Outlet Port
  {e4623dd4-535c-4eac-a786-631329f9ee3f}, !- Target Object
  3;                                      !- Inlet Port

OS:Connection,
  {8e6a54fb-a534-4278-8b63-0c416998633a}, !- Handle
  {e4623dd4-535c-4eac-a786-631329f9ee3f}, !- Source Object
  4,                                      !- Outlet Port
  {92557e52-74ad-470e-b2cc-bc717d59fac3}, !- Target Object
  2;                                      !- Inlet Port

OS:Connection,
  {16802773-48b1-4e20-a246-ae522db87f40}, !- Handle
  {92557e52-74ad-470e-b2cc-bc717d59fac3}, !- Source Object
  3,                                      !- Outlet Port
  {96c0970c-9d78-47df-bc25-5519863066a5}, !- Target Object
  2;                                      !- Inlet Port

OS:Pipe:Adiabatic,
  {b6fa4ec6-d7b3-4540-8d2d-0552b66b47e2}, !- Handle
  Pipe Adiabatic 1,                       !- Name
  {09bfb484-3259-42ec-83bb-139fca62c524}, !- Inlet Node Name
  {5e0a8dbf-f78d-44f0-909c-11431d4bfaad}; !- Outlet Node Name

OS:Node,
  {8f9576e5-6604-44ac-8a17-474697cbcf4f}, !- Handle
  Pipe Adiabatic 1 Inlet Water Node,      !- Name
  {bc300fd5-b6c2-4452-9bd6-10a44af42173}, !- Inlet Port
  {09bfb484-3259-42ec-83bb-139fca62c524}; !- Outlet Port

OS:Connection,
  {bc300fd5-b6c2-4452-9bd6-10a44af42173}, !- Handle
  {62fdd954-d5f9-45b6-b5c6-b02ed8aa568c}, !- Source Object
  4,                                      !- Outlet Port
  {8f9576e5-6604-44ac-8a17-474697cbcf4f}, !- Target Object
  2;                                      !- Inlet Port

OS:Node,
  {f3a0dde8-b7fc-461d-bc40-2e8c2da8997a}, !- Handle
  Pipe Adiabatic 1 Outlet Water Node,     !- Name
  {5e0a8dbf-f78d-44f0-909c-11431d4bfaad}, !- Inlet Port
  {df22f30b-3352-4867-ab29-29d4d098fddd}; !- Outlet Port

OS:Connection,
  {09bfb484-3259-42ec-83bb-139fca62c524}, !- Handle
  {8f9576e5-6604-44ac-8a17-474697cbcf4f}, !- Source Object
  3,                                      !- Outlet Port
  {b6fa4ec6-d7b3-4540-8d2d-0552b66b47e2}, !- Target Object
  2;                                      !- Inlet Port

OS:Connection,
  {5e0a8dbf-f78d-44f0-909c-11431d4bfaad}, !- Handle
  {b6fa4ec6-d7b3-4540-8d2d-0552b66b47e2}, !- Source Object
  3,                                      !- Outlet Port
  {f3a0dde8-b7fc-461d-bc40-2e8c2da8997a}, !- Target Object
  2;                                      !- Inlet Port

OS:Connection,
  {df22f30b-3352-4867-ab29-29d4d098fddd}, !- Handle
  {f3a0dde8-b7fc-461d-bc40-2e8c2da8997a}, !- Source Object
  3,                                      !- Outlet Port
  {0ff963c7-3204-4011-be31-9d1bd97b1f74}, !- Target Object
  4;                                      !- Inlet Port

OS:Pipe:Adiabatic,
  {f20c14bc-a74d-4a45-ba88-d62cbf78e0b1}, !- Handle
  Pipe Adiabatic 2,                       !- Name
  {b571de7e-ce3e-4fd3-bfc2-8815d2bb7f0e}, !- Inlet Node Name
  {35d6b2e7-e008-4998-a133-5ea6f6786616}; !- Outlet Node Name

OS:Node,
  {c79c3d1c-8a8d-4553-9825-bf1e00a534a2}, !- Handle
  Pipe Adiabatic 2 Outlet Water Node,     !- Name
  {35d6b2e7-e008-4998-a133-5ea6f6786616}, !- Inlet Port
  {25fcc62c-dd71-4a60-b12e-f8f8cd3cf957}; !- Outlet Port

OS:Connection,
  {b571de7e-ce3e-4fd3-bfc2-8815d2bb7f0e}, !- Handle
  {bdbb21f0-4309-49c3-b765-706cd5b6f0c9}, !- Source Object
  3,                                      !- Outlet Port
  {f20c14bc-a74d-4a45-ba88-d62cbf78e0b1}, !- Target Object
  2;                                      !- Inlet Port

OS:Connection,
  {35d6b2e7-e008-4998-a133-5ea6f6786616}, !- Handle
  {f20c14bc-a74d-4a45-ba88-d62cbf78e0b1}, !- Source Object
  3,                                      !- Outlet Port
  {c79c3d1c-8a8d-4553-9825-bf1e00a534a2}, !- Target Object
  2;                                      !- Inlet Port

OS:Connection,
  {25fcc62c-dd71-4a60-b12e-f8f8cd3cf957}, !- Handle
  {c79c3d1c-8a8d-4553-9825-bf1e00a534a2}, !- Source Object
  3,                                      !- Outlet Port
  {5c7e1789-a55a-4ed2-bce3-20ce7cae19aa}, !- Target Object
  3;                                      !- Inlet Port

OS:Pipe:Adiabatic,
  {90ce02f5-ecce-4b1a-97e9-bfe750d8de19}, !- Handle
  Pipe Adiabatic 3,                       !- Name
  {f161587c-5c37-47a4-b56b-3ced3c650595}, !- Inlet Node Name
  {4224728b-1ca5-4694-953a-f7a18498c43e}; !- Outlet Node Name

OS:Node,
  {2b511e33-757c-4bd0-8133-077ed4d41c71}, !- Handle
  Pipe Adiabatic 3 Inlet Water Node,      !- Name
  {c1d9714c-7e3a-4183-96bf-3fa31c9f0850}, !- Inlet Port
  {f161587c-5c37-47a4-b56b-3ced3c650595}; !- Outlet Port

OS:Connection,
  {c1d9714c-7e3a-4183-96bf-3fa31c9f0850}, !- Handle
  {0ff963c7-3204-4011-be31-9d1bd97b1f74}, !- Source Object
  2,                                      !- Outlet Port
  {2b511e33-757c-4bd0-8133-077ed4d41c71}, !- Target Object
  2;                                      !- Inlet Port

OS:Connection,
  {f161587c-5c37-47a4-b56b-3ced3c650595}, !- Handle
  {2b511e33-757c-4bd0-8133-077ed4d41c71}, !- Source Object
  3,                                      !- Outlet Port
  {90ce02f5-ecce-4b1a-97e9-bfe750d8de19}, !- Target Object
  2;                                      !- Inlet Port

OS:Connection,
  {4224728b-1ca5-4694-953a-f7a18498c43e}, !- Handle
  {90ce02f5-ecce-4b1a-97e9-bfe750d8de19}, !- Source Object
  3,                                      !- Outlet Port
  {b90d0ffb-b4c0-4ae9-a1dd-4db2ae07f100}, !- Target Object
  2;                                      !- Inlet Port

OS:Pipe:Adiabatic,
  {4e43c86b-a9cc-414e-9a12-f4ceca80f79a}, !- Handle
  Pipe Adiabatic 4,                       !- Name
  {e28de646-62be-42c4-b608-66f3f3968147}, !- Inlet Node Name
  {eaca0007-1605-4cdb-97fc-f424d3e5efba}; !- Outlet Node Name

OS:Node,
  {25e0173f-6ebd-41e5-b725-984893bc02f8}, !- Handle
  Pipe Adiabatic 4 Inlet Water Node,      !- Name
  {d2f1d293-f4ad-4ce2-bfb7-df54761b5e28}, !- Inlet Port
  {e28de646-62be-42c4-b608-66f3f3968147}; !- Outlet Port

OS:Connection,
  {d2f1d293-f4ad-4ce2-bfb7-df54761b5e28}, !- Handle
  {5c7e1789-a55a-4ed2-bce3-20ce7cae19aa}, !- Source Object
  2,                                      !- Outlet Port
  {25e0173f-6ebd-41e5-b725-984893bc02f8}, !- Target Object
  2;                                      !- Inlet Port

OS:Connection,
  {e28de646-62be-42c4-b608-66f3f3968147}, !- Handle
  {25e0173f-6ebd-41e5-b725-984893bc02f8}, !- Source Object
  3,                                      !- Outlet Port
  {4e43c86b-a9cc-414e-9a12-f4ceca80f79a}, !- Target Object
  2;                                      !- Inlet Port

OS:Connection,
  {eaca0007-1605-4cdb-97fc-f424d3e5efba}, !- Handle
  {4e43c86b-a9cc-414e-9a12-f4ceca80f79a}, !- Source Object
  3,                                      !- Outlet Port
  {9596224f-5b5a-4430-a91b-d60b20083f10}, !- Target Object
  2;                                      !- Inlet Port

OS:Node,
  {b27bbe7d-a86d-4254-bd5d-c2087a6d80e9}, !- Handle
  Office WholeBuilding - Sm Office - 90.1-2010 WUC 0.09gpm at 140F Inlet Water Node, !- Name
  {9a78512f-8e02-47d8-a437-5875836b3217}, !- Inlet Port
  {ad3bc21c-2958-4355-81d6-051fe1b11088}; !- Outlet Port

OS:Connection,
  {9a78512f-8e02-47d8-a437-5875836b3217}, !- Handle
  {96c0970c-9d78-47df-bc25-5519863066a5}, !- Source Object
  4,                                      !- Outlet Port
  {b27bbe7d-a86d-4254-bd5d-c2087a6d80e9}, !- Target Object
  2;                                      !- Inlet Port

OS:Node,
  {1a8d15c9-130e-4dc4-9822-3de8e2987554}, !- Handle
  Office WholeBuilding - Sm Office - 90.1-2010 WUC 0.09gpm at 140F Outlet Water Node, !- Name
  {59be433f-f7e3-4128-9f70-3fdbcebfbf3a}, !- Inlet Port
  {18990053-9b38-4172-afd2-193f28aa485b}; !- Outlet Port

OS:Connection,
  {ad3bc21c-2958-4355-81d6-051fe1b11088}, !- Handle
  {b27bbe7d-a86d-4254-bd5d-c2087a6d80e9}, !- Source Object
  3,                                      !- Outlet Port
  {121c9826-3221-456a-a4c4-488d135f57a5}, !- Target Object
  2;                                      !- Inlet Port

OS:Connection,
  {59be433f-f7e3-4128-9f70-3fdbcebfbf3a}, !- Handle
  {121c9826-3221-456a-a4c4-488d135f57a5}, !- Source Object
  3,                                      !- Outlet Port
  {1a8d15c9-130e-4dc4-9822-3de8e2987554}, !- Target Object
  2;                                      !- Inlet Port

OS:Connection,
  {18990053-9b38-4172-afd2-193f28aa485b}, !- Handle
  {1a8d15c9-130e-4dc4-9822-3de8e2987554}, !- Source Object
  3,                                      !- Outlet Port
  {5c7e1789-a55a-4ed2-bce3-20ce7cae19aa}, !- Target Object
  4;                                      !- Inlet Port

OS:Schedule:Constant,
  {a47e01b2-ee9e-481a-9c80-ff2a104d7f04}, !- Handle
  Temporary Pipe Indoor Ambient Temp 83.1F, !- Name
  ,                                       !- Schedule Type Limits Name
  28.4;                                   !- Value

OS:Daylighting:Control,
  {4de8fd34-2323-4702-a0f5-02dee087f92d}, !- Handle
  Office WholeBuilding - Sm Office A  - Story Ground Daylt Sensor 1, !- Name
  {e8348a7d-06cc-4861-80b4-83e9e3300cf2}, !- Space Name
  14.0931118400078,                       !- Position X-Coordinate {m}
  0.805216829243572,                      !- Position Y-Coordinate {m}
  0.762,                                  !- Position Z-Coordinate {m}
  ,                                       !- Psi Rotation Around X-Axis {deg}
  ,                                       !- Theta Rotation Around Y-Axis {deg}
  ,                                       !- Phi Rotation Around Z-Axis {deg}
  377,                                    !- Illuminance Setpoint {lux}
  Stepped,                                !- Lighting Control Type
  0.3,                                    !- Minimum Input Power Fraction for Continuous Dimming Control
  0.2,                                    !- Minimum Light Output Fraction for Continuous Dimming Control
  3,                                      !- Number of Stepped Control Steps
  1,                                      !- Probability Lighting will be Reset When Needed in Manual Stepped Control
  ,                                       !- Number of Daylighting Views
  22;                                     !- Maximum Allowable Discomfort Glare Index

OS:Daylighting:Control,
  {c183668b-8b03-4c32-a784-bcad0d600535}, !- Handle
  Office WholeBuilding - Sm Office C  - Story Ground Daylt Sensor 1, !- Name
  {6d430e11-5cfa-4c91-8df7-40c339a2f758}, !- Space Name
  14.0931118400078,                       !- Position X-Coordinate {m}
  3.76678317075643,                       !- Position Y-Coordinate {m}
  0.762,                                  !- Position Z-Coordinate {m}
  ,                                       !- Psi Rotation Around X-Axis {deg}
  ,                                       !- Theta Rotation Around Y-Axis {deg}
  ,                                       !- Phi Rotation Around Z-Axis {deg}
  377,                                    !- Illuminance Setpoint {lux}
  Stepped,                                !- Lighting Control Type
  0.3,                                    !- Minimum Input Power Fraction for Continuous Dimming Control
  0.2,                                    !- Minimum Light Output Fraction for Continuous Dimming Control
  3,                                      !- Number of Stepped Control Steps
  1,                                      !- Probability Lighting will be Reset When Needed in Manual Stepped Control
  ,                                       !- Number of Daylighting Views
  22;                                     !- Maximum Allowable Discomfort Glare Index

OS:ThermostatSetpoint:DualSetpoint,
  {61b9bb1d-a4b3-480e-804e-27c86cd8a9cf}, !- Handle
  Office WholeBuilding - Sm Office - 90.1-2010 Thermostat, !- Name
  {a6652226-7b4d-41c7-9e45-ed5cea52a005}, !- Heating Setpoint Temperature Schedule Name
  {07713d25-59d9-4e63-af7a-6a32299ce76b}; !- Cooling Setpoint Temperature Schedule Name

OS:Schedule:Ruleset,
  {a6652226-7b4d-41c7-9e45-ed5cea52a005}, !- Handle
  OfficeSmall HTGSETP_SCH_NO_OPTIMUM,     !- Name
  {14a1b92d-282a-4b85-ac75-0892d3728f10}, !- Schedule Type Limits Name
  {7d223e44-7e50-4657-9633-64cd3f0cd464}, !- Default Day Schedule Name
  {ae32dfff-12d2-4f3d-8381-3573cc0e1948}, !- Summer Design Day Schedule Name
  {d206cf72-b7e0-480b-89f7-a8bb78d64bd5}; !- Winter Design Day Schedule Name

OS:Schedule:Day,
  {7d223e44-7e50-4657-9633-64cd3f0cd464}, !- Handle
  OfficeSmall HTGSETP_SCH_NO_OPTIMUM Default, !- Name
  {14a1b92d-282a-4b85-ac75-0892d3728f10}, !- Schedule Type Limits Name
  ,                                       !- Interpolate to Timestep
  24,                                     !- Hour 1
  0,                                      !- Minute 1
  15.56;                                  !- Value Until Time 1

OS:Schedule:Day,
  {ae32dfff-12d2-4f3d-8381-3573cc0e1948}, !- Handle
  OfficeSmall HTGSETP_SCH_NO_OPTIMUM Summer Design Day, !- Name
  {14a1b92d-282a-4b85-ac75-0892d3728f10}, !- Schedule Type Limits Name
  ,                                       !- Interpolate to Timestep
  24,                                     !- Hour 1
  0,                                      !- Minute 1
  15.56;                                  !- Value Until Time 1

OS:Schedule:Rule,
  {6812677d-6e91-48a1-aaa0-b3abeead7df1}, !- Handle
  Schedule Rule 10,                       !- Name
  {a6652226-7b4d-41c7-9e45-ed5cea52a005}, !- Schedule Ruleset Name
  0,                                      !- Rule Order
  {3cdc84ef-6e3f-4842-ba1c-b1bd5769e6d5}, !- Day Schedule Name
  ,                                       !- Apply Sunday
  Yes,                                    !- Apply Monday
  Yes,                                    !- Apply Tuesday
  Yes,                                    !- Apply Wednesday
  Yes,                                    !- Apply Thursday
  Yes,                                    !- Apply Friday
  ,                                       !- Apply Saturday
  DateRange,                              !- Date Specification Type
  1,                                      !- Start Month
  1,                                      !- Start Day
  12,                                     !- End Month
  31;                                     !- End Day

OS:Schedule:Day,
  {3cdc84ef-6e3f-4842-ba1c-b1bd5769e6d5}, !- Handle
  OfficeSmall HTGSETP_SCH_NO_OPTIMUM Wkdy Day, !- Name
  {14a1b92d-282a-4b85-ac75-0892d3728f10}, !- Schedule Type Limits Name
  ,                                       !- Interpolate to Timestep
  6,                                      !- Hour 1
  0,                                      !- Minute 1
  15.56,                                  !- Value Until Time 1
  19,                                     !- Hour 2
  0,                                      !- Minute 2
  21.11,                                  !- Value Until Time 2
  24,                                     !- Hour 3
  0,                                      !- Minute 3
  15.56;                                  !- Value Until Time 3

OS:Schedule:Day,
  {d206cf72-b7e0-480b-89f7-a8bb78d64bd5}, !- Handle
  OfficeSmall HTGSETP_SCH_NO_OPTIMUM Winter Design Day, !- Name
  {14a1b92d-282a-4b85-ac75-0892d3728f10}, !- Schedule Type Limits Name
  ,                                       !- Interpolate to Timestep
  24,                                     !- Hour 1
  0,                                      !- Minute 1
  21.11;                                  !- Value Until Time 1

OS:Schedule:Ruleset,
  {07713d25-59d9-4e63-af7a-6a32299ce76b}, !- Handle
  OfficeSmall CLGSETP_SCH_NO_OPTIMUM,     !- Name
  {14a1b92d-282a-4b85-ac75-0892d3728f10}, !- Schedule Type Limits Name
  {c823ca66-c8cb-4af2-aff8-b3d680530077}, !- Default Day Schedule Name
  {d8eee807-4035-4b70-b2f1-d8cd2f7cae8f}, !- Summer Design Day Schedule Name
  {a4f6315b-3520-4769-a9e9-25a1a3bbfa11}; !- Winter Design Day Schedule Name

OS:Schedule:Day,
  {c823ca66-c8cb-4af2-aff8-b3d680530077}, !- Handle
  OfficeSmall CLGSETP_SCH_NO_OPTIMUM Default, !- Name
  {14a1b92d-282a-4b85-ac75-0892d3728f10}, !- Schedule Type Limits Name
  ,                                       !- Interpolate to Timestep
  24,                                     !- Hour 1
  0,                                      !- Minute 1
  29.44;                                  !- Value Until Time 1

OS:Schedule:Day,
  {d8eee807-4035-4b70-b2f1-d8cd2f7cae8f}, !- Handle
  OfficeSmall CLGSETP_SCH_NO_OPTIMUM Summer Design Day, !- Name
  {14a1b92d-282a-4b85-ac75-0892d3728f10}, !- Schedule Type Limits Name
  ,                                       !- Interpolate to Timestep
  24,                                     !- Hour 1
  0,                                      !- Minute 1
  23.89;                                  !- Value Until Time 1

OS:Schedule:Rule,
  {330f58ee-9c15-4a09-bf05-f4477c9781f5}, !- Handle
  Schedule Rule 11,                       !- Name
  {07713d25-59d9-4e63-af7a-6a32299ce76b}, !- Schedule Ruleset Name
  0,                                      !- Rule Order
  {f1b329e3-facd-4675-8dce-7d4975f5de9c}, !- Day Schedule Name
  ,                                       !- Apply Sunday
  Yes,                                    !- Apply Monday
  Yes,                                    !- Apply Tuesday
  Yes,                                    !- Apply Wednesday
  Yes,                                    !- Apply Thursday
  Yes,                                    !- Apply Friday
  ,                                       !- Apply Saturday
  DateRange,                              !- Date Specification Type
  1,                                      !- Start Month
  1,                                      !- Start Day
  12,                                     !- End Month
  31;                                     !- End Day

OS:Schedule:Day,
  {f1b329e3-facd-4675-8dce-7d4975f5de9c}, !- Handle
  OfficeSmall CLGSETP_SCH_NO_OPTIMUM Wkdy Day, !- Name
  {14a1b92d-282a-4b85-ac75-0892d3728f10}, !- Schedule Type Limits Name
  ,                                       !- Interpolate to Timestep
  6,                                      !- Hour 1
  0,                                      !- Minute 1
  29.44,                                  !- Value Until Time 1
  18,                                     !- Hour 2
  0,                                      !- Minute 2
  23.89,                                  !- Value Until Time 2
  24,                                     !- Hour 3
  0,                                      !- Minute 3
  29.44;                                  !- Value Until Time 3

OS:Schedule:Day,
  {a4f6315b-3520-4769-a9e9-25a1a3bbfa11}, !- Handle
  OfficeSmall CLGSETP_SCH_NO_OPTIMUM Winter Design Day, !- Name
  {14a1b92d-282a-4b85-ac75-0892d3728f10}, !- Schedule Type Limits Name
  ,                                       !- Interpolate to Timestep
  24,                                     !- Hour 1
  0,                                      !- Minute 1
  29.44;                                  !- Value Until Time 1

OS:ThermostatSetpoint:DualSetpoint,
  {8dcb297f-0169-42c6-ae93-bd02c25ee86d}, !- Handle
  Office WholeBuilding - Sm Office - 90.1-2010 Thermostat 1, !- Name
  {a6652226-7b4d-41c7-9e45-ed5cea52a005}, !- Heating Setpoint Temperature Schedule Name
  {07713d25-59d9-4e63-af7a-6a32299ce76b}; !- Cooling Setpoint Temperature Schedule Name

OS:ThermostatSetpoint:DualSetpoint,
  {bec0efd8-beff-415f-94a6-50c44e80faad}, !- Handle
  Office WholeBuilding - Sm Office - 90.1-2010 Thermostat 2, !- Name
  {a6652226-7b4d-41c7-9e45-ed5cea52a005}, !- Heating Setpoint Temperature Schedule Name
  {07713d25-59d9-4e63-af7a-6a32299ce76b}; !- Cooling Setpoint Temperature Schedule Name

OS:ThermostatSetpoint:DualSetpoint,
  {ce941e16-1496-4264-8e68-5e6367cfc4cc}, !- Handle
  Office WholeBuilding - Sm Office - 90.1-2010 Thermostat 3, !- Name
  {a6652226-7b4d-41c7-9e45-ed5cea52a005}, !- Heating Setpoint Temperature Schedule Name
  {07713d25-59d9-4e63-af7a-6a32299ce76b}; !- Cooling Setpoint Temperature Schedule Name

OS:ThermostatSetpoint:DualSetpoint,
  {d2025603-2fc4-487e-a2b7-720b2de02a52}, !- Handle
  Office WholeBuilding - Sm Office - 90.1-2010 Thermostat 4, !- Name
  {a6652226-7b4d-41c7-9e45-ed5cea52a005}, !- Heating Setpoint Temperature Schedule Name
  {07713d25-59d9-4e63-af7a-6a32299ce76b}; !- Cooling Setpoint Temperature Schedule Name

OS:ThermostatSetpoint:DualSetpoint,
  {e96c4599-c22f-4bee-9f34-608544436e56}, !- Handle
  Office WholeBuilding - Sm Office - 90.1-2010 Thermostat 5, !- Name
  {a6652226-7b4d-41c7-9e45-ed5cea52a005}, !- Heating Setpoint Temperature Schedule Name
  {07713d25-59d9-4e63-af7a-6a32299ce76b}; !- Cooling Setpoint Temperature Schedule Name

OS:ThermostatSetpoint:DualSetpoint,
  {373ca701-a18c-4785-a81b-b1c303ccddf7}, !- Handle
  Office WholeBuilding - Sm Office - 90.1-2010 Thermostat 6, !- Name
  {a6652226-7b4d-41c7-9e45-ed5cea52a005}, !- Heating Setpoint Temperature Schedule Name
  {07713d25-59d9-4e63-af7a-6a32299ce76b}; !- Cooling Setpoint Temperature Schedule Name

OS:ThermostatSetpoint:DualSetpoint,
  {23583553-0039-4586-827d-a2412821f18d}, !- Handle
  Office WholeBuilding - Sm Office - 90.1-2010 Thermostat 7, !- Name
  {a6652226-7b4d-41c7-9e45-ed5cea52a005}, !- Heating Setpoint Temperature Schedule Name
  {07713d25-59d9-4e63-af7a-6a32299ce76b}; !- Cooling Setpoint Temperature Schedule Name

OS:ThermostatSetpoint:DualSetpoint,
  {640ada8c-6de7-4136-a7a7-1ffad19193e4}, !- Handle
  Office WholeBuilding - Sm Office - 90.1-2010 Thermostat 8, !- Name
  {a6652226-7b4d-41c7-9e45-ed5cea52a005}, !- Heating Setpoint Temperature Schedule Name
  {07713d25-59d9-4e63-af7a-6a32299ce76b}; !- Cooling Setpoint Temperature Schedule Name

OS:PlantLoop,
  {b5ea6e5b-c785-4201-9329-0921dcf0011b}, !- Handle
  Hot Water Loop,                         !- Name
  Water,                                  !- Fluid Type
  0,                                      !- Glycol Concentration
  ,                                       !- User Defined Fluid Type
  ,                                       !- Plant Equipment Operation Heating Load
  ,                                       !- Plant Equipment Operation Cooling Load
  ,                                       !- Primary Plant Equipment Operation Scheme
  {b78031d9-4e29-48b8-871f-1c27f645f0ca}, !- Loop Temperature Setpoint Node Name
  ,                                       !- Maximum Loop Temperature {C}
  10,                                     !- Minimum Loop Temperature {C}
  ,                                       !- Maximum Loop Flow Rate {m3/s}
  ,                                       !- Minimum Loop Flow Rate {m3/s}
  Autocalculate,                          !- Plant Loop Volume {m3}
  {211c2029-0d1c-48e1-8a22-62658e58e3b6}, !- Plant Side Inlet Node Name
  {4b45e2a8-85a6-465e-b0af-33d371ab8e17}, !- Plant Side Outlet Node Name
  ,                                       !- Plant Side Branch List Name
  {c8b074fd-624f-4762-947a-59a482dfc636}, !- Demand Side Inlet Node Name
  {f0bf5ae0-9717-4f4e-a299-d364d7561445}, !- Demand Side Outlet Node Name
  ,                                       !- Demand Side Branch List Name
  ,                                       !- Demand Side Connector List Name
  Optimal,                                !- Load Distribution Scheme
  {5edbac2f-6ff5-4edf-a995-b3dedb0487b9}, !- Availability Manager List Name
  ,                                       !- Plant Loop Demand Calculation Scheme
  ,                                       !- Common Pipe Simulation
  ,                                       !- Pressure Simulation Type
  ,                                       !- Plant Equipment Operation Heating Load Schedule
  ,                                       !- Plant Equipment Operation Cooling Load Schedule
  ,                                       !- Primary Plant Equipment Operation Scheme Schedule
  ,                                       !- Component Setpoint Operation Scheme Schedule
  {0fbfeb04-f91c-417e-aa40-f15c4be23f16}, !- Demand Mixer Name
  {5fdb8dec-3986-403c-8326-a5236ebf60d1}, !- Demand Splitter Name
  {79ab19ed-c3bd-4ffb-a05b-cc65cf273418}, !- Supply Mixer Name
  {4fc8022d-2fb0-446a-b421-ef089e6c14ef}; !- Supply Splitter Name

OS:Node,
  {5269d720-6753-4e4a-9736-1976c943f364}, !- Handle
  Hot Water Loop Supply Inlet Node,       !- Name
  {211c2029-0d1c-48e1-8a22-62658e58e3b6}, !- Inlet Port
  {5b46931b-6611-4255-b6f5-16705b544af6}; !- Outlet Port

OS:Node,
  {b78031d9-4e29-48b8-871f-1c27f645f0ca}, !- Handle
  Hot Water Loop Supply Outlet Node,      !- Name
  {3450ebaf-a4dd-4344-afb3-1603297b6218}, !- Inlet Port
  {4b45e2a8-85a6-465e-b0af-33d371ab8e17}; !- Outlet Port

OS:Node,
  {96bb8ba7-2785-492d-b0c4-a4ae28b2c653}, !- Handle
  Boiler Inlet Water Node,                !- Name
  {2348c015-9377-4021-a0f7-8089d056d451}, !- Inlet Port
  {1df2ba34-81de-49b7-8bfc-54fb0f3054e2}; !- Outlet Port

OS:Connector:Mixer,
  {79ab19ed-c3bd-4ffb-a05b-cc65cf273418}, !- Handle
  Connector Mixer 3,                      !- Name
  {6f8ee157-35c0-4da0-a21c-7123dc6ba183}, !- Outlet Branch Name
  {4fe39917-07af-4244-b2bc-12c8ccce8758}, !- Inlet Branch Name 1
  {26416418-6b5e-4ecd-b958-d1b7dc0b24a0}; !- Inlet Branch Name 2

OS:Connector:Splitter,
  {4fc8022d-2fb0-446a-b421-ef089e6c14ef}, !- Handle
  Connector Splitter 3,                   !- Name
  {44a75b3e-7d8e-4bd4-b40b-efc93382feac}, !- Inlet Branch Name
  {2348c015-9377-4021-a0f7-8089d056d451}, !- Outlet Branch Name 1
  {8ccd93e9-5e5f-4e2c-a418-2f80bd40e27f}; !- Outlet Branch Name 2

OS:Connection,
  {211c2029-0d1c-48e1-8a22-62658e58e3b6}, !- Handle
  {b5ea6e5b-c785-4201-9329-0921dcf0011b}, !- Source Object
  14,                                     !- Outlet Port
  {5269d720-6753-4e4a-9736-1976c943f364}, !- Target Object
  2;                                      !- Inlet Port

OS:Connection,
  {2348c015-9377-4021-a0f7-8089d056d451}, !- Handle
  {4fc8022d-2fb0-446a-b421-ef089e6c14ef}, !- Source Object
  3,                                      !- Outlet Port
  {96bb8ba7-2785-492d-b0c4-a4ae28b2c653}, !- Target Object
  2;                                      !- Inlet Port

OS:Connection,
  {4b45e2a8-85a6-465e-b0af-33d371ab8e17}, !- Handle
  {b78031d9-4e29-48b8-871f-1c27f645f0ca}, !- Source Object
  3,                                      !- Outlet Port
  {b5ea6e5b-c785-4201-9329-0921dcf0011b}, !- Target Object
  15;                                     !- Inlet Port

OS:Node,
  {5f111461-be45-4afc-b0cb-3b106aff0d09}, !- Handle
  Hot Water Loop Demand Inlet Node,       !- Name
  {c8b074fd-624f-4762-947a-59a482dfc636}, !- Inlet Port
  {d8567cec-9b89-442e-9f6a-222ea8e4fa2d}; !- Outlet Port

OS:Node,
  {785561f8-8e73-4aae-8d74-2dbf90841409}, !- Handle
  Hot Water Loop Demand Outlet Node,      !- Name
  {d519a8c7-3269-4f61-b441-56193e6b3031}, !- Inlet Port
  {f0bf5ae0-9717-4f4e-a299-d364d7561445}; !- Outlet Port

OS:Node,
  {d74df9fc-e011-405c-9cc3-16e8cd022577}, !- Handle
  Hot Water Loop Coil Bypass Inlet Water Node, !- Name
  {bfdd222f-158c-4b6c-8abe-809593230492}, !- Inlet Port
  {56d4adc5-7100-4cab-a1cb-26bc1b56a5e8}; !- Outlet Port

OS:Connector:Mixer,
  {0fbfeb04-f91c-417e-aa40-f15c4be23f16}, !- Handle
  Connector Mixer 4,                      !- Name
  {d8c34a97-5710-43ea-88a6-a8c7460cfd44}, !- Outlet Branch Name
  {a781858b-f00d-4170-a70c-b9efd1521b65}, !- Inlet Branch Name 1
  {1c821292-84ba-4aaa-b963-1698f02af4e7}, !- Inlet Branch Name 2
  {b73d36fb-1aeb-487e-a176-bf9f6b006220}, !- Inlet Branch Name 3
  {8317f5e1-7b0d-4c40-9b66-16d6c5969c4b}, !- Inlet Branch Name 4
  {1c8e7828-a035-4708-936e-84f4cfba900f}, !- Inlet Branch Name 5
  {65d6103d-38ad-4706-a04d-c47c9ab36e48}, !- Inlet Branch Name 6
  {5486e381-a845-4040-b83a-4e9dfda569db}, !- Inlet Branch Name 7
  {f612d9a8-5078-4fd2-b9b0-7180c8b25993}, !- Inlet Branch Name 8
  {14864236-ccf5-48e9-a29f-7fab93f51aca}, !- Inlet Branch Name 9
  {7c54b205-ce23-4e19-b7c1-f73475752127}; !- Inlet Branch Name 10

OS:Connector:Splitter,
  {5fdb8dec-3986-403c-8326-a5236ebf60d1}, !- Handle
  Connector Splitter 4,                   !- Name
  {1d218c4b-39b0-4b06-bcf3-a255446329fb}, !- Inlet Branch Name
  {bfdd222f-158c-4b6c-8abe-809593230492}, !- Outlet Branch Name 1
  {5fb91de0-5da4-4e5f-8a12-9d62bea20e9d}, !- Outlet Branch Name 2
  {d869cf56-59ef-4fbe-a7ac-d324b82f11e5}, !- Outlet Branch Name 3
  {20cc3795-c418-4421-90b5-f86b7e027de8}, !- Outlet Branch Name 4
  {fe3da79b-a6ac-4377-bd0e-fbb4903d0be8}, !- Outlet Branch Name 5
  {674ecdf4-97e1-47d9-930e-b47104e92934}, !- Outlet Branch Name 6
  {17ea358d-2c6a-49fd-bd61-9e27290f1e1f}, !- Outlet Branch Name 7
  {8e9ae9d3-37a3-4475-83f0-bfcbaed5eade}, !- Outlet Branch Name 8
  {4451be7a-7033-4702-a7c4-c8b6b72ba2e9}, !- Outlet Branch Name 9
  {efed145b-9fc4-476f-9d95-baa924803bd9}; !- Outlet Branch Name 10

OS:Connection,
  {c8b074fd-624f-4762-947a-59a482dfc636}, !- Handle
  {b5ea6e5b-c785-4201-9329-0921dcf0011b}, !- Source Object
  17,                                     !- Outlet Port
  {5f111461-be45-4afc-b0cb-3b106aff0d09}, !- Target Object
  2;                                      !- Inlet Port

OS:Connection,
  {bfdd222f-158c-4b6c-8abe-809593230492}, !- Handle
  {5fdb8dec-3986-403c-8326-a5236ebf60d1}, !- Source Object
  3,                                      !- Outlet Port
  {d74df9fc-e011-405c-9cc3-16e8cd022577}, !- Target Object
  2;                                      !- Inlet Port

OS:Connection,
  {f0bf5ae0-9717-4f4e-a299-d364d7561445}, !- Handle
  {785561f8-8e73-4aae-8d74-2dbf90841409}, !- Source Object
  3,                                      !- Outlet Port
  {b5ea6e5b-c785-4201-9329-0921dcf0011b}, !- Target Object
  18;                                     !- Inlet Port

OS:Sizing:Plant,
  {89d531f5-4ac8-4820-845d-3263ac7a929a}, !- Handle
  {b5ea6e5b-c785-4201-9329-0921dcf0011b}, !- Plant or Condenser Loop Name
  Heating,                                !- Loop Type
  82.2222222222223,                       !- Design Loop Exit Temperature {C}
  11.1111111111111,                       !- Loop Design Temperature Difference {deltaC}
  NonCoincident,                          !- Sizing Option
  1,                                      !- Zone Timesteps in Averaging Window
  None;                                   !- Coincident Sizing Factor Mode

OS:AvailabilityManagerAssignmentList,
  {5edbac2f-6ff5-4edf-a995-b3dedb0487b9}, !- Handle
  Plant Loop 1 AvailabilityManagerAssignmentList 1; !- Name

OS:Schedule:Ruleset,
  {c8a1634b-e9bb-4b9b-837b-08ba145e30a7}, !- Handle
  Hot Water Loop Temp - 180F,             !- Name
  {14a1b92d-282a-4b85-ac75-0892d3728f10}, !- Schedule Type Limits Name
  {2bef0914-ee65-47cb-943f-f94d55b34271}; !- Default Day Schedule Name

OS:Schedule:Day,
  {2bef0914-ee65-47cb-943f-f94d55b34271}, !- Handle
  Hot Water Loop Temp - 180F Default,     !- Name
  {14a1b92d-282a-4b85-ac75-0892d3728f10}, !- Schedule Type Limits Name
  ,                                       !- Interpolate to Timestep
  24,                                     !- Hour 1
  0,                                      !- Minute 1
  82.2222222222223;                       !- Value Until Time 1

OS:SetpointManager:Scheduled,
  {c6cfbac8-4e7c-4ab3-9f54-af88bebe844b}, !- Handle
  Hot Water Loop Setpoint Manager,        !- Name
  Temperature,                            !- Control Variable
  {c8a1634b-e9bb-4b9b-837b-08ba145e30a7}, !- Schedule Name
  {b78031d9-4e29-48b8-871f-1c27f645f0ca}; !- Setpoint Node or NodeList Name

OS:Pump:VariableSpeed,
  {add159b6-5cfc-45bc-a34f-80e440cc0abb}, !- Handle
  Hot Water Loop Pump,                    !- Name
  {5b46931b-6611-4255-b6f5-16705b544af6}, !- Inlet Node Name
  {0b1eb19f-e383-4463-8c51-170ba2c34d0f}, !- Outlet Node Name
  ,                                       !- Rated Flow Rate {m3/s}
  179344.0152,                            !- Rated Pump Head {Pa}
  ,                                       !- Rated Power Consumption {W}
  0.855,                                  !- Motor Efficiency
  ,                                       !- Fraction of Motor Inefficiencies to Fluid Stream
  0,                                      !- Coefficient 1 of the Part Load Performance Curve
  3.2485,                                 !- Coefficient 2 of the Part Load Performance Curve
  -4.7443,                                !- Coefficient 3 of the Part Load Performance Curve
  2.5294,                                 !- Coefficient 4 of the Part Load Performance Curve
  ,                                       !- Minimum Flow Rate {m3/s}
  Intermittent,                           !- Pump Control Type
  ,                                       !- Pump Flow Rate Schedule Name
  ,                                       !- Pump Curve Name
  ,                                       !- Impeller Diameter {m}
  ,                                       !- VFD Control Type
  ,                                       !- Pump RPM Schedule Name
  ,                                       !- Minimum Pressure Schedule {Pa}
  ,                                       !- Maximum Pressure Schedule {Pa}
  ,                                       !- Minimum RPM Schedule {rev/min}
  ,                                       !- Maximum RPM Schedule {rev/min}
  ,                                       !- Zone Name
  0.5,                                    !- Skin Loss Radiative Fraction
  PowerPerFlowPerPressure,                !- Design Power Sizing Method
  348701.1,                               !- Design Electric Power per Unit Flow Rate {W/(m3/s)}
  1.282051282,                            !- Design Shaft Power per Unit Flow Rate per Unit Head {W-s/m3-Pa}
  0,                                      !- Design Minimum Flow Rate Fraction
  General;                                !- End-Use Subcategory

OS:Node,
  {177e8525-67fb-4c98-9b8c-60b84ec359cc}, !- Handle
  Hot Water Loop Pump Outlet Water Node,  !- Name
  {0b1eb19f-e383-4463-8c51-170ba2c34d0f}, !- Inlet Port
  {44a75b3e-7d8e-4bd4-b40b-efc93382feac}; !- Outlet Port

OS:Connection,
  {5b46931b-6611-4255-b6f5-16705b544af6}, !- Handle
  {5269d720-6753-4e4a-9736-1976c943f364}, !- Source Object
  3,                                      !- Outlet Port
  {add159b6-5cfc-45bc-a34f-80e440cc0abb}, !- Target Object
  2;                                      !- Inlet Port

OS:Connection,
  {0b1eb19f-e383-4463-8c51-170ba2c34d0f}, !- Handle
  {add159b6-5cfc-45bc-a34f-80e440cc0abb}, !- Source Object
  3,                                      !- Outlet Port
  {177e8525-67fb-4c98-9b8c-60b84ec359cc}, !- Target Object
  2;                                      !- Inlet Port

OS:Connection,
  {44a75b3e-7d8e-4bd4-b40b-efc93382feac}, !- Handle
  {177e8525-67fb-4c98-9b8c-60b84ec359cc}, !- Source Object
  3,                                      !- Outlet Port
  {4fc8022d-2fb0-446a-b421-ef089e6c14ef}, !- Target Object
  2;                                      !- Inlet Port

OS:Boiler:HotWater,
  {3f34c1f6-65bd-40e0-8578-16ac777577fd}, !- Handle
  Boiler 345kBtu/hr 0.8 Thermal Eff,      !- Name
  NaturalGas,                             !- Fuel Type
  ,                                       !- Nominal Capacity {W}
  0.8,                                    !- Nominal Thermal Efficiency
  LeavingBoiler,                          !- Efficiency Curve Temperature Evaluation Variable
  {a407adbe-a263-4835-bfd5-cd2f723e4ffe}, !- Normalized Boiler Efficiency Curve Name
  ,                                       !- Design Water Flow Rate {m3/s}
  0,                                      !- Minimum Part Load Ratio
  1.2,                                    !- Maximum Part Load Ratio
  1,                                      !- Optimum Part Load Ratio
  {1df2ba34-81de-49b7-8bfc-54fb0f3054e2}, !- Boiler Water Inlet Node Name
  {8f5138ac-d881-4ad0-9bb1-900a68fab1db}, !- Boiler Water Outlet Node Name
  95.0000000000001,                       !- Water Outlet Upper Temperature Limit {C}
  LeavingSetpointModulated,               !- Boiler Flow Mode
  0,                                      !- On Cycle Parasitic Electric Load {W}
  0,                                      !- Off Cycle Parasitic Fuel Load {W}
  1,                                      !- Sizing Factor
  General;                                !- End-Use Subcategory

OS:Node,
  {b24f8ddb-74b0-4e8c-9910-dfa12d89e0e0}, !- Handle
  Boiler Outlet Water Node,               !- Name
  {8f5138ac-d881-4ad0-9bb1-900a68fab1db}, !- Inlet Port
  {4fe39917-07af-4244-b2bc-12c8ccce8758}; !- Outlet Port

OS:Connection,
  {1df2ba34-81de-49b7-8bfc-54fb0f3054e2}, !- Handle
  {96bb8ba7-2785-492d-b0c4-a4ae28b2c653}, !- Source Object
  3,                                      !- Outlet Port
  {3f34c1f6-65bd-40e0-8578-16ac777577fd}, !- Target Object
  11;                                     !- Inlet Port

OS:Connection,
  {8f5138ac-d881-4ad0-9bb1-900a68fab1db}, !- Handle
  {3f34c1f6-65bd-40e0-8578-16ac777577fd}, !- Source Object
  12,                                     !- Outlet Port
  {b24f8ddb-74b0-4e8c-9910-dfa12d89e0e0}, !- Target Object
  2;                                      !- Inlet Port

OS:Connection,
  {4fe39917-07af-4244-b2bc-12c8ccce8758}, !- Handle
  {b24f8ddb-74b0-4e8c-9910-dfa12d89e0e0}, !- Source Object
  3,                                      !- Outlet Port
  {79ab19ed-c3bd-4ffb-a05b-cc65cf273418}, !- Target Object
  3;                                      !- Inlet Port

OS:Pipe:Adiabatic,
  {16d2c952-79d5-4a51-819b-aab7704f293d}, !- Handle
  Hot Water Loop Supply Equipment Bypass, !- Name
  {57812d6b-7321-4779-b347-f2437c2a4faa}, !- Inlet Node Name
  {3c7552b1-f268-4fe1-99c2-adc3c00ce516}; !- Outlet Node Name

OS:Node,
  {1602f3b4-44a0-440c-856d-b319ef45a780}, !- Handle
  Hot Water Loop Supply Equipment Bypass Inlet Water Node, !- Name
  {8ccd93e9-5e5f-4e2c-a418-2f80bd40e27f}, !- Inlet Port
  {57812d6b-7321-4779-b347-f2437c2a4faa}; !- Outlet Port

OS:Connection,
  {8ccd93e9-5e5f-4e2c-a418-2f80bd40e27f}, !- Handle
  {4fc8022d-2fb0-446a-b421-ef089e6c14ef}, !- Source Object
  4,                                      !- Outlet Port
  {1602f3b4-44a0-440c-856d-b319ef45a780}, !- Target Object
  2;                                      !- Inlet Port

OS:Node,
  {6d4171f8-d715-40c0-9c98-b81e6d337222}, !- Handle
  Hot Water Loop Supply Equipment Bypass Outlet Water Node, !- Name
  {3c7552b1-f268-4fe1-99c2-adc3c00ce516}, !- Inlet Port
  {26416418-6b5e-4ecd-b958-d1b7dc0b24a0}; !- Outlet Port

OS:Connection,
  {57812d6b-7321-4779-b347-f2437c2a4faa}, !- Handle
  {1602f3b4-44a0-440c-856d-b319ef45a780}, !- Source Object
  3,                                      !- Outlet Port
  {16d2c952-79d5-4a51-819b-aab7704f293d}, !- Target Object
  2;                                      !- Inlet Port

OS:Connection,
  {3c7552b1-f268-4fe1-99c2-adc3c00ce516}, !- Handle
  {16d2c952-79d5-4a51-819b-aab7704f293d}, !- Source Object
  3,                                      !- Outlet Port
  {6d4171f8-d715-40c0-9c98-b81e6d337222}, !- Target Object
  2;                                      !- Inlet Port

OS:Connection,
  {26416418-6b5e-4ecd-b958-d1b7dc0b24a0}, !- Handle
  {6d4171f8-d715-40c0-9c98-b81e6d337222}, !- Source Object
  3,                                      !- Outlet Port
  {79ab19ed-c3bd-4ffb-a05b-cc65cf273418}, !- Target Object
  4;                                      !- Inlet Port

OS:Pipe:Adiabatic,
  {f2ab681c-ffba-46a5-bf08-4ac6a3f446ed}, !- Handle
  Hot Water Loop Coil Bypass,             !- Name
  {56d4adc5-7100-4cab-a1cb-26bc1b56a5e8}, !- Inlet Node Name
  {c33e7c94-0436-4884-9e59-6c4276b785e6}; !- Outlet Node Name

OS:Node,
  {aa97d6d1-8fd8-4ff5-9eb3-19b760a57a31}, !- Handle
  Hot Water Loop Coil Bypass Outlet Water Node, !- Name
  {c33e7c94-0436-4884-9e59-6c4276b785e6}, !- Inlet Port
  {a781858b-f00d-4170-a70c-b9efd1521b65}; !- Outlet Port

OS:Connection,
  {56d4adc5-7100-4cab-a1cb-26bc1b56a5e8}, !- Handle
  {d74df9fc-e011-405c-9cc3-16e8cd022577}, !- Source Object
  3,                                      !- Outlet Port
  {f2ab681c-ffba-46a5-bf08-4ac6a3f446ed}, !- Target Object
  2;                                      !- Inlet Port

OS:Connection,
  {c33e7c94-0436-4884-9e59-6c4276b785e6}, !- Handle
  {f2ab681c-ffba-46a5-bf08-4ac6a3f446ed}, !- Source Object
  3,                                      !- Outlet Port
  {aa97d6d1-8fd8-4ff5-9eb3-19b760a57a31}, !- Target Object
  2;                                      !- Inlet Port

OS:Connection,
  {a781858b-f00d-4170-a70c-b9efd1521b65}, !- Handle
  {aa97d6d1-8fd8-4ff5-9eb3-19b760a57a31}, !- Source Object
  3,                                      !- Outlet Port
  {0fbfeb04-f91c-417e-aa40-f15c4be23f16}, !- Target Object
  3;                                      !- Inlet Port

OS:Pipe:Adiabatic,
  {d68d5192-3f49-4f42-adfc-8ffc76140e8f}, !- Handle
  Hot Water Loop Supply Outlet,           !- Name
  {da76d9ce-3b30-41ea-a14c-a1ab2062bf62}, !- Inlet Node Name
  {3450ebaf-a4dd-4344-afb3-1603297b6218}; !- Outlet Node Name

OS:Node,
  {895fedec-63af-446d-b7a7-caeb863e07c2}, !- Handle
  Hot Water Loop Supply Outlet Inlet Water Node, !- Name
  {6f8ee157-35c0-4da0-a21c-7123dc6ba183}, !- Inlet Port
  {da76d9ce-3b30-41ea-a14c-a1ab2062bf62}; !- Outlet Port

OS:Connection,
  {6f8ee157-35c0-4da0-a21c-7123dc6ba183}, !- Handle
  {79ab19ed-c3bd-4ffb-a05b-cc65cf273418}, !- Source Object
  2,                                      !- Outlet Port
  {895fedec-63af-446d-b7a7-caeb863e07c2}, !- Target Object
  2;                                      !- Inlet Port

OS:Connection,
  {da76d9ce-3b30-41ea-a14c-a1ab2062bf62}, !- Handle
  {895fedec-63af-446d-b7a7-caeb863e07c2}, !- Source Object
  3,                                      !- Outlet Port
  {d68d5192-3f49-4f42-adfc-8ffc76140e8f}, !- Target Object
  2;                                      !- Inlet Port

OS:Connection,
  {3450ebaf-a4dd-4344-afb3-1603297b6218}, !- Handle
  {d68d5192-3f49-4f42-adfc-8ffc76140e8f}, !- Source Object
  3,                                      !- Outlet Port
  {b78031d9-4e29-48b8-871f-1c27f645f0ca}, !- Target Object
  2;                                      !- Inlet Port

OS:Pipe:Adiabatic,
  {6d3d6581-bc6c-4c6a-b2a3-f634db72d49a}, !- Handle
  Hot Water Loop Demand Inlet,            !- Name
  {d8567cec-9b89-442e-9f6a-222ea8e4fa2d}, !- Inlet Node Name
  {465a4df2-6f16-403f-93ad-ed3b8c6796ff}; !- Outlet Node Name

OS:Node,
  {78464fa2-0828-4c1f-b663-44597715df97}, !- Handle
  Hot Water Loop Demand Inlet Outlet Water Node, !- Name
  {465a4df2-6f16-403f-93ad-ed3b8c6796ff}, !- Inlet Port
  {1d218c4b-39b0-4b06-bcf3-a255446329fb}; !- Outlet Port

OS:Connection,
  {d8567cec-9b89-442e-9f6a-222ea8e4fa2d}, !- Handle
  {5f111461-be45-4afc-b0cb-3b106aff0d09}, !- Source Object
  3,                                      !- Outlet Port
  {6d3d6581-bc6c-4c6a-b2a3-f634db72d49a}, !- Target Object
  2;                                      !- Inlet Port

OS:Connection,
  {465a4df2-6f16-403f-93ad-ed3b8c6796ff}, !- Handle
  {6d3d6581-bc6c-4c6a-b2a3-f634db72d49a}, !- Source Object
  3,                                      !- Outlet Port
  {78464fa2-0828-4c1f-b663-44597715df97}, !- Target Object
  2;                                      !- Inlet Port

OS:Connection,
  {1d218c4b-39b0-4b06-bcf3-a255446329fb}, !- Handle
  {78464fa2-0828-4c1f-b663-44597715df97}, !- Source Object
  3,                                      !- Outlet Port
  {5fdb8dec-3986-403c-8326-a5236ebf60d1}, !- Target Object
  2;                                      !- Inlet Port

OS:Pipe:Adiabatic,
  {5a1caf1c-4f75-4321-a396-2d3aa9ae19ba}, !- Handle
  Hot Water Loop Demand Outlet,           !- Name
  {89d8b859-f15a-491b-bc89-75c7c0cfae0c}, !- Inlet Node Name
  {d519a8c7-3269-4f61-b441-56193e6b3031}; !- Outlet Node Name

OS:Node,
  {8920b179-1f48-4dd2-9dc8-4bdf0d8e8d96}, !- Handle
  Hot Water Loop Demand Outlet Inlet Water Node, !- Name
  {d8c34a97-5710-43ea-88a6-a8c7460cfd44}, !- Inlet Port
  {89d8b859-f15a-491b-bc89-75c7c0cfae0c}; !- Outlet Port

OS:Connection,
  {d8c34a97-5710-43ea-88a6-a8c7460cfd44}, !- Handle
  {0fbfeb04-f91c-417e-aa40-f15c4be23f16}, !- Source Object
  2,                                      !- Outlet Port
  {8920b179-1f48-4dd2-9dc8-4bdf0d8e8d96}, !- Target Object
  2;                                      !- Inlet Port

OS:Connection,
  {89d8b859-f15a-491b-bc89-75c7c0cfae0c}, !- Handle
  {8920b179-1f48-4dd2-9dc8-4bdf0d8e8d96}, !- Source Object
  3,                                      !- Outlet Port
  {5a1caf1c-4f75-4321-a396-2d3aa9ae19ba}, !- Target Object
  2;                                      !- Inlet Port

OS:Connection,
  {d519a8c7-3269-4f61-b441-56193e6b3031}, !- Handle
  {5a1caf1c-4f75-4321-a396-2d3aa9ae19ba}, !- Source Object
  3,                                      !- Outlet Port
  {785561f8-8e73-4aae-8d74-2dbf90841409}, !- Target Object
  2;                                      !- Inlet Port

OS:AirLoopHVAC,
  {05c2795b-5088-44b4-b8fd-8b40a45d22a2}, !- Handle
  Zone Office WholeBuilding - Sm Office A  - Story Ground PSZ-AC, !- Name
  ,                                       !- Controller List Name
  {71dcc5b8-2a77-40a8-bede-31bbb73cef7f}, !- Availability Schedule
  {df363f4a-91e5-4955-b754-d8dc15bdaa25}, !- Availability Manager List Name
  autosize,                               !- Design Supply Air Flow Rate {m3/s}
  1,                                      !- Design Return Air Flow Fraction of Supply Air Flow
  ,                                       !- Branch List Name
  ,                                       !- Connector List Name
  {6e4a81f9-6553-42a9-bc4d-0b921e5a6fa0}, !- Supply Side Inlet Node Name
  {cf6dfc5e-9dd4-46a4-b906-bc4ff781c976}, !- Demand Side Outlet Node Name
  {c1bacf69-22e9-4315-8ac4-a4b3d2029cd7}, !- Demand Side Inlet Node A
  {67c2bd37-b0d1-47b6-9d9c-cf64ce4127b0}, !- Supply Side Outlet Node A
  ,                                       !- Demand Side Inlet Node B
  ,                                       !- Supply Side Outlet Node B
  ,                                       !- Return Air Bypass Flow Temperature Setpoint Schedule Name
  {4150a7c6-e71c-4505-a8b2-b9929291c185}, !- Demand Mixer Name
  {24e46d6a-b63c-4cd5-8f53-5dd55b0827f0}, !- Demand Splitter A Name
  ,                                       !- Demand Splitter B Name
  ;                                       !- Supply Splitter Name

OS:Node,
  {e52c34f6-091e-4498-be44-ddc678165abd}, !- Handle
  Zone Office WholeBuilding - Sm Office A  - Story Ground PSZ-AC Supply Inlet Node, !- Name
  {6e4a81f9-6553-42a9-bc4d-0b921e5a6fa0}, !- Inlet Port
  {1baece16-43e8-460e-85ed-dce5fffda3cc}; !- Outlet Port

OS:Node,
  {09e36cdf-615a-49b3-892b-b8cf5438c399}, !- Handle
  Zone Office WholeBuilding - Sm Office A  - Story Ground PSZ-AC Supply Outlet Node, !- Name
  {b33ee3d4-6235-449c-b16a-022192c6d871}, !- Inlet Port
  {67c2bd37-b0d1-47b6-9d9c-cf64ce4127b0}; !- Outlet Port

OS:Connection,
  {6e4a81f9-6553-42a9-bc4d-0b921e5a6fa0}, !- Handle
  {05c2795b-5088-44b4-b8fd-8b40a45d22a2}, !- Source Object
  9,                                      !- Outlet Port
  {e52c34f6-091e-4498-be44-ddc678165abd}, !- Target Object
  2;                                      !- Inlet Port

OS:Connection,
  {67c2bd37-b0d1-47b6-9d9c-cf64ce4127b0}, !- Handle
  {09e36cdf-615a-49b3-892b-b8cf5438c399}, !- Source Object
  3,                                      !- Outlet Port
  {05c2795b-5088-44b4-b8fd-8b40a45d22a2}, !- Target Object
  12;                                     !- Inlet Port

OS:Node,
  {922f9374-3949-4d06-8b44-9988fd285cca}, !- Handle
  Zone Office WholeBuilding - Sm Office A  - Story Ground PSZ-AC Demand Inlet Node, !- Name
  {c1bacf69-22e9-4315-8ac4-a4b3d2029cd7}, !- Inlet Port
  {1e0d1509-028d-42b1-b8e4-fa0f5f9cdfb5}; !- Outlet Port

OS:Node,
  {1f17ca1a-468d-4654-aead-2e497ef9c400}, !- Handle
  Zone Office WholeBuilding - Sm Office A  - Story Ground PSZ-AC Demand Outlet Node, !- Name
  {f0dbc916-be1c-4704-b158-381683ba1b3c}, !- Inlet Port
  {cf6dfc5e-9dd4-46a4-b906-bc4ff781c976}; !- Outlet Port

OS:Node,
  {4eaebd85-f68e-4e65-837f-da7a02831989}, !- Handle
  Zone Office WholeBuilding - Sm Office A  - Story Ground PSZ-AC Diffuser Outlet Air Node, !- Name
  {7422e681-f975-46f6-ae8b-c043a2ca6a59}, !- Inlet Port
  {f207eec5-577d-4f1f-8647-5194d3b810b5}; !- Outlet Port

OS:Connection,
  {c1bacf69-22e9-4315-8ac4-a4b3d2029cd7}, !- Handle
  {05c2795b-5088-44b4-b8fd-8b40a45d22a2}, !- Source Object
  11,                                     !- Outlet Port
  {922f9374-3949-4d06-8b44-9988fd285cca}, !- Target Object
  2;                                      !- Inlet Port

OS:Connection,
  {cf6dfc5e-9dd4-46a4-b906-bc4ff781c976}, !- Handle
  {1f17ca1a-468d-4654-aead-2e497ef9c400}, !- Source Object
  3,                                      !- Outlet Port
  {05c2795b-5088-44b4-b8fd-8b40a45d22a2}, !- Target Object
  10;                                     !- Inlet Port

OS:AirLoopHVAC:ZoneSplitter,
  {24e46d6a-b63c-4cd5-8f53-5dd55b0827f0}, !- Handle
  Air Loop HVAC Zone Splitter 1,          !- Name
  {1e0d1509-028d-42b1-b8e4-fa0f5f9cdfb5}, !- Inlet Node Name
  {738b37a0-0bd2-479a-9cc7-8e7bc61b81fa}; !- Outlet Node Name 1

OS:AirLoopHVAC:ZoneMixer,
  {4150a7c6-e71c-4505-a8b2-b9929291c185}, !- Handle
  Air Loop HVAC Zone Mixer 1,             !- Name
  {f0dbc916-be1c-4704-b158-381683ba1b3c}, !- Outlet Node Name
  {e130763e-bd6d-4477-8f83-edfc5af78bd9}; !- Inlet Node Name 1

OS:Connection,
  {1e0d1509-028d-42b1-b8e4-fa0f5f9cdfb5}, !- Handle
  {922f9374-3949-4d06-8b44-9988fd285cca}, !- Source Object
  3,                                      !- Outlet Port
  {24e46d6a-b63c-4cd5-8f53-5dd55b0827f0}, !- Target Object
  2;                                      !- Inlet Port

OS:Connection,
  {f0dbc916-be1c-4704-b158-381683ba1b3c}, !- Handle
  {4150a7c6-e71c-4505-a8b2-b9929291c185}, !- Source Object
  2,                                      !- Outlet Port
  {1f17ca1a-468d-4654-aead-2e497ef9c400}, !- Target Object
  2;                                      !- Inlet Port

OS:Sizing:System,
  {caff0cd5-1938-4e77-95fd-6a93be91a22f}, !- Handle
  {05c2795b-5088-44b4-b8fd-8b40a45d22a2}, !- AirLoop Name
  Sensible,                               !- Type of Load to Size On
  Autosize,                               !- Design Outdoor Air Flow Rate {m3/s}
  1,                                      !- Central Heating Maximum System Air Flow Ratio
  7.22222222222229,                       !- Preheat Design Temperature {C}
  0.008,                                  !- Preheat Design Humidity Ratio {kg-H2O/kg-Air}
  12.7777777777778,                       !- Precool Design Temperature {C}
  0.008,                                  !- Precool Design Humidity Ratio {kg-H2O/kg-Air}
  12.7777777777778,                       !- Central Cooling Design Supply Air Temperature {C}
  50.0000000000001,                       !- Central Heating Design Supply Air Temperature {C}
  Coincident,                             !- Sizing Option
  No,                                     !- 100% Outdoor Air in Cooling
  No,                                     !- 100% Outdoor Air in Heating
  0.0085,                                 !- Central Cooling Design Supply Air Humidity Ratio {kg-H2O/kg-Air}
  0.008,                                  !- Central Heating Design Supply Air Humidity Ratio {kg-H2O/kg-Air}
  DesignDay,                              !- Cooling Design Air Flow Method
  ,                                       !- Cooling Design Air Flow Rate {m3/s}
  DesignDay,                              !- Heating Design Air Flow Method
  ,                                       !- Heating Design Air Flow Rate {m3/s}
  ZoneSum,                                !- System Outdoor Air Method
  1,                                      !- Zone Maximum Outdoor Air Fraction {dimensionless}
  0.0099676501,                           !- Cooling Supply Air Flow Rate Per Floor Area {m3/s-m2}
  1,                                      !- Cooling Fraction of Autosized Cooling Supply Air Flow Rate
  3.9475456e-05,                          !- Cooling Supply Air Flow Rate Per Unit Cooling Capacity {m3/s-W}
  0.0099676501,                           !- Heating Supply Air Flow Rate Per Floor Area {m3/s-m2}
  1,                                      !- Heating Fraction of Autosized Heating Supply Air Flow Rate
  1,                                      !- Heating Fraction of Autosized Cooling Supply Air Flow Rate
  3.1588213e-05,                          !- Heating Supply Air Flow Rate Per Unit Heating Capacity {m3/s-W}
  CoolingDesignCapacity,                  !- Cooling Design Capacity Method
  autosize,                               !- Cooling Design Capacity {W}
  234.7,                                  !- Cooling Design Capacity Per Floor Area {W/m2}
  1,                                      !- Fraction of Autosized Cooling Design Capacity
  HeatingDesignCapacity,                  !- Heating Design Capacity Method
  autosize,                               !- Heating Design Capacity {W}
  157,                                    !- Heating Design Capacity Per Floor Area {W/m2}
  1,                                      !- Fraction of Autosized Heating Design Capacity
  OnOff,                                  !- Central Cooling Capacity Control Method
  autosize;                               !- Occupant Diversity

OS:AvailabilityManagerAssignmentList,
  {df363f4a-91e5-4955-b754-d8dc15bdaa25}, !- Handle
  Air Loop HVAC 1 AvailabilityManagerAssignmentList, !- Name
  {5bbb9fda-3a93-4444-a7ca-c7c7ebb01c3f}; !- Availability Manager Name 1

OS:SetpointManager:SingleZone:Reheat,
  {c9df0e54-26d0-4f74-9fd1-7c506e4a5220}, !- Handle
  Zone Office WholeBuilding - Sm Office A  - Story Ground Setpoint Manager SZ Reheat, !- Name
  12.7777777777778,                       !- Minimum Supply Air Temperature {C}
  50.0000000000001,                       !- Maximum Supply Air Temperature {C}
  {d116a3ce-4d53-4e4d-a4d2-e73271cfbd47}, !- Control Zone Name
  {09e36cdf-615a-49b3-892b-b8cf5438c399}; !- Setpoint Node or NodeList Name

OS:Coil:Heating:Water,
  {1efb3d33-c35f-45a6-a892-64f5023d8782}, !- Handle
  Zone Office WholeBuilding - Sm Office A  - Story Ground PSZ-AC Water Htg Coil, !- Name
  {c044f5a4-4903-4e6a-9e3e-58c7d1306ff1}, !- Availability Schedule Name
  ,                                       !- U-Factor Times Area Value {W/K}
  ,                                       !- Maximum Water Flow Rate {m3/s}
  {911e4117-7885-4fd3-a5d1-e822ade9caa3}, !- Water Inlet Node Name
  {0967f8de-6dd9-4036-83b6-5b09e90f75a9}, !- Water Outlet Node Name
  ,                                       !- Air Inlet Node Name
  ,                                       !- Air Outlet Node Name
  ,                                       !- Performance Input Method
  ,                                       !- Rated Capacity {W}
  82.2222222222223,                       !- Rated Inlet Water Temperature {C}
  7.22222222222229,                       !- Rated Inlet Air Temperature {C}
  71.1111111111112,                       !- Rated Outlet Water Temperature {C}
  50.0000000000001,                       !- Rated Outlet Air Temperature {C}
  ;                                       !- Rated Ratio for Air and Water Convection

OS:Node,
  {9e283bc5-9345-4009-b2f9-daa5cd6aeb7e}, !- Handle
  Zone Office WholeBuilding - Sm Office A  - Story Ground PSZ-AC Water Htg Coil Inlet Water Node, !- Name
  {5fb91de0-5da4-4e5f-8a12-9d62bea20e9d}, !- Inlet Port
  {911e4117-7885-4fd3-a5d1-e822ade9caa3}; !- Outlet Port

OS:Connection,
  {5fb91de0-5da4-4e5f-8a12-9d62bea20e9d}, !- Handle
  {5fdb8dec-3986-403c-8326-a5236ebf60d1}, !- Source Object
  4,                                      !- Outlet Port
  {9e283bc5-9345-4009-b2f9-daa5cd6aeb7e}, !- Target Object
  2;                                      !- Inlet Port

OS:Node,
  {53f1a94f-9ac8-4e5a-bb0f-b000effdd98e}, !- Handle
  Zone Office WholeBuilding - Sm Office A  - Story Ground PSZ-AC Water Htg Coil Outlet Water Node, !- Name
  {0967f8de-6dd9-4036-83b6-5b09e90f75a9}, !- Inlet Port
  {1c821292-84ba-4aaa-b963-1698f02af4e7}; !- Outlet Port

OS:Connection,
  {911e4117-7885-4fd3-a5d1-e822ade9caa3}, !- Handle
  {9e283bc5-9345-4009-b2f9-daa5cd6aeb7e}, !- Source Object
  3,                                      !- Outlet Port
  {1efb3d33-c35f-45a6-a892-64f5023d8782}, !- Target Object
  5;                                      !- Inlet Port

OS:Connection,
  {0967f8de-6dd9-4036-83b6-5b09e90f75a9}, !- Handle
  {1efb3d33-c35f-45a6-a892-64f5023d8782}, !- Source Object
  6,                                      !- Outlet Port
  {53f1a94f-9ac8-4e5a-bb0f-b000effdd98e}, !- Target Object
  2;                                      !- Inlet Port

OS:Connection,
  {1c821292-84ba-4aaa-b963-1698f02af4e7}, !- Handle
  {53f1a94f-9ac8-4e5a-bb0f-b000effdd98e}, !- Source Object
  3,                                      !- Outlet Port
  {0fbfeb04-f91c-417e-aa40-f15c4be23f16}, !- Target Object
  4;                                      !- Inlet Port

OS:Controller:WaterCoil,
  {6ea80289-1590-4ba7-9104-8454e2e460ae}, !- Handle
  Zone Office WholeBuilding - Sm Office A  - Story Ground PSZ-AC Water Htg Coil Controller, !- Name
  {1efb3d33-c35f-45a6-a892-64f5023d8782}, !- Water Coil Name
  ,                                       !- Control Variable
  Normal,                                 !- Action
  ,                                       !- Actuator Variable
  ,                                       !- Sensor Node Name
  ,                                       !- Actuator Node Name
  0.0001,                                 !- Controller Convergence Tolerance {deltaC}
  ,                                       !- Maximum Actuated Flow {m3/s}
  0;                                      !- Minimum Actuated Flow {m3/s}

OS:Coil:Heating:Electric,
  {f919e73e-6d3b-436a-913a-819a2cbc4889}, !- Handle
  Zone Office WholeBuilding - Sm Office A  - Story Ground PSZ-AC Electric Backup Htg Coil, !- Name
  {c044f5a4-4903-4e6a-9e3e-58c7d1306ff1}, !- Availability Schedule Name
  1,                                      !- Efficiency
  ,                                       !- Nominal Capacity {W}
  ,                                       !- Air Inlet Node Name
  ;                                       !- Air Outlet Node Name

OS:Coil:Cooling:DX:SingleSpeed,
  {9099ffbe-b9e4-4997-8424-6cb67f75a132}, !- Handle
  Zone Office WholeBuilding - Sm Office A  - Story Ground PSZ-AC 1spd DX AC Clg Coil 26kBtu/hr 13.0SEER, !- Name
  {c044f5a4-4903-4e6a-9e3e-58c7d1306ff1}, !- Availability Schedule Name
  autosize,                               !- Rated Total Cooling Capacity {W}
  autosize,                               !- Rated Sensible Heat Ratio
  3.91156806861466,                       !- Rated COP {W/W}
  autosize,                               !- Rated Air Flow Rate {m3/s}
  773.3,                                  !- Rated Evaporator Fan Power Per Volume Flow Rate 2017 {W/(m3/s)}
  934.4,                                  !- Rated Evaporator Fan Power Per Volume Flow Rate 2023 {W/(m3/s)}
  ,                                       !- Air Inlet Node Name
  ,                                       !- Air Outlet Node Name
  {f9019d69-f0c5-4d9d-9bc2-7b4206e402ad}, !- Total Cooling Capacity Function of Temperature Curve Name
  {04635352-d720-4ca8-a858-0fdce72f505a}, !- Total Cooling Capacity Function of Flow Fraction Curve Name
  {d9d34d8a-37fc-4849-b6c4-c22bc6d0c7c3}, !- Energy Input Ratio Function of Temperature Curve Name
  {9813576c-4714-439e-bf0e-4b4fdf8e60f7}, !- Energy Input Ratio Function of Flow Fraction Curve Name
  {274a4c60-e32b-4e58-96ee-ecb56401f49e}, !- Part Load Fraction Correlation Curve Name
  -25,                                    !- Minimum Outdoor Dry-Bulb Temperature for Compressor Operation {C}
  0,                                      !- Nominal Time for Condensate Removal to Begin {s}
  0,                                      !- Ratio of Initial Moisture Evaporation Rate and Steady State Latent Capacity {dimensionless}
  0,                                      !- Maximum Cycling Rate {cycles/hr}
  0,                                      !- Latent Capacity Time Constant {s}
  ,                                       !- Condenser Air Inlet Node Name
  AirCooled,                              !- Condenser Type
  0.9,                                    !- Evaporative Condenser Effectiveness {dimensionless}
  autosize,                               !- Evaporative Condenser Air Flow Rate {m3/s}
  autosize,                               !- Evaporative Condenser Pump Rated Power Consumption {W}
  0,                                      !- Crankcase Heater Capacity {W}
  ,                                       !- Crankcase Heater Capacity Function of Temperature Curve Name
  10,                                     !- Maximum Outdoor Dry-Bulb Temperature for Crankcase Heater Operation {C}
  ,                                       !- Supply Water Storage Tank Name
  ,                                       !- Condensate Collection Water Storage Tank Name
  0,                                      !- Basin Heater Capacity {W/K}
  2;                                      !- Basin Heater Setpoint Temperature {C}

OS:Fan:OnOff,
  {bec37fd3-5c54-4c77-888c-a2f6b5cba754}, !- Handle
  Zone Office WholeBuilding - Sm Office A  - Story Ground PSZ-AC Fan, !- Name
  {c044f5a4-4903-4e6a-9e3e-58c7d1306ff1}, !- Availability Schedule Name
  0.55575,                                !- Fan Total Efficiency
  622.722275,                             !- Pressure Rise {Pa}
  autosize,                               !- Maximum Flow Rate {m3/s}
  0.855,                                  !- Motor Efficiency
  1,                                      !- Motor In Airstream Fraction
  ,                                       !- Air Inlet Node Name
  ,                                       !- Air Outlet Node Name
  {36fd34ef-3722-4fd9-8392-5652959d2514}, !- Fan Power Ratio Function of Speed Ratio Curve Name
  {93280d15-a3ca-4cea-a5e7-5248ae51fa5e}, !- Fan Efficiency Ratio Function of Speed Ratio Curve Name
  ;                                       !- End-Use Subcategory

OS:Curve:Exponent,
  {36fd34ef-3722-4fd9-8392-5652959d2514}, !- Handle
  Fan On Off Power Curve,                 !- Name
  1,                                      !- Coefficient1 Constant
  0,                                      !- Coefficient2 Constant
  0,                                      !- Coefficient3 Constant
  0,                                      !- Minimum Value of x
  1,                                      !- Maximum Value of x
  ,                                       !- Minimum Curve Output
  ,                                       !- Maximum Curve Output
  ,                                       !- Input Unit Type for X
  ;                                       !- Output Unit Type

OS:Curve:Cubic,
  {93280d15-a3ca-4cea-a5e7-5248ae51fa5e}, !- Handle
  Fan On Off Efficiency Curve,            !- Name
  1,                                      !- Coefficient1 Constant
  0,                                      !- Coefficient2 x
  0,                                      !- Coefficient3 x**2
  0,                                      !- Coefficient4 x**3
  0,                                      !- Minimum Value of x
  1;                                      !- Maximum Value of x

OS:AirLoopHVAC:UnitarySystem,
  {84ab4862-d63c-4b3f-a4cf-5a5892b0f084}, !- Handle
  Zone Office WholeBuilding - Sm Office A  - Story Ground PSZ-AC Unitary AC, !- Name
  Load,                                   !- Control Type
  {d116a3ce-4d53-4e4d-a4d2-e73271cfbd47}, !- Controlling Zone or Thermostat Location
  None,                                   !- Dehumidification Control Type
  {c044f5a4-4903-4e6a-9e3e-58c7d1306ff1}, !- Availability Schedule Name
  {72d49389-274d-4aa1-bcf5-d5ec25a82a66}, !- Air Inlet Node Name
  {b33ee3d4-6235-449c-b16a-022192c6d871}, !- Air Outlet Node Name
  {bec37fd3-5c54-4c77-888c-a2f6b5cba754}, !- Supply Fan Name
  DrawThrough,                            !- Fan Placement
  {71dcc5b8-2a77-40a8-bede-31bbb73cef7f}, !- Supply Air Fan Operating Mode Schedule Name
  {1efb3d33-c35f-45a6-a892-64f5023d8782}, !- Heating Coil Name
  1,                                      !- DX Heating Coil Sizing Ratio
  {9099ffbe-b9e4-4997-8424-6cb67f75a132}, !- Cooling Coil Name
  No,                                     !- Use DOAS DX Cooling Coil
  2,                                      !- DOAS DX Cooling Coil Leaving Minimum Air Temperature {C}
  SensibleOnlyLoadControl,                !- Latent Load Control
  {f919e73e-6d3b-436a-913a-819a2cbc4889}, !- Supplemental Heating Coil Name
  SupplyAirFlowRate,                      !- Supply Air Flow Rate Method During Cooling Operation
  Autosize,                               !- Supply Air Flow Rate During Cooling Operation {m3/s}
  ,                                       !- Supply Air Flow Rate Per Floor Area During Cooling Operation {m3/s-m2}
  ,                                       !- Fraction of Autosized Design Cooling Supply Air Flow Rate
  ,                                       !- Design Supply Air Flow Rate Per Unit of Capacity During Cooling Operation {m3/s-W}
  SupplyAirFlowRate,                      !- Supply Air Flow Rate Method During Heating Operation
  Autosize,                               !- Supply Air Flow Rate During Heating Operation {m3/s}
  ,                                       !- Supply Air Flow Rate Per Floor Area during Heating Operation {m3/s-m2}
  ,                                       !- Fraction of Autosized Design Heating Supply Air Flow Rate
  ,                                       !- Design Supply Air Flow Rate Per Unit of Capacity During Heating Operation {m3/s-W}
  None,                                   !- Supply Air Flow Rate Method When No Cooling or Heating is Required
  ,                                       !- Supply Air Flow Rate When No Cooling or Heating is Required {m3/s}
  ,                                       !- Supply Air Flow Rate Per Floor Area When No Cooling or Heating is Required {m3/s-m2}
  ,                                       !- Fraction of Autosized Design Cooling Supply Air Flow Rate When No Cooling or Heating is Required
  ,                                       !- Fraction of Autosized Design Heating Supply Air Flow Rate When No Cooling or Heating is Required
  ,                                       !- Design Supply Air Flow Rate Per Unit of Capacity During Cooling Operation When No Cooling or Heating is Required {m3/s-W}
  ,                                       !- Design Supply Air Flow Rate Per Unit of Capacity During Heating Operation When No Cooling or Heating is Required {m3/s-W}
  80,                                     !- Maximum Supply Air Temperature {C}
  21,                                     !- Maximum Outdoor Dry-Bulb Temperature for Supplemental Heater Operation {C}
  ,                                       !- Outdoor Dry-Bulb Temperature Sensor Node Name
  0,                                      !- Ancilliary On-Cycle Electric Power {W}
  0;                                      !- Ancilliary Off-Cycle Electric Power {W}

OS:Connection,
  {b33ee3d4-6235-449c-b16a-022192c6d871}, !- Handle
  {84ab4862-d63c-4b3f-a4cf-5a5892b0f084}, !- Source Object
  7,                                      !- Outlet Port
  {09e36cdf-615a-49b3-892b-b8cf5438c399}, !- Target Object
  2;                                      !- Inlet Port

OS:Controller:OutdoorAir,
  {5fd9c98a-00f4-4013-911b-91d3ea5c3150}, !- Handle
  Zone Office WholeBuilding - Sm Office A  - Story Ground PSZ-AC OA System Controller, !- Name
  ,                                       !- Relief Air Outlet Node Name
  ,                                       !- Return Air Node Name
  ,                                       !- Mixed Air Node Name
  ,                                       !- Actuator Node Name
  autosize,                               !- Minimum Outdoor Air Flow Rate {m3/s}
  Autosize,                               !- Maximum Outdoor Air Flow Rate {m3/s}
  NoEconomizer,                           !- Economizer Control Type
  ModulateFlow,                           !- Economizer Control Action Type
  28,                                     !- Economizer Maximum Limit Dry-Bulb Temperature {C}
  64000,                                  !- Economizer Maximum Limit Enthalpy {J/kg}
  ,                                       !- Economizer Maximum Limit Dewpoint Temperature {C}
  ,                                       !- Electronic Enthalpy Limit Curve Name
  ,                                       !- Economizer Minimum Limit Dry-Bulb Temperature {C}
  LockoutWithHeating,                     !- Lockout Type
  FixedMinimum,                           !- Minimum Limit Type
  {71dcc5b8-2a77-40a8-bede-31bbb73cef7f}, !- Minimum Outdoor Air Schedule Name
  ,                                       !- Minimum Fraction of Outdoor Air Schedule Name
  {1a048ea0-bf6f-4fbb-a7da-242588689eba}, !- Maximum Fraction of Outdoor Air Schedule Name
  {ef236607-858e-4b3c-9340-be303b343fc5}, !- Controller Mechanical Ventilation
  ,                                       !- Time of Day Economizer Control Schedule Name
  No,                                     !- High Humidity Control
  ,                                       !- Humidistat Control Zone Name
  ,                                       !- High Humidity Outdoor Air Flow Ratio
  ,                                       !- Control High Indoor Humidity Based on Outdoor Humidity Ratio
  BypassWhenWithinEconomizerLimits,       !- Heat Recovery Bypass Control Type
  InterlockedWithMechanicalCooling;       !- Economizer Operation Staging

OS:Controller:MechanicalVentilation,
  {ef236607-858e-4b3c-9340-be303b343fc5}, !- Handle
  Controller Mechanical Ventilation 1,    !- Name
  {c044f5a4-4903-4e6a-9e3e-58c7d1306ff1}, !- Availability Schedule
  ,                                       !- Demand Controlled Ventilation
  ;                                       !- System Outdoor Air Method

OS:AirLoopHVAC:OutdoorAirSystem,
  {ada212a3-3d19-4ca8-806f-86d4d99e1b30}, !- Handle
  Zone Office WholeBuilding - Sm Office A  - Story Ground PSZ-AC OA System, !- Name
  {5fd9c98a-00f4-4013-911b-91d3ea5c3150}, !- Controller Name
  ,                                       !- Outdoor Air Equipment List Name
  ,                                       !- Availability Manager List Name
  {ce9793bf-6e29-412a-94b2-8fa5e0908f43}, !- Mixed Air Node Name
  {bb3cc241-fefe-4231-bc22-5ba3e48dc821}, !- Outdoor Air Stream Node Name
  {758d5b5f-a11f-4851-ab1b-6efdd1d0af4b}, !- Relief Air Stream Node Name
  {1baece16-43e8-460e-85ed-dce5fffda3cc}; !- Return Air Stream Node Name

OS:Node,
  {500dc9ad-91bb-4059-8257-f3cecead5e3b}, !- Handle
  Zone Office WholeBuilding - Sm Office A  - Story Ground PSZ-AC Outdoor Air Node, !- Name
  ,                                       !- Inlet Port
  {bb3cc241-fefe-4231-bc22-5ba3e48dc821}; !- Outlet Port

OS:Connection,
  {bb3cc241-fefe-4231-bc22-5ba3e48dc821}, !- Handle
  {500dc9ad-91bb-4059-8257-f3cecead5e3b}, !- Source Object
  3,                                      !- Outlet Port
  {ada212a3-3d19-4ca8-806f-86d4d99e1b30}, !- Target Object
  6;                                      !- Inlet Port

OS:Node,
  {321de28e-fef9-479b-90b0-d761744489dc}, !- Handle
  Zone Office WholeBuilding - Sm Office A  - Story Ground PSZ-AC Relief Air Node, !- Name
  {758d5b5f-a11f-4851-ab1b-6efdd1d0af4b}, !- Inlet Port
  ;                                       !- Outlet Port

OS:Connection,
  {758d5b5f-a11f-4851-ab1b-6efdd1d0af4b}, !- Handle
  {ada212a3-3d19-4ca8-806f-86d4d99e1b30}, !- Source Object
  7,                                      !- Outlet Port
  {321de28e-fef9-479b-90b0-d761744489dc}, !- Target Object
  2;                                      !- Inlet Port

OS:Node,
  {b5c45b4d-a99a-4120-bcb3-f32df7d000c7}, !- Handle
  Zone Office WholeBuilding - Sm Office A  - Story Ground PSZ-AC Mixed Air Node, !- Name
  {ce9793bf-6e29-412a-94b2-8fa5e0908f43}, !- Inlet Port
  {72d49389-274d-4aa1-bcf5-d5ec25a82a66}; !- Outlet Port

OS:Connection,
  {1baece16-43e8-460e-85ed-dce5fffda3cc}, !- Handle
  {e52c34f6-091e-4498-be44-ddc678165abd}, !- Source Object
  3,                                      !- Outlet Port
  {ada212a3-3d19-4ca8-806f-86d4d99e1b30}, !- Target Object
  8;                                      !- Inlet Port

OS:Connection,
  {ce9793bf-6e29-412a-94b2-8fa5e0908f43}, !- Handle
  {ada212a3-3d19-4ca8-806f-86d4d99e1b30}, !- Source Object
  5,                                      !- Outlet Port
  {b5c45b4d-a99a-4120-bcb3-f32df7d000c7}, !- Target Object
  2;                                      !- Inlet Port

OS:Connection,
  {72d49389-274d-4aa1-bcf5-d5ec25a82a66}, !- Handle
  {b5c45b4d-a99a-4120-bcb3-f32df7d000c7}, !- Source Object
  3,                                      !- Outlet Port
  {84ab4862-d63c-4b3f-a4cf-5a5892b0f084}, !- Target Object
  6;                                      !- Inlet Port

OS:AvailabilityManager:NightCycle,
  {5bbb9fda-3a93-4444-a7ca-c7c7ebb01c3f}, !- Handle
  Availability Manager Night Cycle 1,     !- Name
  {c044f5a4-4903-4e6a-9e3e-58c7d1306ff1}, !- Applicability Schedule
  ,                                       !- Fan Schedule
  CycleOnAny,                             !- Control Type
  1,                                      !- Thermostat Tolerance {deltaC}
  ,                                       !- Cycling Run Time Control Type
  1800,                                   !- Cycling Run Time {s}
  {cf9b2d55-4348-4be7-8c2d-a5770f69a4f3}, !- Control Zone or Zone List Name
  {01b6d636-3756-4d27-9964-5669feb19cca}, !- Cooling Control Zone or Zone List Name
  {472afca7-f189-4840-a828-70ae2868c7ed}, !- Heating Control Zone or Zone List Name
  {9374474b-3ddf-4198-8e3e-d30ff42529b5}; !- Heating Zone Fans Only Zone or Zone List Name

OS:ModelObjectList,
  {cf9b2d55-4348-4be7-8c2d-a5770f69a4f3}, !- Handle
  Availability Manager Night Cycle 1 Control Zone List; !- Name

OS:ModelObjectList,
  {01b6d636-3756-4d27-9964-5669feb19cca}, !- Handle
  Availability Manager Night Cycle 1 Cooling Control Zone List; !- Name

OS:ModelObjectList,
  {472afca7-f189-4840-a828-70ae2868c7ed}, !- Handle
  Availability Manager Night Cycle 1 Heating Control Zone List; !- Name

OS:ModelObjectList,
  {9374474b-3ddf-4198-8e3e-d30ff42529b5}, !- Handle
  Availability Manager Night Cycle 1 Heating Zone Fans Only Zone List; !- Name

OS:AirTerminal:SingleDuct:ConstantVolume:NoReheat,
  {71e44222-0d65-4abc-8b64-0d4603acd195}, !- Handle
  Zone Office WholeBuilding - Sm Office A  - Story Ground PSZ-AC Diffuser, !- Name
  {c044f5a4-4903-4e6a-9e3e-58c7d1306ff1}, !- Availability Schedule Name
  {8fd7ab38-e950-4348-a680-9bac9bca295c}, !- Air Inlet Node Name
  {7422e681-f975-46f6-ae8b-c043a2ca6a59}, !- Air Outlet Node Name
  AutoSize;                               !- Maximum Air Flow Rate {m3/s}

OS:Node,
  {9950deed-6f33-46fd-a888-1b65cdc6996b}, !- Handle
  Zone Office WholeBuilding - Sm Office A  - Story Ground Return Air Node, !- Name
  {e9e884d0-2535-4ab0-a787-d648d9ee76cb}, !- Inlet Port
  {e130763e-bd6d-4477-8f83-edfc5af78bd9}; !- Outlet Port

OS:Connection,
  {f207eec5-577d-4f1f-8647-5194d3b810b5}, !- Handle
  {4eaebd85-f68e-4e65-837f-da7a02831989}, !- Source Object
  3,                                      !- Outlet Port
  {4ef1e77d-5b38-41c1-8796-659b16999fbc}, !- Target Object
  2;                                      !- Inlet Port

OS:Connection,
  {e9e884d0-2535-4ab0-a787-d648d9ee76cb}, !- Handle
  {175dfa79-3a4d-4422-85af-b21a0c5be682}, !- Source Object
  2,                                      !- Outlet Port
  {9950deed-6f33-46fd-a888-1b65cdc6996b}, !- Target Object
  2;                                      !- Inlet Port

OS:Connection,
  {e130763e-bd6d-4477-8f83-edfc5af78bd9}, !- Handle
  {9950deed-6f33-46fd-a888-1b65cdc6996b}, !- Source Object
  3,                                      !- Outlet Port
  {4150a7c6-e71c-4505-a8b2-b9929291c185}, !- Target Object
  3;                                      !- Inlet Port

OS:Node,
  {3fae18e4-64bd-4070-a307-d0db91469a73}, !- Handle
  Zone Office WholeBuilding - Sm Office A  - Story Ground PSZ-AC Diffuser Inlet Air Node, !- Name
  {738b37a0-0bd2-479a-9cc7-8e7bc61b81fa}, !- Inlet Port
  {8fd7ab38-e950-4348-a680-9bac9bca295c}; !- Outlet Port

OS:Connection,
  {738b37a0-0bd2-479a-9cc7-8e7bc61b81fa}, !- Handle
  {24e46d6a-b63c-4cd5-8f53-5dd55b0827f0}, !- Source Object
  3,                                      !- Outlet Port
  {3fae18e4-64bd-4070-a307-d0db91469a73}, !- Target Object
  2;                                      !- Inlet Port

OS:Connection,
  {8fd7ab38-e950-4348-a680-9bac9bca295c}, !- Handle
  {3fae18e4-64bd-4070-a307-d0db91469a73}, !- Source Object
  3,                                      !- Outlet Port
  {71e44222-0d65-4abc-8b64-0d4603acd195}, !- Target Object
  3;                                      !- Inlet Port

OS:Connection,
  {7422e681-f975-46f6-ae8b-c043a2ca6a59}, !- Handle
  {71e44222-0d65-4abc-8b64-0d4603acd195}, !- Source Object
  4,                                      !- Outlet Port
  {4eaebd85-f68e-4e65-837f-da7a02831989}, !- Target Object
  2;                                      !- Inlet Port

OS:AirLoopHVAC,
  {abfcf6fe-8e6a-4bcc-82b3-607d835a87c1}, !- Handle
  Zone Office WholeBuilding - Sm Office A end_a - Story Ground PSZ-AC, !- Name
  ,                                       !- Controller List Name
  {8ceec393-179a-40ef-a9eb-b792a01b6b94}, !- Availability Schedule
  {7786068e-805f-4ede-a083-a18bef30a205}, !- Availability Manager List Name
  autosize,                               !- Design Supply Air Flow Rate {m3/s}
  1,                                      !- Design Return Air Flow Fraction of Supply Air Flow
  ,                                       !- Branch List Name
  ,                                       !- Connector List Name
  {100e1059-5ab0-4f7d-b303-afba7362b484}, !- Supply Side Inlet Node Name
  {096f09ff-5232-4ede-9f9d-ad6c2b1dc867}, !- Demand Side Outlet Node Name
  {ea67102c-3b9f-4db0-830f-ca37622b51c5}, !- Demand Side Inlet Node A
  {054bf17d-4c53-4849-ad6e-fcb936844835}, !- Supply Side Outlet Node A
  ,                                       !- Demand Side Inlet Node B
  ,                                       !- Supply Side Outlet Node B
  ,                                       !- Return Air Bypass Flow Temperature Setpoint Schedule Name
  {f74c2d96-6ac0-4f31-8407-5d3f7003c2ed}, !- Demand Mixer Name
  {5c7fe8bc-b807-49da-a491-38fe40be614f}, !- Demand Splitter A Name
  ,                                       !- Demand Splitter B Name
  ;                                       !- Supply Splitter Name

OS:Node,
  {fc7f9820-6e27-4798-bc9e-317fb50e1245}, !- Handle
  Zone Office WholeBuilding - Sm Office A end_a - Story Ground PSZ-AC Supply Inlet Node, !- Name
  {100e1059-5ab0-4f7d-b303-afba7362b484}, !- Inlet Port
  {a459d1f7-eb43-48c3-9037-9d8abfc11ce5}; !- Outlet Port

OS:Node,
  {5c622ca1-47ce-4338-a6e4-316daba2f57c}, !- Handle
  Zone Office WholeBuilding - Sm Office A end_a - Story Ground PSZ-AC Supply Outlet Node, !- Name
  {3e57cb04-8915-4c07-996e-fd7ffad9b6fc}, !- Inlet Port
  {054bf17d-4c53-4849-ad6e-fcb936844835}; !- Outlet Port

OS:Connection,
  {100e1059-5ab0-4f7d-b303-afba7362b484}, !- Handle
  {abfcf6fe-8e6a-4bcc-82b3-607d835a87c1}, !- Source Object
  9,                                      !- Outlet Port
  {fc7f9820-6e27-4798-bc9e-317fb50e1245}, !- Target Object
  2;                                      !- Inlet Port

OS:Connection,
  {054bf17d-4c53-4849-ad6e-fcb936844835}, !- Handle
  {5c622ca1-47ce-4338-a6e4-316daba2f57c}, !- Source Object
  3,                                      !- Outlet Port
  {abfcf6fe-8e6a-4bcc-82b3-607d835a87c1}, !- Target Object
  12;                                     !- Inlet Port

OS:Node,
  {35aea169-0399-4b14-91fb-af32ae5e36bb}, !- Handle
  Zone Office WholeBuilding - Sm Office A end_a - Story Ground PSZ-AC Demand Inlet Node, !- Name
  {ea67102c-3b9f-4db0-830f-ca37622b51c5}, !- Inlet Port
  {3bbaae70-db65-4a63-be39-7e12134d7b5a}; !- Outlet Port

OS:Node,
  {ad1dbcb2-2928-4d04-8b92-84e1ac1248c0}, !- Handle
  Zone Office WholeBuilding - Sm Office A end_a - Story Ground PSZ-AC Demand Outlet Node, !- Name
  {b78d45fe-2198-4fb7-b6eb-f81ad5a077dd}, !- Inlet Port
  {096f09ff-5232-4ede-9f9d-ad6c2b1dc867}; !- Outlet Port

OS:Node,
  {0334abe2-7a66-47f0-ae42-6187e27f7845}, !- Handle
  Zone Office WholeBuilding - Sm Office A end_a - Story Ground PSZ-AC Diffuser Outlet Air Node, !- Name
  {8f060f79-a355-4beb-89cb-f16ad82c1a38}, !- Inlet Port
  {36e5bb4c-1085-4f4e-8d92-428b9a167a20}; !- Outlet Port

OS:Connection,
  {ea67102c-3b9f-4db0-830f-ca37622b51c5}, !- Handle
  {abfcf6fe-8e6a-4bcc-82b3-607d835a87c1}, !- Source Object
  11,                                     !- Outlet Port
  {35aea169-0399-4b14-91fb-af32ae5e36bb}, !- Target Object
  2;                                      !- Inlet Port

OS:Connection,
  {096f09ff-5232-4ede-9f9d-ad6c2b1dc867}, !- Handle
  {ad1dbcb2-2928-4d04-8b92-84e1ac1248c0}, !- Source Object
  3,                                      !- Outlet Port
  {abfcf6fe-8e6a-4bcc-82b3-607d835a87c1}, !- Target Object
  10;                                     !- Inlet Port

OS:AirLoopHVAC:ZoneSplitter,
  {5c7fe8bc-b807-49da-a491-38fe40be614f}, !- Handle
  Air Loop HVAC Zone Splitter 2,          !- Name
  {3bbaae70-db65-4a63-be39-7e12134d7b5a}, !- Inlet Node Name
  {f318ef48-5855-4687-bc64-da01fa72825d}; !- Outlet Node Name 1

OS:AirLoopHVAC:ZoneMixer,
  {f74c2d96-6ac0-4f31-8407-5d3f7003c2ed}, !- Handle
  Air Loop HVAC Zone Mixer 2,             !- Name
  {b78d45fe-2198-4fb7-b6eb-f81ad5a077dd}, !- Outlet Node Name
  {d7287d14-bbcf-4454-9c11-8fd905bcb722}; !- Inlet Node Name 1

OS:Connection,
  {3bbaae70-db65-4a63-be39-7e12134d7b5a}, !- Handle
  {35aea169-0399-4b14-91fb-af32ae5e36bb}, !- Source Object
  3,                                      !- Outlet Port
  {5c7fe8bc-b807-49da-a491-38fe40be614f}, !- Target Object
  2;                                      !- Inlet Port

OS:Connection,
  {b78d45fe-2198-4fb7-b6eb-f81ad5a077dd}, !- Handle
  {f74c2d96-6ac0-4f31-8407-5d3f7003c2ed}, !- Source Object
  2,                                      !- Outlet Port
  {ad1dbcb2-2928-4d04-8b92-84e1ac1248c0}, !- Target Object
  2;                                      !- Inlet Port

OS:Sizing:System,
  {03d32b77-178d-499a-aefc-91c514e48427}, !- Handle
  {abfcf6fe-8e6a-4bcc-82b3-607d835a87c1}, !- AirLoop Name
  Sensible,                               !- Type of Load to Size On
  Autosize,                               !- Design Outdoor Air Flow Rate {m3/s}
  1,                                      !- Central Heating Maximum System Air Flow Ratio
  7.22222222222229,                       !- Preheat Design Temperature {C}
  0.008,                                  !- Preheat Design Humidity Ratio {kg-H2O/kg-Air}
  12.7777777777778,                       !- Precool Design Temperature {C}
  0.008,                                  !- Precool Design Humidity Ratio {kg-H2O/kg-Air}
  12.7777777777778,                       !- Central Cooling Design Supply Air Temperature {C}
  50.0000000000001,                       !- Central Heating Design Supply Air Temperature {C}
  Coincident,                             !- Sizing Option
  No,                                     !- 100% Outdoor Air in Cooling
  No,                                     !- 100% Outdoor Air in Heating
  0.0085,                                 !- Central Cooling Design Supply Air Humidity Ratio {kg-H2O/kg-Air}
  0.008,                                  !- Central Heating Design Supply Air Humidity Ratio {kg-H2O/kg-Air}
  DesignDay,                              !- Cooling Design Air Flow Method
  ,                                       !- Cooling Design Air Flow Rate {m3/s}
  DesignDay,                              !- Heating Design Air Flow Method
  ,                                       !- Heating Design Air Flow Rate {m3/s}
  ZoneSum,                                !- System Outdoor Air Method
  1,                                      !- Zone Maximum Outdoor Air Fraction {dimensionless}
  0.0099676501,                           !- Cooling Supply Air Flow Rate Per Floor Area {m3/s-m2}
  1,                                      !- Cooling Fraction of Autosized Cooling Supply Air Flow Rate
  3.9475456e-05,                          !- Cooling Supply Air Flow Rate Per Unit Cooling Capacity {m3/s-W}
  0.0099676501,                           !- Heating Supply Air Flow Rate Per Floor Area {m3/s-m2}
  1,                                      !- Heating Fraction of Autosized Heating Supply Air Flow Rate
  1,                                      !- Heating Fraction of Autosized Cooling Supply Air Flow Rate
  3.1588213e-05,                          !- Heating Supply Air Flow Rate Per Unit Heating Capacity {m3/s-W}
  CoolingDesignCapacity,                  !- Cooling Design Capacity Method
  autosize,                               !- Cooling Design Capacity {W}
  234.7,                                  !- Cooling Design Capacity Per Floor Area {W/m2}
  1,                                      !- Fraction of Autosized Cooling Design Capacity
  HeatingDesignCapacity,                  !- Heating Design Capacity Method
  autosize,                               !- Heating Design Capacity {W}
  157,                                    !- Heating Design Capacity Per Floor Area {W/m2}
  1,                                      !- Fraction of Autosized Heating Design Capacity
  OnOff,                                  !- Central Cooling Capacity Control Method
  autosize;                               !- Occupant Diversity

OS:AvailabilityManagerAssignmentList,
  {7786068e-805f-4ede-a083-a18bef30a205}, !- Handle
  Air Loop HVAC 1 AvailabilityManagerAssignmentList 1, !- Name
  {a5819a8e-43e5-438a-966c-1c2f23e7a305}; !- Availability Manager Name 1

OS:SetpointManager:SingleZone:Reheat,
  {586587cf-3755-4991-a30d-0a63570a159e}, !- Handle
  Zone Office WholeBuilding - Sm Office A end_a - Story Ground Setpoint Manager SZ Reheat, !- Name
  12.7777777777778,                       !- Minimum Supply Air Temperature {C}
  50.0000000000001,                       !- Maximum Supply Air Temperature {C}
  {8cbc5ac9-994b-4316-b5ba-10c9a28f4317}, !- Control Zone Name
  {5c622ca1-47ce-4338-a6e4-316daba2f57c}; !- Setpoint Node or NodeList Name

OS:Coil:Heating:Water,
  {b4cbf864-d52b-4856-b1b6-6495ae59f492}, !- Handle
  Zone Office WholeBuilding - Sm Office A end_a - Story Ground PSZ-AC Water Htg Coil, !- Name
  {c044f5a4-4903-4e6a-9e3e-58c7d1306ff1}, !- Availability Schedule Name
  ,                                       !- U-Factor Times Area Value {W/K}
  ,                                       !- Maximum Water Flow Rate {m3/s}
  {060d1027-3c78-4bc6-ba6b-8fe43b54de4a}, !- Water Inlet Node Name
  {79e1de7b-0ad1-4724-a6c2-60387ed75a78}, !- Water Outlet Node Name
  ,                                       !- Air Inlet Node Name
  ,                                       !- Air Outlet Node Name
  ,                                       !- Performance Input Method
  ,                                       !- Rated Capacity {W}
  82.2222222222223,                       !- Rated Inlet Water Temperature {C}
  7.22222222222229,                       !- Rated Inlet Air Temperature {C}
  71.1111111111112,                       !- Rated Outlet Water Temperature {C}
  50.0000000000001,                       !- Rated Outlet Air Temperature {C}
  ;                                       !- Rated Ratio for Air and Water Convection

OS:Node,
  {207c2258-e825-4aad-b12b-1697b97f2fe8}, !- Handle
  Zone Office WholeBuilding - Sm Office A end_a - Story Ground PSZ-AC Water Htg Coil Inlet Water Node, !- Name
  {d869cf56-59ef-4fbe-a7ac-d324b82f11e5}, !- Inlet Port
  {060d1027-3c78-4bc6-ba6b-8fe43b54de4a}; !- Outlet Port

OS:Connection,
  {d869cf56-59ef-4fbe-a7ac-d324b82f11e5}, !- Handle
  {5fdb8dec-3986-403c-8326-a5236ebf60d1}, !- Source Object
  5,                                      !- Outlet Port
  {207c2258-e825-4aad-b12b-1697b97f2fe8}, !- Target Object
  2;                                      !- Inlet Port

OS:Node,
  {8e351d44-1773-424e-96d4-9c2cad940192}, !- Handle
  Zone Office WholeBuilding - Sm Office A end_a - Story Ground PSZ-AC Water Htg Coil Outlet Water Node, !- Name
  {79e1de7b-0ad1-4724-a6c2-60387ed75a78}, !- Inlet Port
  {b73d36fb-1aeb-487e-a176-bf9f6b006220}; !- Outlet Port

OS:Connection,
  {060d1027-3c78-4bc6-ba6b-8fe43b54de4a}, !- Handle
  {207c2258-e825-4aad-b12b-1697b97f2fe8}, !- Source Object
  3,                                      !- Outlet Port
  {b4cbf864-d52b-4856-b1b6-6495ae59f492}, !- Target Object
  5;                                      !- Inlet Port

OS:Connection,
  {79e1de7b-0ad1-4724-a6c2-60387ed75a78}, !- Handle
  {b4cbf864-d52b-4856-b1b6-6495ae59f492}, !- Source Object
  6,                                      !- Outlet Port
  {8e351d44-1773-424e-96d4-9c2cad940192}, !- Target Object
  2;                                      !- Inlet Port

OS:Connection,
  {b73d36fb-1aeb-487e-a176-bf9f6b006220}, !- Handle
  {8e351d44-1773-424e-96d4-9c2cad940192}, !- Source Object
  3,                                      !- Outlet Port
  {0fbfeb04-f91c-417e-aa40-f15c4be23f16}, !- Target Object
  5;                                      !- Inlet Port

OS:Controller:WaterCoil,
  {0a7c766e-300e-4b21-af8f-dd52542990c6}, !- Handle
  Zone Office WholeBuilding - Sm Office A end_a - Story Ground PSZ-AC Water Htg Coil Controller, !- Name
  {b4cbf864-d52b-4856-b1b6-6495ae59f492}, !- Water Coil Name
  ,                                       !- Control Variable
  Normal,                                 !- Action
  ,                                       !- Actuator Variable
  ,                                       !- Sensor Node Name
  ,                                       !- Actuator Node Name
  0.0001,                                 !- Controller Convergence Tolerance {deltaC}
  ,                                       !- Maximum Actuated Flow {m3/s}
  0;                                      !- Minimum Actuated Flow {m3/s}

OS:Coil:Heating:Electric,
  {7b74483c-e4ca-4033-af52-e66c3abbbb9f}, !- Handle
  Zone Office WholeBuilding - Sm Office A end_a - Story Ground PSZ-AC Electric Backup Htg Coil, !- Name
  {c044f5a4-4903-4e6a-9e3e-58c7d1306ff1}, !- Availability Schedule Name
  1,                                      !- Efficiency
  ,                                       !- Nominal Capacity {W}
  ,                                       !- Air Inlet Node Name
  ;                                       !- Air Outlet Node Name

OS:Coil:Cooling:DX:SingleSpeed,
  {bffed5f4-9093-4fd9-a43b-aebee47c0173}, !- Handle
  Zone Office WholeBuilding - Sm Office A end_a - Story Ground PSZ-AC 1spd DX AC Clg Coil 6kBtu/hr 13.0SEER, !- Name
  {c044f5a4-4903-4e6a-9e3e-58c7d1306ff1}, !- Availability Schedule Name
  autosize,                               !- Rated Total Cooling Capacity {W}
  autosize,                               !- Rated Sensible Heat Ratio
  3.91156806861466,                       !- Rated COP {W/W}
  autosize,                               !- Rated Air Flow Rate {m3/s}
  773.3,                                  !- Rated Evaporator Fan Power Per Volume Flow Rate 2017 {W/(m3/s)}
  934.4,                                  !- Rated Evaporator Fan Power Per Volume Flow Rate 2023 {W/(m3/s)}
  ,                                       !- Air Inlet Node Name
  ,                                       !- Air Outlet Node Name
  {f9019d69-f0c5-4d9d-9bc2-7b4206e402ad}, !- Total Cooling Capacity Function of Temperature Curve Name
  {04635352-d720-4ca8-a858-0fdce72f505a}, !- Total Cooling Capacity Function of Flow Fraction Curve Name
  {d9d34d8a-37fc-4849-b6c4-c22bc6d0c7c3}, !- Energy Input Ratio Function of Temperature Curve Name
  {9813576c-4714-439e-bf0e-4b4fdf8e60f7}, !- Energy Input Ratio Function of Flow Fraction Curve Name
  {274a4c60-e32b-4e58-96ee-ecb56401f49e}, !- Part Load Fraction Correlation Curve Name
  -25,                                    !- Minimum Outdoor Dry-Bulb Temperature for Compressor Operation {C}
  0,                                      !- Nominal Time for Condensate Removal to Begin {s}
  0,                                      !- Ratio of Initial Moisture Evaporation Rate and Steady State Latent Capacity {dimensionless}
  0,                                      !- Maximum Cycling Rate {cycles/hr}
  0,                                      !- Latent Capacity Time Constant {s}
  ,                                       !- Condenser Air Inlet Node Name
  AirCooled,                              !- Condenser Type
  0.9,                                    !- Evaporative Condenser Effectiveness {dimensionless}
  autosize,                               !- Evaporative Condenser Air Flow Rate {m3/s}
  autosize,                               !- Evaporative Condenser Pump Rated Power Consumption {W}
  0,                                      !- Crankcase Heater Capacity {W}
  ,                                       !- Crankcase Heater Capacity Function of Temperature Curve Name
  10,                                     !- Maximum Outdoor Dry-Bulb Temperature for Crankcase Heater Operation {C}
  ,                                       !- Supply Water Storage Tank Name
  ,                                       !- Condensate Collection Water Storage Tank Name
  0,                                      !- Basin Heater Capacity {W/K}
  2;                                      !- Basin Heater Setpoint Temperature {C}

OS:Fan:OnOff,
  {d389ca6d-bf07-4b91-8e7c-a0289ba48be8}, !- Handle
  Zone Office WholeBuilding - Sm Office A end_a - Story Ground PSZ-AC Fan, !- Name
  {c044f5a4-4903-4e6a-9e3e-58c7d1306ff1}, !- Availability Schedule Name
  0.55575,                                !- Fan Total Efficiency
  622.722275,                             !- Pressure Rise {Pa}
  autosize,                               !- Maximum Flow Rate {m3/s}
  0.855,                                  !- Motor Efficiency
  1,                                      !- Motor In Airstream Fraction
  ,                                       !- Air Inlet Node Name
  ,                                       !- Air Outlet Node Name
  {bf387d57-4eb0-45b1-a4dd-98040d0ca633}, !- Fan Power Ratio Function of Speed Ratio Curve Name
  {17e0dace-15d1-4b38-a430-bfe6f5986b60}, !- Fan Efficiency Ratio Function of Speed Ratio Curve Name
  ;                                       !- End-Use Subcategory

OS:Curve:Exponent,
  {bf387d57-4eb0-45b1-a4dd-98040d0ca633}, !- Handle
  Fan On Off Power Curve 1,               !- Name
  1,                                      !- Coefficient1 Constant
  0,                                      !- Coefficient2 Constant
  0,                                      !- Coefficient3 Constant
  0,                                      !- Minimum Value of x
  1,                                      !- Maximum Value of x
  ,                                       !- Minimum Curve Output
  ,                                       !- Maximum Curve Output
  ,                                       !- Input Unit Type for X
  ;                                       !- Output Unit Type

OS:Curve:Cubic,
  {17e0dace-15d1-4b38-a430-bfe6f5986b60}, !- Handle
  Fan On Off Efficiency Curve 1,          !- Name
  1,                                      !- Coefficient1 Constant
  0,                                      !- Coefficient2 x
  0,                                      !- Coefficient3 x**2
  0,                                      !- Coefficient4 x**3
  0,                                      !- Minimum Value of x
  1;                                      !- Maximum Value of x

OS:AirLoopHVAC:UnitarySystem,
  {988854fe-0441-4bbd-bd47-cb92bff70089}, !- Handle
  Zone Office WholeBuilding - Sm Office A end_a - Story Ground PSZ-AC Unitary AC, !- Name
  Load,                                   !- Control Type
  {8cbc5ac9-994b-4316-b5ba-10c9a28f4317}, !- Controlling Zone or Thermostat Location
  None,                                   !- Dehumidification Control Type
  {c044f5a4-4903-4e6a-9e3e-58c7d1306ff1}, !- Availability Schedule Name
  {5170a918-13d9-4fdd-bc1e-472a345e0e3c}, !- Air Inlet Node Name
  {3e57cb04-8915-4c07-996e-fd7ffad9b6fc}, !- Air Outlet Node Name
  {d389ca6d-bf07-4b91-8e7c-a0289ba48be8}, !- Supply Fan Name
  DrawThrough,                            !- Fan Placement
  {8ceec393-179a-40ef-a9eb-b792a01b6b94}, !- Supply Air Fan Operating Mode Schedule Name
  {b4cbf864-d52b-4856-b1b6-6495ae59f492}, !- Heating Coil Name
  1,                                      !- DX Heating Coil Sizing Ratio
  {bffed5f4-9093-4fd9-a43b-aebee47c0173}, !- Cooling Coil Name
  No,                                     !- Use DOAS DX Cooling Coil
  2,                                      !- DOAS DX Cooling Coil Leaving Minimum Air Temperature {C}
  SensibleOnlyLoadControl,                !- Latent Load Control
  {7b74483c-e4ca-4033-af52-e66c3abbbb9f}, !- Supplemental Heating Coil Name
  SupplyAirFlowRate,                      !- Supply Air Flow Rate Method During Cooling Operation
  Autosize,                               !- Supply Air Flow Rate During Cooling Operation {m3/s}
  ,                                       !- Supply Air Flow Rate Per Floor Area During Cooling Operation {m3/s-m2}
  ,                                       !- Fraction of Autosized Design Cooling Supply Air Flow Rate
  ,                                       !- Design Supply Air Flow Rate Per Unit of Capacity During Cooling Operation {m3/s-W}
  SupplyAirFlowRate,                      !- Supply Air Flow Rate Method During Heating Operation
  Autosize,                               !- Supply Air Flow Rate During Heating Operation {m3/s}
  ,                                       !- Supply Air Flow Rate Per Floor Area during Heating Operation {m3/s-m2}
  ,                                       !- Fraction of Autosized Design Heating Supply Air Flow Rate
  ,                                       !- Design Supply Air Flow Rate Per Unit of Capacity During Heating Operation {m3/s-W}
  None,                                   !- Supply Air Flow Rate Method When No Cooling or Heating is Required
  ,                                       !- Supply Air Flow Rate When No Cooling or Heating is Required {m3/s}
  ,                                       !- Supply Air Flow Rate Per Floor Area When No Cooling or Heating is Required {m3/s-m2}
  ,                                       !- Fraction of Autosized Design Cooling Supply Air Flow Rate When No Cooling or Heating is Required
  ,                                       !- Fraction of Autosized Design Heating Supply Air Flow Rate When No Cooling or Heating is Required
  ,                                       !- Design Supply Air Flow Rate Per Unit of Capacity During Cooling Operation When No Cooling or Heating is Required {m3/s-W}
  ,                                       !- Design Supply Air Flow Rate Per Unit of Capacity During Heating Operation When No Cooling or Heating is Required {m3/s-W}
  80,                                     !- Maximum Supply Air Temperature {C}
  21,                                     !- Maximum Outdoor Dry-Bulb Temperature for Supplemental Heater Operation {C}
  ,                                       !- Outdoor Dry-Bulb Temperature Sensor Node Name
  0,                                      !- Ancilliary On-Cycle Electric Power {W}
  0;                                      !- Ancilliary Off-Cycle Electric Power {W}

OS:Connection,
  {3e57cb04-8915-4c07-996e-fd7ffad9b6fc}, !- Handle
  {988854fe-0441-4bbd-bd47-cb92bff70089}, !- Source Object
  7,                                      !- Outlet Port
  {5c622ca1-47ce-4338-a6e4-316daba2f57c}, !- Target Object
  2;                                      !- Inlet Port

OS:Controller:OutdoorAir,
  {b7239dc4-e9bc-445f-bc6d-a5caed8e53c8}, !- Handle
  Zone Office WholeBuilding - Sm Office A end_a - Story Ground PSZ-AC OA System Controller, !- Name
  ,                                       !- Relief Air Outlet Node Name
  ,                                       !- Return Air Node Name
  ,                                       !- Mixed Air Node Name
  ,                                       !- Actuator Node Name
  autosize,                               !- Minimum Outdoor Air Flow Rate {m3/s}
  Autosize,                               !- Maximum Outdoor Air Flow Rate {m3/s}
  NoEconomizer,                           !- Economizer Control Type
  ModulateFlow,                           !- Economizer Control Action Type
  28,                                     !- Economizer Maximum Limit Dry-Bulb Temperature {C}
  64000,                                  !- Economizer Maximum Limit Enthalpy {J/kg}
  ,                                       !- Economizer Maximum Limit Dewpoint Temperature {C}
  ,                                       !- Electronic Enthalpy Limit Curve Name
  ,                                       !- Economizer Minimum Limit Dry-Bulb Temperature {C}
  LockoutWithHeating,                     !- Lockout Type
  FixedMinimum,                           !- Minimum Limit Type
  {8ceec393-179a-40ef-a9eb-b792a01b6b94}, !- Minimum Outdoor Air Schedule Name
  ,                                       !- Minimum Fraction of Outdoor Air Schedule Name
  {34e7f291-370e-4f93-abb5-8e03c150658a}, !- Maximum Fraction of Outdoor Air Schedule Name
  {1876161c-942b-4538-acfc-42bd20aba772}, !- Controller Mechanical Ventilation
  ,                                       !- Time of Day Economizer Control Schedule Name
  No,                                     !- High Humidity Control
  ,                                       !- Humidistat Control Zone Name
  ,                                       !- High Humidity Outdoor Air Flow Ratio
  ,                                       !- Control High Indoor Humidity Based on Outdoor Humidity Ratio
  BypassWhenWithinEconomizerLimits,       !- Heat Recovery Bypass Control Type
  InterlockedWithMechanicalCooling;       !- Economizer Operation Staging

OS:Controller:MechanicalVentilation,
  {1876161c-942b-4538-acfc-42bd20aba772}, !- Handle
  Controller Mechanical Ventilation 2,    !- Name
  {c044f5a4-4903-4e6a-9e3e-58c7d1306ff1}, !- Availability Schedule
  ,                                       !- Demand Controlled Ventilation
  ;                                       !- System Outdoor Air Method

OS:AirLoopHVAC:OutdoorAirSystem,
  {e456a6f7-c323-42cc-bcab-1ecf3973c44a}, !- Handle
  Zone Office WholeBuilding - Sm Office A end_a - Story Ground PSZ-AC OA System, !- Name
  {b7239dc4-e9bc-445f-bc6d-a5caed8e53c8}, !- Controller Name
  ,                                       !- Outdoor Air Equipment List Name
  ,                                       !- Availability Manager List Name
  {5fb34a81-27ff-4cb6-99fc-434ef7205962}, !- Mixed Air Node Name
  {3e74e670-f7fe-40a8-bac7-2b238bd417e3}, !- Outdoor Air Stream Node Name
  {224bc9e5-f46a-4d58-8405-1527ba040166}, !- Relief Air Stream Node Name
  {a459d1f7-eb43-48c3-9037-9d8abfc11ce5}; !- Return Air Stream Node Name

OS:Node,
  {408b3248-bb2f-4b3d-91e6-3c82f6c604d3}, !- Handle
  Zone Office WholeBuilding - Sm Office A end_a - Story Ground PSZ-AC Outdoor Air Node, !- Name
  ,                                       !- Inlet Port
  {3e74e670-f7fe-40a8-bac7-2b238bd417e3}; !- Outlet Port

OS:Connection,
  {3e74e670-f7fe-40a8-bac7-2b238bd417e3}, !- Handle
  {408b3248-bb2f-4b3d-91e6-3c82f6c604d3}, !- Source Object
  3,                                      !- Outlet Port
  {e456a6f7-c323-42cc-bcab-1ecf3973c44a}, !- Target Object
  6;                                      !- Inlet Port

OS:Node,
  {25107033-4ddb-4e0f-baa1-15c309e7951c}, !- Handle
  Zone Office WholeBuilding - Sm Office A end_a - Story Ground PSZ-AC Relief Air Node, !- Name
  {224bc9e5-f46a-4d58-8405-1527ba040166}, !- Inlet Port
  ;                                       !- Outlet Port

OS:Connection,
  {224bc9e5-f46a-4d58-8405-1527ba040166}, !- Handle
  {e456a6f7-c323-42cc-bcab-1ecf3973c44a}, !- Source Object
  7,                                      !- Outlet Port
  {25107033-4ddb-4e0f-baa1-15c309e7951c}, !- Target Object
  2;                                      !- Inlet Port

OS:Node,
  {9b7d31c4-c529-4283-8666-270b3cf521c2}, !- Handle
  Zone Office WholeBuilding - Sm Office A end_a - Story Ground PSZ-AC Mixed Air Node, !- Name
  {5fb34a81-27ff-4cb6-99fc-434ef7205962}, !- Inlet Port
  {5170a918-13d9-4fdd-bc1e-472a345e0e3c}; !- Outlet Port

OS:Connection,
  {a459d1f7-eb43-48c3-9037-9d8abfc11ce5}, !- Handle
  {fc7f9820-6e27-4798-bc9e-317fb50e1245}, !- Source Object
  3,                                      !- Outlet Port
  {e456a6f7-c323-42cc-bcab-1ecf3973c44a}, !- Target Object
  8;                                      !- Inlet Port

OS:Connection,
  {5fb34a81-27ff-4cb6-99fc-434ef7205962}, !- Handle
  {e456a6f7-c323-42cc-bcab-1ecf3973c44a}, !- Source Object
  5,                                      !- Outlet Port
  {9b7d31c4-c529-4283-8666-270b3cf521c2}, !- Target Object
  2;                                      !- Inlet Port

OS:Connection,
  {5170a918-13d9-4fdd-bc1e-472a345e0e3c}, !- Handle
  {9b7d31c4-c529-4283-8666-270b3cf521c2}, !- Source Object
  3,                                      !- Outlet Port
  {988854fe-0441-4bbd-bd47-cb92bff70089}, !- Target Object
  6;                                      !- Inlet Port

OS:AvailabilityManager:NightCycle,
  {a5819a8e-43e5-438a-966c-1c2f23e7a305}, !- Handle
  Availability Manager Night Cycle 2,     !- Name
  {c044f5a4-4903-4e6a-9e3e-58c7d1306ff1}, !- Applicability Schedule
  ,                                       !- Fan Schedule
  CycleOnAny,                             !- Control Type
  1,                                      !- Thermostat Tolerance {deltaC}
  ,                                       !- Cycling Run Time Control Type
  1800,                                   !- Cycling Run Time {s}
  {c0b0f7fb-bc2d-4b1b-abdb-e2fe691888fc}, !- Control Zone or Zone List Name
  {ba166f4d-3a86-4bd1-a2ed-2fc53537513d}, !- Cooling Control Zone or Zone List Name
  {8fbc8f3f-d8a7-4080-9775-9c118e144db9}, !- Heating Control Zone or Zone List Name
  {90b6e6e1-1fdd-404c-b227-6bc4218878ea}; !- Heating Zone Fans Only Zone or Zone List Name

OS:ModelObjectList,
  {c0b0f7fb-bc2d-4b1b-abdb-e2fe691888fc}, !- Handle
  Availability Manager Night Cycle 2 Control Zone List; !- Name

OS:ModelObjectList,
  {ba166f4d-3a86-4bd1-a2ed-2fc53537513d}, !- Handle
  Availability Manager Night Cycle 2 Cooling Control Zone List; !- Name

OS:ModelObjectList,
  {8fbc8f3f-d8a7-4080-9775-9c118e144db9}, !- Handle
  Availability Manager Night Cycle 2 Heating Control Zone List; !- Name

OS:ModelObjectList,
  {90b6e6e1-1fdd-404c-b227-6bc4218878ea}, !- Handle
  Availability Manager Night Cycle 2 Heating Zone Fans Only Zone List; !- Name

OS:AirTerminal:SingleDuct:ConstantVolume:NoReheat,
  {17339c6a-51ad-4938-8892-4b59ee44ca0f}, !- Handle
  Zone Office WholeBuilding - Sm Office A end_a - Story Ground PSZ-AC Diffuser, !- Name
  {c044f5a4-4903-4e6a-9e3e-58c7d1306ff1}, !- Availability Schedule Name
  {53a85c2b-edb8-4c66-8463-31d873c41d81}, !- Air Inlet Node Name
  {8f060f79-a355-4beb-89cb-f16ad82c1a38}, !- Air Outlet Node Name
  AutoSize;                               !- Maximum Air Flow Rate {m3/s}

OS:Node,
  {d62f0a34-97a9-4373-ac8b-4dc3ed5989a1}, !- Handle
  Zone Office WholeBuilding - Sm Office A end_a - Story Ground Return Air Node, !- Name
  {5e20be5f-59f6-44fb-9bb9-711d81b69c6f}, !- Inlet Port
  {d7287d14-bbcf-4454-9c11-8fd905bcb722}; !- Outlet Port

OS:Connection,
  {36e5bb4c-1085-4f4e-8d92-428b9a167a20}, !- Handle
  {0334abe2-7a66-47f0-ae42-6187e27f7845}, !- Source Object
  3,                                      !- Outlet Port
  {cdd60201-6bf0-43ca-ba26-d220d98679e0}, !- Target Object
  2;                                      !- Inlet Port

OS:Connection,
  {5e20be5f-59f6-44fb-9bb9-711d81b69c6f}, !- Handle
  {f1bbe11d-4d6d-4fcc-bd6d-304ff3fa28c3}, !- Source Object
  2,                                      !- Outlet Port
  {d62f0a34-97a9-4373-ac8b-4dc3ed5989a1}, !- Target Object
  2;                                      !- Inlet Port

OS:Connection,
  {d7287d14-bbcf-4454-9c11-8fd905bcb722}, !- Handle
  {d62f0a34-97a9-4373-ac8b-4dc3ed5989a1}, !- Source Object
  3,                                      !- Outlet Port
  {f74c2d96-6ac0-4f31-8407-5d3f7003c2ed}, !- Target Object
  3;                                      !- Inlet Port

OS:Node,
  {e00a7583-386a-4742-8b83-8323158d136c}, !- Handle
  Zone Office WholeBuilding - Sm Office A end_a - Story Ground PSZ-AC Diffuser Inlet Air Node, !- Name
  {f318ef48-5855-4687-bc64-da01fa72825d}, !- Inlet Port
  {53a85c2b-edb8-4c66-8463-31d873c41d81}; !- Outlet Port

OS:Connection,
  {f318ef48-5855-4687-bc64-da01fa72825d}, !- Handle
  {5c7fe8bc-b807-49da-a491-38fe40be614f}, !- Source Object
  3,                                      !- Outlet Port
  {e00a7583-386a-4742-8b83-8323158d136c}, !- Target Object
  2;                                      !- Inlet Port

OS:Connection,
  {53a85c2b-edb8-4c66-8463-31d873c41d81}, !- Handle
  {e00a7583-386a-4742-8b83-8323158d136c}, !- Source Object
  3,                                      !- Outlet Port
  {17339c6a-51ad-4938-8892-4b59ee44ca0f}, !- Target Object
  3;                                      !- Inlet Port

OS:Connection,
  {8f060f79-a355-4beb-89cb-f16ad82c1a38}, !- Handle
  {17339c6a-51ad-4938-8892-4b59ee44ca0f}, !- Source Object
  4,                                      !- Outlet Port
  {0334abe2-7a66-47f0-ae42-6187e27f7845}, !- Target Object
  2;                                      !- Inlet Port

OS:AirLoopHVAC,
  {6a98aff7-4be9-4e5c-944e-07f1dd482e73}, !- Handle
  Zone Office WholeBuilding - Sm Office A end_b - Story Ground PSZ-AC, !- Name
  ,                                       !- Controller List Name
  {97b1a79a-1131-493e-8aa1-7d8f5680da2a}, !- Availability Schedule
  {11691c41-0d1d-4051-8051-f25500636d4a}, !- Availability Manager List Name
  autosize,                               !- Design Supply Air Flow Rate {m3/s}
  1,                                      !- Design Return Air Flow Fraction of Supply Air Flow
  ,                                       !- Branch List Name
  ,                                       !- Connector List Name
  {765c0fba-1055-4ef4-a121-5a84c5643242}, !- Supply Side Inlet Node Name
  {801156fa-aa55-4646-bd6a-db92936b399a}, !- Demand Side Outlet Node Name
  {3edfbf47-e865-42b0-8da8-2abf61d65617}, !- Demand Side Inlet Node A
  {792d1db9-4176-4d59-a317-b23168616ab6}, !- Supply Side Outlet Node A
  ,                                       !- Demand Side Inlet Node B
  ,                                       !- Supply Side Outlet Node B
  ,                                       !- Return Air Bypass Flow Temperature Setpoint Schedule Name
  {a9bed600-2f59-4566-ae27-7c4a70ec2874}, !- Demand Mixer Name
  {c0cb788b-ecaa-49f5-9d51-1c6d1998fab3}, !- Demand Splitter A Name
  ,                                       !- Demand Splitter B Name
  ;                                       !- Supply Splitter Name

OS:Node,
  {7adf788c-29e2-4e1b-9f5a-fcd213216cb5}, !- Handle
  Zone Office WholeBuilding - Sm Office A end_b - Story Ground PSZ-AC Supply Inlet Node, !- Name
  {765c0fba-1055-4ef4-a121-5a84c5643242}, !- Inlet Port
  {ce462ff0-0566-4a1f-8471-4be58d5a7750}; !- Outlet Port

OS:Node,
  {5c20fe29-f88a-40de-b590-d4010fd4f4f9}, !- Handle
  Zone Office WholeBuilding - Sm Office A end_b - Story Ground PSZ-AC Supply Outlet Node, !- Name
  {9c06a95c-6b3d-4403-8c7f-ca6bf3c33d21}, !- Inlet Port
  {792d1db9-4176-4d59-a317-b23168616ab6}; !- Outlet Port

OS:Connection,
  {765c0fba-1055-4ef4-a121-5a84c5643242}, !- Handle
  {6a98aff7-4be9-4e5c-944e-07f1dd482e73}, !- Source Object
  9,                                      !- Outlet Port
  {7adf788c-29e2-4e1b-9f5a-fcd213216cb5}, !- Target Object
  2;                                      !- Inlet Port

OS:Connection,
  {792d1db9-4176-4d59-a317-b23168616ab6}, !- Handle
  {5c20fe29-f88a-40de-b590-d4010fd4f4f9}, !- Source Object
  3,                                      !- Outlet Port
  {6a98aff7-4be9-4e5c-944e-07f1dd482e73}, !- Target Object
  12;                                     !- Inlet Port

OS:Node,
  {2913ec80-1c80-44cf-b97d-228e3a64c57d}, !- Handle
  Zone Office WholeBuilding - Sm Office A end_b - Story Ground PSZ-AC Demand Inlet Node, !- Name
  {3edfbf47-e865-42b0-8da8-2abf61d65617}, !- Inlet Port
  {bab5fbde-9019-403f-bf31-6a6e6278974c}; !- Outlet Port

OS:Node,
  {6f228243-24a3-4344-8e7b-e777f7bcccdf}, !- Handle
  Zone Office WholeBuilding - Sm Office A end_b - Story Ground PSZ-AC Demand Outlet Node, !- Name
  {9c302676-3b3c-4b01-ab47-4c3b4ba99e8f}, !- Inlet Port
  {801156fa-aa55-4646-bd6a-db92936b399a}; !- Outlet Port

OS:Node,
  {d0da2f36-d059-4ab2-ba31-16006b239fd4}, !- Handle
  Zone Office WholeBuilding - Sm Office A end_b - Story Ground PSZ-AC Diffuser Outlet Air Node, !- Name
  {6ec04365-2695-4f90-8a3c-dd25facd7bc3}, !- Inlet Port
  {3b321c0c-6c67-4e6a-8c5e-3f35a77807a8}; !- Outlet Port

OS:Connection,
  {3edfbf47-e865-42b0-8da8-2abf61d65617}, !- Handle
  {6a98aff7-4be9-4e5c-944e-07f1dd482e73}, !- Source Object
  11,                                     !- Outlet Port
  {2913ec80-1c80-44cf-b97d-228e3a64c57d}, !- Target Object
  2;                                      !- Inlet Port

OS:Connection,
  {801156fa-aa55-4646-bd6a-db92936b399a}, !- Handle
  {6f228243-24a3-4344-8e7b-e777f7bcccdf}, !- Source Object
  3,                                      !- Outlet Port
  {6a98aff7-4be9-4e5c-944e-07f1dd482e73}, !- Target Object
  10;                                     !- Inlet Port

OS:AirLoopHVAC:ZoneSplitter,
  {c0cb788b-ecaa-49f5-9d51-1c6d1998fab3}, !- Handle
  Air Loop HVAC Zone Splitter 3,          !- Name
  {bab5fbde-9019-403f-bf31-6a6e6278974c}, !- Inlet Node Name
  {aa3c4225-4403-4410-8be2-db2fb40c16c7}; !- Outlet Node Name 1

OS:AirLoopHVAC:ZoneMixer,
  {a9bed600-2f59-4566-ae27-7c4a70ec2874}, !- Handle
  Air Loop HVAC Zone Mixer 3,             !- Name
  {9c302676-3b3c-4b01-ab47-4c3b4ba99e8f}, !- Outlet Node Name
  {2788b911-33d1-46de-88ae-e425bab7d47e}; !- Inlet Node Name 1

OS:Connection,
  {bab5fbde-9019-403f-bf31-6a6e6278974c}, !- Handle
  {2913ec80-1c80-44cf-b97d-228e3a64c57d}, !- Source Object
  3,                                      !- Outlet Port
  {c0cb788b-ecaa-49f5-9d51-1c6d1998fab3}, !- Target Object
  2;                                      !- Inlet Port

OS:Connection,
  {9c302676-3b3c-4b01-ab47-4c3b4ba99e8f}, !- Handle
  {a9bed600-2f59-4566-ae27-7c4a70ec2874}, !- Source Object
  2,                                      !- Outlet Port
  {6f228243-24a3-4344-8e7b-e777f7bcccdf}, !- Target Object
  2;                                      !- Inlet Port

OS:Sizing:System,
  {fbf72c21-d26f-40f1-b13a-faec13bd3731}, !- Handle
  {6a98aff7-4be9-4e5c-944e-07f1dd482e73}, !- AirLoop Name
  Sensible,                               !- Type of Load to Size On
  Autosize,                               !- Design Outdoor Air Flow Rate {m3/s}
  1,                                      !- Central Heating Maximum System Air Flow Ratio
  7.22222222222229,                       !- Preheat Design Temperature {C}
  0.008,                                  !- Preheat Design Humidity Ratio {kg-H2O/kg-Air}
  12.7777777777778,                       !- Precool Design Temperature {C}
  0.008,                                  !- Precool Design Humidity Ratio {kg-H2O/kg-Air}
  12.7777777777778,                       !- Central Cooling Design Supply Air Temperature {C}
  50.0000000000001,                       !- Central Heating Design Supply Air Temperature {C}
  Coincident,                             !- Sizing Option
  No,                                     !- 100% Outdoor Air in Cooling
  No,                                     !- 100% Outdoor Air in Heating
  0.0085,                                 !- Central Cooling Design Supply Air Humidity Ratio {kg-H2O/kg-Air}
  0.008,                                  !- Central Heating Design Supply Air Humidity Ratio {kg-H2O/kg-Air}
  DesignDay,                              !- Cooling Design Air Flow Method
  ,                                       !- Cooling Design Air Flow Rate {m3/s}
  DesignDay,                              !- Heating Design Air Flow Method
  ,                                       !- Heating Design Air Flow Rate {m3/s}
  ZoneSum,                                !- System Outdoor Air Method
  1,                                      !- Zone Maximum Outdoor Air Fraction {dimensionless}
  0.0099676501,                           !- Cooling Supply Air Flow Rate Per Floor Area {m3/s-m2}
  1,                                      !- Cooling Fraction of Autosized Cooling Supply Air Flow Rate
  3.9475456e-05,                          !- Cooling Supply Air Flow Rate Per Unit Cooling Capacity {m3/s-W}
  0.0099676501,                           !- Heating Supply Air Flow Rate Per Floor Area {m3/s-m2}
  1,                                      !- Heating Fraction of Autosized Heating Supply Air Flow Rate
  1,                                      !- Heating Fraction of Autosized Cooling Supply Air Flow Rate
  3.1588213e-05,                          !- Heating Supply Air Flow Rate Per Unit Heating Capacity {m3/s-W}
  CoolingDesignCapacity,                  !- Cooling Design Capacity Method
  autosize,                               !- Cooling Design Capacity {W}
  234.7,                                  !- Cooling Design Capacity Per Floor Area {W/m2}
  1,                                      !- Fraction of Autosized Cooling Design Capacity
  HeatingDesignCapacity,                  !- Heating Design Capacity Method
  autosize,                               !- Heating Design Capacity {W}
  157,                                    !- Heating Design Capacity Per Floor Area {W/m2}
  1,                                      !- Fraction of Autosized Heating Design Capacity
  OnOff,                                  !- Central Cooling Capacity Control Method
  autosize;                               !- Occupant Diversity

OS:AvailabilityManagerAssignmentList,
  {11691c41-0d1d-4051-8051-f25500636d4a}, !- Handle
  Air Loop HVAC 1 AvailabilityManagerAssignmentList 2, !- Name
  {a21373d8-8193-4c29-867b-20e79cb326e8}; !- Availability Manager Name 1

OS:SetpointManager:SingleZone:Reheat,
  {06822a0e-de17-4a0e-9ce5-3d1a86044a51}, !- Handle
  Zone Office WholeBuilding - Sm Office A end_b - Story Ground Setpoint Manager SZ Reheat, !- Name
  12.7777777777778,                       !- Minimum Supply Air Temperature {C}
  50.0000000000001,                       !- Maximum Supply Air Temperature {C}
  {1b9aa88e-7e8a-4e5c-bd5f-f94ca139e8d0}, !- Control Zone Name
  {5c20fe29-f88a-40de-b590-d4010fd4f4f9}; !- Setpoint Node or NodeList Name

OS:Coil:Heating:Water,
  {30923c80-b302-4d9b-a981-2b240dff09dc}, !- Handle
  Zone Office WholeBuilding - Sm Office A end_b - Story Ground PSZ-AC Water Htg Coil, !- Name
  {c044f5a4-4903-4e6a-9e3e-58c7d1306ff1}, !- Availability Schedule Name
  ,                                       !- U-Factor Times Area Value {W/K}
  ,                                       !- Maximum Water Flow Rate {m3/s}
  {1a5d5df6-9bc0-4420-92ac-6e97c624344e}, !- Water Inlet Node Name
  {01491850-d064-479d-94f7-3c93372f650e}, !- Water Outlet Node Name
  ,                                       !- Air Inlet Node Name
  ,                                       !- Air Outlet Node Name
  ,                                       !- Performance Input Method
  ,                                       !- Rated Capacity {W}
  82.2222222222223,                       !- Rated Inlet Water Temperature {C}
  7.22222222222229,                       !- Rated Inlet Air Temperature {C}
  71.1111111111112,                       !- Rated Outlet Water Temperature {C}
  50.0000000000001,                       !- Rated Outlet Air Temperature {C}
  ;                                       !- Rated Ratio for Air and Water Convection

OS:Node,
  {72ba6492-ea65-4a8c-8161-01caa6e5c05a}, !- Handle
  Zone Office WholeBuilding - Sm Office A end_b - Story Ground PSZ-AC Water Htg Coil Inlet Water Node, !- Name
  {20cc3795-c418-4421-90b5-f86b7e027de8}, !- Inlet Port
  {1a5d5df6-9bc0-4420-92ac-6e97c624344e}; !- Outlet Port

OS:Connection,
  {20cc3795-c418-4421-90b5-f86b7e027de8}, !- Handle
  {5fdb8dec-3986-403c-8326-a5236ebf60d1}, !- Source Object
  6,                                      !- Outlet Port
  {72ba6492-ea65-4a8c-8161-01caa6e5c05a}, !- Target Object
  2;                                      !- Inlet Port

OS:Node,
  {c05f7ddb-cee0-4fa9-bebd-6ab7eafbc3d1}, !- Handle
  Zone Office WholeBuilding - Sm Office A end_b - Story Ground PSZ-AC Water Htg Coil Outlet Water Node, !- Name
  {01491850-d064-479d-94f7-3c93372f650e}, !- Inlet Port
  {8317f5e1-7b0d-4c40-9b66-16d6c5969c4b}; !- Outlet Port

OS:Connection,
  {1a5d5df6-9bc0-4420-92ac-6e97c624344e}, !- Handle
  {72ba6492-ea65-4a8c-8161-01caa6e5c05a}, !- Source Object
  3,                                      !- Outlet Port
  {30923c80-b302-4d9b-a981-2b240dff09dc}, !- Target Object
  5;                                      !- Inlet Port

OS:Connection,
  {01491850-d064-479d-94f7-3c93372f650e}, !- Handle
  {30923c80-b302-4d9b-a981-2b240dff09dc}, !- Source Object
  6,                                      !- Outlet Port
  {c05f7ddb-cee0-4fa9-bebd-6ab7eafbc3d1}, !- Target Object
  2;                                      !- Inlet Port

OS:Connection,
  {8317f5e1-7b0d-4c40-9b66-16d6c5969c4b}, !- Handle
  {c05f7ddb-cee0-4fa9-bebd-6ab7eafbc3d1}, !- Source Object
  3,                                      !- Outlet Port
  {0fbfeb04-f91c-417e-aa40-f15c4be23f16}, !- Target Object
  6;                                      !- Inlet Port

OS:Controller:WaterCoil,
  {a8625777-be1d-4de6-842d-4007fe011770}, !- Handle
  Zone Office WholeBuilding - Sm Office A end_b - Story Ground PSZ-AC Water Htg Coil Controller, !- Name
  {30923c80-b302-4d9b-a981-2b240dff09dc}, !- Water Coil Name
  ,                                       !- Control Variable
  Normal,                                 !- Action
  ,                                       !- Actuator Variable
  ,                                       !- Sensor Node Name
  ,                                       !- Actuator Node Name
  0.0001,                                 !- Controller Convergence Tolerance {deltaC}
  ,                                       !- Maximum Actuated Flow {m3/s}
  0;                                      !- Minimum Actuated Flow {m3/s}

OS:Coil:Heating:Electric,
  {5c52d235-ed03-4366-aa58-d74847b17101}, !- Handle
  Zone Office WholeBuilding - Sm Office A end_b - Story Ground PSZ-AC Electric Backup Htg Coil, !- Name
  {c044f5a4-4903-4e6a-9e3e-58c7d1306ff1}, !- Availability Schedule Name
  1,                                      !- Efficiency
  ,                                       !- Nominal Capacity {W}
  ,                                       !- Air Inlet Node Name
  ;                                       !- Air Outlet Node Name

OS:Coil:Cooling:DX:SingleSpeed,
  {cf5efbed-ae82-4c1c-9105-ebcd0aad1497}, !- Handle
  Zone Office WholeBuilding - Sm Office A end_b - Story Ground PSZ-AC 1spd DX AC Clg Coil 5kBtu/hr 13.0SEER, !- Name
  {c044f5a4-4903-4e6a-9e3e-58c7d1306ff1}, !- Availability Schedule Name
  autosize,                               !- Rated Total Cooling Capacity {W}
  autosize,                               !- Rated Sensible Heat Ratio
  3.91156806861466,                       !- Rated COP {W/W}
  autosize,                               !- Rated Air Flow Rate {m3/s}
  773.3,                                  !- Rated Evaporator Fan Power Per Volume Flow Rate 2017 {W/(m3/s)}
  934.4,                                  !- Rated Evaporator Fan Power Per Volume Flow Rate 2023 {W/(m3/s)}
  ,                                       !- Air Inlet Node Name
  ,                                       !- Air Outlet Node Name
  {f9019d69-f0c5-4d9d-9bc2-7b4206e402ad}, !- Total Cooling Capacity Function of Temperature Curve Name
  {04635352-d720-4ca8-a858-0fdce72f505a}, !- Total Cooling Capacity Function of Flow Fraction Curve Name
  {d9d34d8a-37fc-4849-b6c4-c22bc6d0c7c3}, !- Energy Input Ratio Function of Temperature Curve Name
  {9813576c-4714-439e-bf0e-4b4fdf8e60f7}, !- Energy Input Ratio Function of Flow Fraction Curve Name
  {274a4c60-e32b-4e58-96ee-ecb56401f49e}, !- Part Load Fraction Correlation Curve Name
  -25,                                    !- Minimum Outdoor Dry-Bulb Temperature for Compressor Operation {C}
  0,                                      !- Nominal Time for Condensate Removal to Begin {s}
  0,                                      !- Ratio of Initial Moisture Evaporation Rate and Steady State Latent Capacity {dimensionless}
  0,                                      !- Maximum Cycling Rate {cycles/hr}
  0,                                      !- Latent Capacity Time Constant {s}
  ,                                       !- Condenser Air Inlet Node Name
  AirCooled,                              !- Condenser Type
  0.9,                                    !- Evaporative Condenser Effectiveness {dimensionless}
  autosize,                               !- Evaporative Condenser Air Flow Rate {m3/s}
  autosize,                               !- Evaporative Condenser Pump Rated Power Consumption {W}
  0,                                      !- Crankcase Heater Capacity {W}
  ,                                       !- Crankcase Heater Capacity Function of Temperature Curve Name
  10,                                     !- Maximum Outdoor Dry-Bulb Temperature for Crankcase Heater Operation {C}
  ,                                       !- Supply Water Storage Tank Name
  ,                                       !- Condensate Collection Water Storage Tank Name
  0,                                      !- Basin Heater Capacity {W/K}
  2;                                      !- Basin Heater Setpoint Temperature {C}

OS:Fan:OnOff,
  {35345229-a9be-403f-85ab-c0061b87df79}, !- Handle
  Zone Office WholeBuilding - Sm Office A end_b - Story Ground PSZ-AC Fan, !- Name
  {c044f5a4-4903-4e6a-9e3e-58c7d1306ff1}, !- Availability Schedule Name
  0.55575,                                !- Fan Total Efficiency
  622.722275,                             !- Pressure Rise {Pa}
  autosize,                               !- Maximum Flow Rate {m3/s}
  0.855,                                  !- Motor Efficiency
  1,                                      !- Motor In Airstream Fraction
  ,                                       !- Air Inlet Node Name
  ,                                       !- Air Outlet Node Name
  {35891678-d24d-4e3b-a17f-d2235b3cf5b9}, !- Fan Power Ratio Function of Speed Ratio Curve Name
  {918e87fa-48f5-4ceb-b1f7-2636972e7e60}, !- Fan Efficiency Ratio Function of Speed Ratio Curve Name
  ;                                       !- End-Use Subcategory

OS:Curve:Exponent,
  {35891678-d24d-4e3b-a17f-d2235b3cf5b9}, !- Handle
  Fan On Off Power Curve 2,               !- Name
  1,                                      !- Coefficient1 Constant
  0,                                      !- Coefficient2 Constant
  0,                                      !- Coefficient3 Constant
  0,                                      !- Minimum Value of x
  1,                                      !- Maximum Value of x
  ,                                       !- Minimum Curve Output
  ,                                       !- Maximum Curve Output
  ,                                       !- Input Unit Type for X
  ;                                       !- Output Unit Type

OS:Curve:Cubic,
  {918e87fa-48f5-4ceb-b1f7-2636972e7e60}, !- Handle
  Fan On Off Efficiency Curve 2,          !- Name
  1,                                      !- Coefficient1 Constant
  0,                                      !- Coefficient2 x
  0,                                      !- Coefficient3 x**2
  0,                                      !- Coefficient4 x**3
  0,                                      !- Minimum Value of x
  1;                                      !- Maximum Value of x

OS:AirLoopHVAC:UnitarySystem,
  {648873b2-4d30-49e4-b4b9-0561a38f3365}, !- Handle
  Zone Office WholeBuilding - Sm Office A end_b - Story Ground PSZ-AC Unitary AC, !- Name
  Load,                                   !- Control Type
  {1b9aa88e-7e8a-4e5c-bd5f-f94ca139e8d0}, !- Controlling Zone or Thermostat Location
  None,                                   !- Dehumidification Control Type
  {c044f5a4-4903-4e6a-9e3e-58c7d1306ff1}, !- Availability Schedule Name
  {c5e093b7-72c9-4761-aeb4-10a865021488}, !- Air Inlet Node Name
  {9c06a95c-6b3d-4403-8c7f-ca6bf3c33d21}, !- Air Outlet Node Name
  {35345229-a9be-403f-85ab-c0061b87df79}, !- Supply Fan Name
  DrawThrough,                            !- Fan Placement
  {97b1a79a-1131-493e-8aa1-7d8f5680da2a}, !- Supply Air Fan Operating Mode Schedule Name
  {30923c80-b302-4d9b-a981-2b240dff09dc}, !- Heating Coil Name
  1,                                      !- DX Heating Coil Sizing Ratio
  {cf5efbed-ae82-4c1c-9105-ebcd0aad1497}, !- Cooling Coil Name
  No,                                     !- Use DOAS DX Cooling Coil
  2,                                      !- DOAS DX Cooling Coil Leaving Minimum Air Temperature {C}
  SensibleOnlyLoadControl,                !- Latent Load Control
  {5c52d235-ed03-4366-aa58-d74847b17101}, !- Supplemental Heating Coil Name
  SupplyAirFlowRate,                      !- Supply Air Flow Rate Method During Cooling Operation
  Autosize,                               !- Supply Air Flow Rate During Cooling Operation {m3/s}
  ,                                       !- Supply Air Flow Rate Per Floor Area During Cooling Operation {m3/s-m2}
  ,                                       !- Fraction of Autosized Design Cooling Supply Air Flow Rate
  ,                                       !- Design Supply Air Flow Rate Per Unit of Capacity During Cooling Operation {m3/s-W}
  SupplyAirFlowRate,                      !- Supply Air Flow Rate Method During Heating Operation
  Autosize,                               !- Supply Air Flow Rate During Heating Operation {m3/s}
  ,                                       !- Supply Air Flow Rate Per Floor Area during Heating Operation {m3/s-m2}
  ,                                       !- Fraction of Autosized Design Heating Supply Air Flow Rate
  ,                                       !- Design Supply Air Flow Rate Per Unit of Capacity During Heating Operation {m3/s-W}
  None,                                   !- Supply Air Flow Rate Method When No Cooling or Heating is Required
  ,                                       !- Supply Air Flow Rate When No Cooling or Heating is Required {m3/s}
  ,                                       !- Supply Air Flow Rate Per Floor Area When No Cooling or Heating is Required {m3/s-m2}
  ,                                       !- Fraction of Autosized Design Cooling Supply Air Flow Rate When No Cooling or Heating is Required
  ,                                       !- Fraction of Autosized Design Heating Supply Air Flow Rate When No Cooling or Heating is Required
  ,                                       !- Design Supply Air Flow Rate Per Unit of Capacity During Cooling Operation When No Cooling or Heating is Required {m3/s-W}
  ,                                       !- Design Supply Air Flow Rate Per Unit of Capacity During Heating Operation When No Cooling or Heating is Required {m3/s-W}
  80,                                     !- Maximum Supply Air Temperature {C}
  21,                                     !- Maximum Outdoor Dry-Bulb Temperature for Supplemental Heater Operation {C}
  ,                                       !- Outdoor Dry-Bulb Temperature Sensor Node Name
  0,                                      !- Ancilliary On-Cycle Electric Power {W}
  0;                                      !- Ancilliary Off-Cycle Electric Power {W}

OS:Connection,
  {9c06a95c-6b3d-4403-8c7f-ca6bf3c33d21}, !- Handle
  {648873b2-4d30-49e4-b4b9-0561a38f3365}, !- Source Object
  7,                                      !- Outlet Port
  {5c20fe29-f88a-40de-b590-d4010fd4f4f9}, !- Target Object
  2;                                      !- Inlet Port

OS:Controller:OutdoorAir,
  {3bcfa602-aedc-45d2-ab14-ac9ad8588abe}, !- Handle
  Zone Office WholeBuilding - Sm Office A end_b - Story Ground PSZ-AC OA System Controller, !- Name
  ,                                       !- Relief Air Outlet Node Name
  ,                                       !- Return Air Node Name
  ,                                       !- Mixed Air Node Name
  ,                                       !- Actuator Node Name
  autosize,                               !- Minimum Outdoor Air Flow Rate {m3/s}
  Autosize,                               !- Maximum Outdoor Air Flow Rate {m3/s}
  NoEconomizer,                           !- Economizer Control Type
  ModulateFlow,                           !- Economizer Control Action Type
  28,                                     !- Economizer Maximum Limit Dry-Bulb Temperature {C}
  64000,                                  !- Economizer Maximum Limit Enthalpy {J/kg}
  ,                                       !- Economizer Maximum Limit Dewpoint Temperature {C}
  ,                                       !- Electronic Enthalpy Limit Curve Name
  ,                                       !- Economizer Minimum Limit Dry-Bulb Temperature {C}
  LockoutWithHeating,                     !- Lockout Type
  FixedMinimum,                           !- Minimum Limit Type
  {97b1a79a-1131-493e-8aa1-7d8f5680da2a}, !- Minimum Outdoor Air Schedule Name
  ,                                       !- Minimum Fraction of Outdoor Air Schedule Name
  {95ae0d45-d018-48e2-8695-d25dc35a920e}, !- Maximum Fraction of Outdoor Air Schedule Name
  {e5566d0d-5dd9-47f4-a5d9-0cd8d9cee05b}, !- Controller Mechanical Ventilation
  ,                                       !- Time of Day Economizer Control Schedule Name
  No,                                     !- High Humidity Control
  ,                                       !- Humidistat Control Zone Name
  ,                                       !- High Humidity Outdoor Air Flow Ratio
  ,                                       !- Control High Indoor Humidity Based on Outdoor Humidity Ratio
  BypassWhenWithinEconomizerLimits,       !- Heat Recovery Bypass Control Type
  InterlockedWithMechanicalCooling;       !- Economizer Operation Staging

OS:Controller:MechanicalVentilation,
  {e5566d0d-5dd9-47f4-a5d9-0cd8d9cee05b}, !- Handle
  Controller Mechanical Ventilation 3,    !- Name
  {c044f5a4-4903-4e6a-9e3e-58c7d1306ff1}, !- Availability Schedule
  ,                                       !- Demand Controlled Ventilation
  ;                                       !- System Outdoor Air Method

OS:AirLoopHVAC:OutdoorAirSystem,
  {4403d5f0-5994-4ab3-be6a-e7b11486855c}, !- Handle
  Zone Office WholeBuilding - Sm Office A end_b - Story Ground PSZ-AC OA System, !- Name
  {3bcfa602-aedc-45d2-ab14-ac9ad8588abe}, !- Controller Name
  ,                                       !- Outdoor Air Equipment List Name
  ,                                       !- Availability Manager List Name
  {fb6695a3-6c04-4389-95d9-8adaa5f4fd21}, !- Mixed Air Node Name
  {9f66d2d1-0d6c-4321-9f00-7d2b1bfbaf44}, !- Outdoor Air Stream Node Name
  {d4932305-47ae-4100-a690-11c58245f853}, !- Relief Air Stream Node Name
  {ce462ff0-0566-4a1f-8471-4be58d5a7750}; !- Return Air Stream Node Name

OS:Node,
  {d5f62dc1-43d1-4092-b71f-35c7ee32afba}, !- Handle
  Zone Office WholeBuilding - Sm Office A end_b - Story Ground PSZ-AC Outdoor Air Node, !- Name
  ,                                       !- Inlet Port
  {9f66d2d1-0d6c-4321-9f00-7d2b1bfbaf44}; !- Outlet Port

OS:Connection,
  {9f66d2d1-0d6c-4321-9f00-7d2b1bfbaf44}, !- Handle
  {d5f62dc1-43d1-4092-b71f-35c7ee32afba}, !- Source Object
  3,                                      !- Outlet Port
  {4403d5f0-5994-4ab3-be6a-e7b11486855c}, !- Target Object
  6;                                      !- Inlet Port

OS:Node,
  {4ac8b9e7-4907-4486-b763-ed8ba4857a59}, !- Handle
  Zone Office WholeBuilding - Sm Office A end_b - Story Ground PSZ-AC Relief Air Node, !- Name
  {d4932305-47ae-4100-a690-11c58245f853}, !- Inlet Port
  ;                                       !- Outlet Port

OS:Connection,
  {d4932305-47ae-4100-a690-11c58245f853}, !- Handle
  {4403d5f0-5994-4ab3-be6a-e7b11486855c}, !- Source Object
  7,                                      !- Outlet Port
  {4ac8b9e7-4907-4486-b763-ed8ba4857a59}, !- Target Object
  2;                                      !- Inlet Port

OS:Node,
  {708da4e0-0d8f-4707-aac3-5ff5b6862446}, !- Handle
  Zone Office WholeBuilding - Sm Office A end_b - Story Ground PSZ-AC Mixed Air Node, !- Name
  {fb6695a3-6c04-4389-95d9-8adaa5f4fd21}, !- Inlet Port
  {c5e093b7-72c9-4761-aeb4-10a865021488}; !- Outlet Port

OS:Connection,
  {ce462ff0-0566-4a1f-8471-4be58d5a7750}, !- Handle
  {7adf788c-29e2-4e1b-9f5a-fcd213216cb5}, !- Source Object
  3,                                      !- Outlet Port
  {4403d5f0-5994-4ab3-be6a-e7b11486855c}, !- Target Object
  8;                                      !- Inlet Port

OS:Connection,
  {fb6695a3-6c04-4389-95d9-8adaa5f4fd21}, !- Handle
  {4403d5f0-5994-4ab3-be6a-e7b11486855c}, !- Source Object
  5,                                      !- Outlet Port
  {708da4e0-0d8f-4707-aac3-5ff5b6862446}, !- Target Object
  2;                                      !- Inlet Port

OS:Connection,
  {c5e093b7-72c9-4761-aeb4-10a865021488}, !- Handle
  {708da4e0-0d8f-4707-aac3-5ff5b6862446}, !- Source Object
  3,                                      !- Outlet Port
  {648873b2-4d30-49e4-b4b9-0561a38f3365}, !- Target Object
  6;                                      !- Inlet Port

OS:AvailabilityManager:NightCycle,
  {a21373d8-8193-4c29-867b-20e79cb326e8}, !- Handle
  Availability Manager Night Cycle 3,     !- Name
  {c044f5a4-4903-4e6a-9e3e-58c7d1306ff1}, !- Applicability Schedule
  ,                                       !- Fan Schedule
  CycleOnAny,                             !- Control Type
  1,                                      !- Thermostat Tolerance {deltaC}
  ,                                       !- Cycling Run Time Control Type
  1800,                                   !- Cycling Run Time {s}
  {2b19a3f1-9551-4237-8b68-69d359029466}, !- Control Zone or Zone List Name
  {216545f6-ab47-450b-a587-3a76a4f149bf}, !- Cooling Control Zone or Zone List Name
  {0c479ee8-5d06-49f4-b9a6-3f47d22d9aaf}, !- Heating Control Zone or Zone List Name
  {cf32a7e8-75cf-4844-bc7d-9b717485af04}; !- Heating Zone Fans Only Zone or Zone List Name

OS:ModelObjectList,
  {2b19a3f1-9551-4237-8b68-69d359029466}, !- Handle
  Availability Manager Night Cycle 3 Control Zone List; !- Name

OS:ModelObjectList,
  {216545f6-ab47-450b-a587-3a76a4f149bf}, !- Handle
  Availability Manager Night Cycle 3 Cooling Control Zone List; !- Name

OS:ModelObjectList,
  {0c479ee8-5d06-49f4-b9a6-3f47d22d9aaf}, !- Handle
  Availability Manager Night Cycle 3 Heating Control Zone List; !- Name

OS:ModelObjectList,
  {cf32a7e8-75cf-4844-bc7d-9b717485af04}, !- Handle
  Availability Manager Night Cycle 3 Heating Zone Fans Only Zone List; !- Name

OS:AirTerminal:SingleDuct:ConstantVolume:NoReheat,
  {b6bfe86e-6ab6-48d7-b86b-3f83085aa9d2}, !- Handle
  Zone Office WholeBuilding - Sm Office A end_b - Story Ground PSZ-AC Diffuser, !- Name
  {c044f5a4-4903-4e6a-9e3e-58c7d1306ff1}, !- Availability Schedule Name
  {9e404c59-711e-40e0-88a1-1c80c7d35ce8}, !- Air Inlet Node Name
  {6ec04365-2695-4f90-8a3c-dd25facd7bc3}, !- Air Outlet Node Name
  AutoSize;                               !- Maximum Air Flow Rate {m3/s}

OS:Node,
  {06f2801b-8203-432c-9c62-c223bc0bc047}, !- Handle
  Zone Office WholeBuilding - Sm Office A end_b - Story Ground Return Air Node, !- Name
  {50ddec34-84bb-4843-ba26-9ab32c1565cd}, !- Inlet Port
  {2788b911-33d1-46de-88ae-e425bab7d47e}; !- Outlet Port

OS:Connection,
  {3b321c0c-6c67-4e6a-8c5e-3f35a77807a8}, !- Handle
  {d0da2f36-d059-4ab2-ba31-16006b239fd4}, !- Source Object
  3,                                      !- Outlet Port
  {00679d77-16d3-4667-95ae-6ccae609f089}, !- Target Object
  2;                                      !- Inlet Port

OS:Connection,
  {50ddec34-84bb-4843-ba26-9ab32c1565cd}, !- Handle
  {14aacc2f-bcef-4b46-ae9f-cc1bdb09651f}, !- Source Object
  2,                                      !- Outlet Port
  {06f2801b-8203-432c-9c62-c223bc0bc047}, !- Target Object
  2;                                      !- Inlet Port

OS:Connection,
  {2788b911-33d1-46de-88ae-e425bab7d47e}, !- Handle
  {06f2801b-8203-432c-9c62-c223bc0bc047}, !- Source Object
  3,                                      !- Outlet Port
  {a9bed600-2f59-4566-ae27-7c4a70ec2874}, !- Target Object
  3;                                      !- Inlet Port

OS:Node,
  {2a11b28f-e136-43ed-9642-5369f595ce71}, !- Handle
  Zone Office WholeBuilding - Sm Office A end_b - Story Ground PSZ-AC Diffuser Inlet Air Node, !- Name
  {aa3c4225-4403-4410-8be2-db2fb40c16c7}, !- Inlet Port
  {9e404c59-711e-40e0-88a1-1c80c7d35ce8}; !- Outlet Port

OS:Connection,
  {aa3c4225-4403-4410-8be2-db2fb40c16c7}, !- Handle
  {c0cb788b-ecaa-49f5-9d51-1c6d1998fab3}, !- Source Object
  3,                                      !- Outlet Port
  {2a11b28f-e136-43ed-9642-5369f595ce71}, !- Target Object
  2;                                      !- Inlet Port

OS:Connection,
  {9e404c59-711e-40e0-88a1-1c80c7d35ce8}, !- Handle
  {2a11b28f-e136-43ed-9642-5369f595ce71}, !- Source Object
  3,                                      !- Outlet Port
  {b6bfe86e-6ab6-48d7-b86b-3f83085aa9d2}, !- Target Object
  3;                                      !- Inlet Port

OS:Connection,
  {6ec04365-2695-4f90-8a3c-dd25facd7bc3}, !- Handle
  {b6bfe86e-6ab6-48d7-b86b-3f83085aa9d2}, !- Source Object
  4,                                      !- Outlet Port
  {d0da2f36-d059-4ab2-ba31-16006b239fd4}, !- Target Object
  2;                                      !- Inlet Port

OS:AirLoopHVAC,
  {25c33917-1b70-4849-bb3a-b05a4f817877}, !- Handle
  Zone Office WholeBuilding - Sm Office B  - Story Ground PSZ-AC, !- Name
  ,                                       !- Controller List Name
  {008fedf6-5a00-4602-bcba-940ae12a4968}, !- Availability Schedule
  {9859014b-dc00-4ed3-a7a5-9f066aeb61ee}, !- Availability Manager List Name
  autosize,                               !- Design Supply Air Flow Rate {m3/s}
  1,                                      !- Design Return Air Flow Fraction of Supply Air Flow
  ,                                       !- Branch List Name
  ,                                       !- Connector List Name
  {b5091a13-86df-4504-ba92-670cf7df3ee9}, !- Supply Side Inlet Node Name
  {896ec601-e9b1-4509-8d40-3a5018abcdfd}, !- Demand Side Outlet Node Name
  {b71c327b-1ced-4408-b2c8-b831c48c79eb}, !- Demand Side Inlet Node A
  {ae3f3f9d-9c6d-4edd-898c-d6d112c15797}, !- Supply Side Outlet Node A
  ,                                       !- Demand Side Inlet Node B
  ,                                       !- Supply Side Outlet Node B
  ,                                       !- Return Air Bypass Flow Temperature Setpoint Schedule Name
  {60db31a1-a220-4d4b-9ec2-76cc821a6105}, !- Demand Mixer Name
  {935cb342-d327-4d6d-867b-f36539942135}, !- Demand Splitter A Name
  ,                                       !- Demand Splitter B Name
  ;                                       !- Supply Splitter Name

OS:Node,
  {b1b2f928-a58a-4158-b309-1186fa9e8aea}, !- Handle
  Zone Office WholeBuilding - Sm Office B  - Story Ground PSZ-AC Supply Inlet Node, !- Name
  {b5091a13-86df-4504-ba92-670cf7df3ee9}, !- Inlet Port
  {75b7ccc6-94f3-44b1-ada2-4a7109ffefb5}; !- Outlet Port

OS:Node,
  {73224471-453b-4126-adb4-e9012a03efe1}, !- Handle
  Zone Office WholeBuilding - Sm Office B  - Story Ground PSZ-AC Supply Outlet Node, !- Name
  {23d2c043-e1db-4d99-a9f9-f706fa2e8495}, !- Inlet Port
  {ae3f3f9d-9c6d-4edd-898c-d6d112c15797}; !- Outlet Port

OS:Connection,
  {b5091a13-86df-4504-ba92-670cf7df3ee9}, !- Handle
  {25c33917-1b70-4849-bb3a-b05a4f817877}, !- Source Object
  9,                                      !- Outlet Port
  {b1b2f928-a58a-4158-b309-1186fa9e8aea}, !- Target Object
  2;                                      !- Inlet Port

OS:Connection,
  {ae3f3f9d-9c6d-4edd-898c-d6d112c15797}, !- Handle
  {73224471-453b-4126-adb4-e9012a03efe1}, !- Source Object
  3,                                      !- Outlet Port
  {25c33917-1b70-4849-bb3a-b05a4f817877}, !- Target Object
  12;                                     !- Inlet Port

OS:Node,
  {3dd134e1-fa07-4055-a632-e0bb970b53f5}, !- Handle
  Zone Office WholeBuilding - Sm Office B  - Story Ground PSZ-AC Demand Inlet Node, !- Name
  {b71c327b-1ced-4408-b2c8-b831c48c79eb}, !- Inlet Port
  {8a9c79d2-28ac-4c39-9c99-6372263889b1}; !- Outlet Port

OS:Node,
  {d750cfbd-c4ab-4239-8a8b-0e0af03885ad}, !- Handle
  Zone Office WholeBuilding - Sm Office B  - Story Ground PSZ-AC Demand Outlet Node, !- Name
  {d22d1ba8-f93e-4bc2-b9b1-54a41c10ed19}, !- Inlet Port
  {896ec601-e9b1-4509-8d40-3a5018abcdfd}; !- Outlet Port

OS:Node,
  {47721262-d2e5-40ec-aeb5-c1ac314798f0}, !- Handle
  Zone Office WholeBuilding - Sm Office B  - Story Ground PSZ-AC Diffuser Outlet Air Node, !- Name
  {70fc13d9-d7b2-429f-bddc-c54fe77034aa}, !- Inlet Port
  {9a2444fd-3566-4765-999d-a3400630573c}; !- Outlet Port

OS:Connection,
  {b71c327b-1ced-4408-b2c8-b831c48c79eb}, !- Handle
  {25c33917-1b70-4849-bb3a-b05a4f817877}, !- Source Object
  11,                                     !- Outlet Port
  {3dd134e1-fa07-4055-a632-e0bb970b53f5}, !- Target Object
  2;                                      !- Inlet Port

OS:Connection,
  {896ec601-e9b1-4509-8d40-3a5018abcdfd}, !- Handle
  {d750cfbd-c4ab-4239-8a8b-0e0af03885ad}, !- Source Object
  3,                                      !- Outlet Port
  {25c33917-1b70-4849-bb3a-b05a4f817877}, !- Target Object
  10;                                     !- Inlet Port

OS:AirLoopHVAC:ZoneSplitter,
  {935cb342-d327-4d6d-867b-f36539942135}, !- Handle
  Air Loop HVAC Zone Splitter 4,          !- Name
  {8a9c79d2-28ac-4c39-9c99-6372263889b1}, !- Inlet Node Name
  {1ff3f2f8-4e37-4169-89ed-b27c5a4b0707}; !- Outlet Node Name 1

OS:AirLoopHVAC:ZoneMixer,
  {60db31a1-a220-4d4b-9ec2-76cc821a6105}, !- Handle
  Air Loop HVAC Zone Mixer 4,             !- Name
  {d22d1ba8-f93e-4bc2-b9b1-54a41c10ed19}, !- Outlet Node Name
  {161f93db-6e4b-4b49-a9fa-8b0bf0245b4c}; !- Inlet Node Name 1

OS:Connection,
  {8a9c79d2-28ac-4c39-9c99-6372263889b1}, !- Handle
  {3dd134e1-fa07-4055-a632-e0bb970b53f5}, !- Source Object
  3,                                      !- Outlet Port
  {935cb342-d327-4d6d-867b-f36539942135}, !- Target Object
  2;                                      !- Inlet Port

OS:Connection,
  {d22d1ba8-f93e-4bc2-b9b1-54a41c10ed19}, !- Handle
  {60db31a1-a220-4d4b-9ec2-76cc821a6105}, !- Source Object
  2,                                      !- Outlet Port
  {d750cfbd-c4ab-4239-8a8b-0e0af03885ad}, !- Target Object
  2;                                      !- Inlet Port

OS:Sizing:System,
  {fbde0f9f-ae7f-4cce-bcc4-4b8d38ddef7f}, !- Handle
  {25c33917-1b70-4849-bb3a-b05a4f817877}, !- AirLoop Name
  Sensible,                               !- Type of Load to Size On
  Autosize,                               !- Design Outdoor Air Flow Rate {m3/s}
  1,                                      !- Central Heating Maximum System Air Flow Ratio
  7.22222222222229,                       !- Preheat Design Temperature {C}
  0.008,                                  !- Preheat Design Humidity Ratio {kg-H2O/kg-Air}
  12.7777777777778,                       !- Precool Design Temperature {C}
  0.008,                                  !- Precool Design Humidity Ratio {kg-H2O/kg-Air}
  12.7777777777778,                       !- Central Cooling Design Supply Air Temperature {C}
  50.0000000000001,                       !- Central Heating Design Supply Air Temperature {C}
  Coincident,                             !- Sizing Option
  No,                                     !- 100% Outdoor Air in Cooling
  No,                                     !- 100% Outdoor Air in Heating
  0.0085,                                 !- Central Cooling Design Supply Air Humidity Ratio {kg-H2O/kg-Air}
  0.008,                                  !- Central Heating Design Supply Air Humidity Ratio {kg-H2O/kg-Air}
  DesignDay,                              !- Cooling Design Air Flow Method
  ,                                       !- Cooling Design Air Flow Rate {m3/s}
  DesignDay,                              !- Heating Design Air Flow Method
  ,                                       !- Heating Design Air Flow Rate {m3/s}
  ZoneSum,                                !- System Outdoor Air Method
  1,                                      !- Zone Maximum Outdoor Air Fraction {dimensionless}
  0.0099676501,                           !- Cooling Supply Air Flow Rate Per Floor Area {m3/s-m2}
  1,                                      !- Cooling Fraction of Autosized Cooling Supply Air Flow Rate
  3.9475456e-05,                          !- Cooling Supply Air Flow Rate Per Unit Cooling Capacity {m3/s-W}
  0.0099676501,                           !- Heating Supply Air Flow Rate Per Floor Area {m3/s-m2}
  1,                                      !- Heating Fraction of Autosized Heating Supply Air Flow Rate
  1,                                      !- Heating Fraction of Autosized Cooling Supply Air Flow Rate
  3.1588213e-05,                          !- Heating Supply Air Flow Rate Per Unit Heating Capacity {m3/s-W}
  CoolingDesignCapacity,                  !- Cooling Design Capacity Method
  autosize,                               !- Cooling Design Capacity {W}
  234.7,                                  !- Cooling Design Capacity Per Floor Area {W/m2}
  1,                                      !- Fraction of Autosized Cooling Design Capacity
  HeatingDesignCapacity,                  !- Heating Design Capacity Method
  autosize,                               !- Heating Design Capacity {W}
  157,                                    !- Heating Design Capacity Per Floor Area {W/m2}
  1,                                      !- Fraction of Autosized Heating Design Capacity
  OnOff,                                  !- Central Cooling Capacity Control Method
  autosize;                               !- Occupant Diversity

OS:AvailabilityManagerAssignmentList,
  {9859014b-dc00-4ed3-a7a5-9f066aeb61ee}, !- Handle
  Air Loop HVAC 1 AvailabilityManagerAssignmentList 3, !- Name
  {1ec2fb10-8718-4422-b90d-0286ce1d6cdc}; !- Availability Manager Name 1

OS:SetpointManager:SingleZone:Reheat,
  {0904d119-31de-496e-90f6-92d0826796c6}, !- Handle
  Zone Office WholeBuilding - Sm Office B  - Story Ground Setpoint Manager SZ Reheat, !- Name
  12.7777777777778,                       !- Minimum Supply Air Temperature {C}
  50.0000000000001,                       !- Maximum Supply Air Temperature {C}
  {e5be5516-4e86-44bd-9cd5-feae2b9e66ff}, !- Control Zone Name
  {73224471-453b-4126-adb4-e9012a03efe1}; !- Setpoint Node or NodeList Name

OS:Coil:Heating:Water,
  {8a98ecd6-b7e2-464d-b9eb-bdddac5fc992}, !- Handle
  Zone Office WholeBuilding - Sm Office B  - Story Ground PSZ-AC Water Htg Coil, !- Name
  {c044f5a4-4903-4e6a-9e3e-58c7d1306ff1}, !- Availability Schedule Name
  ,                                       !- U-Factor Times Area Value {W/K}
  ,                                       !- Maximum Water Flow Rate {m3/s}
  {0501b267-b644-4d6f-aab9-d007e6324f9a}, !- Water Inlet Node Name
  {b070ee6c-72ef-4db9-ab52-b5f91deecbaf}, !- Water Outlet Node Name
  ,                                       !- Air Inlet Node Name
  ,                                       !- Air Outlet Node Name
  ,                                       !- Performance Input Method
  ,                                       !- Rated Capacity {W}
  82.2222222222223,                       !- Rated Inlet Water Temperature {C}
  7.22222222222229,                       !- Rated Inlet Air Temperature {C}
  71.1111111111112,                       !- Rated Outlet Water Temperature {C}
  50.0000000000001,                       !- Rated Outlet Air Temperature {C}
  ;                                       !- Rated Ratio for Air and Water Convection

OS:Node,
  {7201dc8d-80e6-4e1a-9256-f846dbfbba32}, !- Handle
  Zone Office WholeBuilding - Sm Office B  - Story Ground PSZ-AC Water Htg Coil Inlet Water Node, !- Name
  {fe3da79b-a6ac-4377-bd0e-fbb4903d0be8}, !- Inlet Port
  {0501b267-b644-4d6f-aab9-d007e6324f9a}; !- Outlet Port

OS:Connection,
  {fe3da79b-a6ac-4377-bd0e-fbb4903d0be8}, !- Handle
  {5fdb8dec-3986-403c-8326-a5236ebf60d1}, !- Source Object
  7,                                      !- Outlet Port
  {7201dc8d-80e6-4e1a-9256-f846dbfbba32}, !- Target Object
  2;                                      !- Inlet Port

OS:Node,
  {184506ab-7ee3-4ccb-8c8b-fb4babf94896}, !- Handle
  Zone Office WholeBuilding - Sm Office B  - Story Ground PSZ-AC Water Htg Coil Outlet Water Node, !- Name
  {b070ee6c-72ef-4db9-ab52-b5f91deecbaf}, !- Inlet Port
  {1c8e7828-a035-4708-936e-84f4cfba900f}; !- Outlet Port

OS:Connection,
  {0501b267-b644-4d6f-aab9-d007e6324f9a}, !- Handle
  {7201dc8d-80e6-4e1a-9256-f846dbfbba32}, !- Source Object
  3,                                      !- Outlet Port
  {8a98ecd6-b7e2-464d-b9eb-bdddac5fc992}, !- Target Object
  5;                                      !- Inlet Port

OS:Connection,
  {b070ee6c-72ef-4db9-ab52-b5f91deecbaf}, !- Handle
  {8a98ecd6-b7e2-464d-b9eb-bdddac5fc992}, !- Source Object
  6,                                      !- Outlet Port
  {184506ab-7ee3-4ccb-8c8b-fb4babf94896}, !- Target Object
  2;                                      !- Inlet Port

OS:Connection,
  {1c8e7828-a035-4708-936e-84f4cfba900f}, !- Handle
  {184506ab-7ee3-4ccb-8c8b-fb4babf94896}, !- Source Object
  3,                                      !- Outlet Port
  {0fbfeb04-f91c-417e-aa40-f15c4be23f16}, !- Target Object
  7;                                      !- Inlet Port

OS:Controller:WaterCoil,
  {c25609af-5f09-4288-ba06-58e4fd07940d}, !- Handle
  Zone Office WholeBuilding - Sm Office B  - Story Ground PSZ-AC Water Htg Coil Controller, !- Name
  {8a98ecd6-b7e2-464d-b9eb-bdddac5fc992}, !- Water Coil Name
  ,                                       !- Control Variable
  Normal,                                 !- Action
  ,                                       !- Actuator Variable
  ,                                       !- Sensor Node Name
  ,                                       !- Actuator Node Name
  0.0001,                                 !- Controller Convergence Tolerance {deltaC}
  ,                                       !- Maximum Actuated Flow {m3/s}
  0;                                      !- Minimum Actuated Flow {m3/s}

OS:Coil:Heating:Electric,
  {e78baaae-8528-4aa6-9318-f460250a527c}, !- Handle
  Zone Office WholeBuilding - Sm Office B  - Story Ground PSZ-AC Electric Backup Htg Coil, !- Name
  {c044f5a4-4903-4e6a-9e3e-58c7d1306ff1}, !- Availability Schedule Name
  1,                                      !- Efficiency
  ,                                       !- Nominal Capacity {W}
  ,                                       !- Air Inlet Node Name
  ;                                       !- Air Outlet Node Name

OS:Coil:Cooling:DX:SingleSpeed,
  {df9a358c-12ca-4b54-a016-07d8a2e124ed}, !- Handle
  Zone Office WholeBuilding - Sm Office B  - Story Ground PSZ-AC 1spd DX AC Clg Coil 69kBtu/hr 11.0EER, !- Name
  {c044f5a4-4903-4e6a-9e3e-58c7d1306ff1}, !- Availability Schedule Name
  autosize,                               !- Rated Total Cooling Capacity {W}
  autosize,                               !- Rated Sensible Heat Ratio
  3.7988306741603,                        !- Rated COP {W/W}
  autosize,                               !- Rated Air Flow Rate {m3/s}
  773.3,                                  !- Rated Evaporator Fan Power Per Volume Flow Rate 2017 {W/(m3/s)}
  934.4,                                  !- Rated Evaporator Fan Power Per Volume Flow Rate 2023 {W/(m3/s)}
  ,                                       !- Air Inlet Node Name
  ,                                       !- Air Outlet Node Name
  {f9019d69-f0c5-4d9d-9bc2-7b4206e402ad}, !- Total Cooling Capacity Function of Temperature Curve Name
  {04635352-d720-4ca8-a858-0fdce72f505a}, !- Total Cooling Capacity Function of Flow Fraction Curve Name
  {d9d34d8a-37fc-4849-b6c4-c22bc6d0c7c3}, !- Energy Input Ratio Function of Temperature Curve Name
  {9813576c-4714-439e-bf0e-4b4fdf8e60f7}, !- Energy Input Ratio Function of Flow Fraction Curve Name
  {274a4c60-e32b-4e58-96ee-ecb56401f49e}, !- Part Load Fraction Correlation Curve Name
  -25,                                    !- Minimum Outdoor Dry-Bulb Temperature for Compressor Operation {C}
  0,                                      !- Nominal Time for Condensate Removal to Begin {s}
  0,                                      !- Ratio of Initial Moisture Evaporation Rate and Steady State Latent Capacity {dimensionless}
  0,                                      !- Maximum Cycling Rate {cycles/hr}
  0,                                      !- Latent Capacity Time Constant {s}
  ,                                       !- Condenser Air Inlet Node Name
  AirCooled,                              !- Condenser Type
  0.9,                                    !- Evaporative Condenser Effectiveness {dimensionless}
  autosize,                               !- Evaporative Condenser Air Flow Rate {m3/s}
  autosize,                               !- Evaporative Condenser Pump Rated Power Consumption {W}
  0,                                      !- Crankcase Heater Capacity {W}
  ,                                       !- Crankcase Heater Capacity Function of Temperature Curve Name
  10,                                     !- Maximum Outdoor Dry-Bulb Temperature for Crankcase Heater Operation {C}
  ,                                       !- Supply Water Storage Tank Name
  ,                                       !- Condensate Collection Water Storage Tank Name
  0,                                      !- Basin Heater Capacity {W/K}
  2;                                      !- Basin Heater Setpoint Temperature {C}

OS:Fan:OnOff,
  {5791f9f2-3da9-4218-bc03-97d09f26242c}, !- Handle
  Zone Office WholeBuilding - Sm Office B  - Story Ground PSZ-AC Fan, !- Name
  {c044f5a4-4903-4e6a-9e3e-58c7d1306ff1}, !- Availability Schedule Name
  0.56225,                                !- Fan Total Efficiency
  622.722275,                             !- Pressure Rise {Pa}
  autosize,                               !- Maximum Flow Rate {m3/s}
  0.865,                                  !- Motor Efficiency
  1,                                      !- Motor In Airstream Fraction
  ,                                       !- Air Inlet Node Name
  ,                                       !- Air Outlet Node Name
  {1ddc15f6-e58e-4ac7-b810-58b3b3a38de3}, !- Fan Power Ratio Function of Speed Ratio Curve Name
  {6d335289-917c-40b1-976d-94fc39dcf93d}, !- Fan Efficiency Ratio Function of Speed Ratio Curve Name
  ;                                       !- End-Use Subcategory

OS:Curve:Exponent,
  {1ddc15f6-e58e-4ac7-b810-58b3b3a38de3}, !- Handle
  Fan On Off Power Curve 3,               !- Name
  1,                                      !- Coefficient1 Constant
  0,                                      !- Coefficient2 Constant
  0,                                      !- Coefficient3 Constant
  0,                                      !- Minimum Value of x
  1,                                      !- Maximum Value of x
  ,                                       !- Minimum Curve Output
  ,                                       !- Maximum Curve Output
  ,                                       !- Input Unit Type for X
  ;                                       !- Output Unit Type

OS:Curve:Cubic,
  {6d335289-917c-40b1-976d-94fc39dcf93d}, !- Handle
  Fan On Off Efficiency Curve 3,          !- Name
  1,                                      !- Coefficient1 Constant
  0,                                      !- Coefficient2 x
  0,                                      !- Coefficient3 x**2
  0,                                      !- Coefficient4 x**3
  0,                                      !- Minimum Value of x
  1;                                      !- Maximum Value of x

OS:AirLoopHVAC:UnitarySystem,
  {a180f9ff-8533-4405-8ff8-e33adb43b816}, !- Handle
  Zone Office WholeBuilding - Sm Office B  - Story Ground PSZ-AC Unitary AC, !- Name
  Load,                                   !- Control Type
  {e5be5516-4e86-44bd-9cd5-feae2b9e66ff}, !- Controlling Zone or Thermostat Location
  None,                                   !- Dehumidification Control Type
  {c044f5a4-4903-4e6a-9e3e-58c7d1306ff1}, !- Availability Schedule Name
  {19d1892f-a589-4bb6-84d4-cbb81c2f838a}, !- Air Inlet Node Name
  {23d2c043-e1db-4d99-a9f9-f706fa2e8495}, !- Air Outlet Node Name
  {5791f9f2-3da9-4218-bc03-97d09f26242c}, !- Supply Fan Name
  DrawThrough,                            !- Fan Placement
  {008fedf6-5a00-4602-bcba-940ae12a4968}, !- Supply Air Fan Operating Mode Schedule Name
  {8a98ecd6-b7e2-464d-b9eb-bdddac5fc992}, !- Heating Coil Name
  1,                                      !- DX Heating Coil Sizing Ratio
  {df9a358c-12ca-4b54-a016-07d8a2e124ed}, !- Cooling Coil Name
  No,                                     !- Use DOAS DX Cooling Coil
  2,                                      !- DOAS DX Cooling Coil Leaving Minimum Air Temperature {C}
  SensibleOnlyLoadControl,                !- Latent Load Control
  {e78baaae-8528-4aa6-9318-f460250a527c}, !- Supplemental Heating Coil Name
  SupplyAirFlowRate,                      !- Supply Air Flow Rate Method During Cooling Operation
  Autosize,                               !- Supply Air Flow Rate During Cooling Operation {m3/s}
  ,                                       !- Supply Air Flow Rate Per Floor Area During Cooling Operation {m3/s-m2}
  ,                                       !- Fraction of Autosized Design Cooling Supply Air Flow Rate
  ,                                       !- Design Supply Air Flow Rate Per Unit of Capacity During Cooling Operation {m3/s-W}
  SupplyAirFlowRate,                      !- Supply Air Flow Rate Method During Heating Operation
  Autosize,                               !- Supply Air Flow Rate During Heating Operation {m3/s}
  ,                                       !- Supply Air Flow Rate Per Floor Area during Heating Operation {m3/s-m2}
  ,                                       !- Fraction of Autosized Design Heating Supply Air Flow Rate
  ,                                       !- Design Supply Air Flow Rate Per Unit of Capacity During Heating Operation {m3/s-W}
  None,                                   !- Supply Air Flow Rate Method When No Cooling or Heating is Required
  ,                                       !- Supply Air Flow Rate When No Cooling or Heating is Required {m3/s}
  ,                                       !- Supply Air Flow Rate Per Floor Area When No Cooling or Heating is Required {m3/s-m2}
  ,                                       !- Fraction of Autosized Design Cooling Supply Air Flow Rate When No Cooling or Heating is Required
  ,                                       !- Fraction of Autosized Design Heating Supply Air Flow Rate When No Cooling or Heating is Required
  ,                                       !- Design Supply Air Flow Rate Per Unit of Capacity During Cooling Operation When No Cooling or Heating is Required {m3/s-W}
  ,                                       !- Design Supply Air Flow Rate Per Unit of Capacity During Heating Operation When No Cooling or Heating is Required {m3/s-W}
  80,                                     !- Maximum Supply Air Temperature {C}
  21,                                     !- Maximum Outdoor Dry-Bulb Temperature for Supplemental Heater Operation {C}
  ,                                       !- Outdoor Dry-Bulb Temperature Sensor Node Name
  0,                                      !- Ancilliary On-Cycle Electric Power {W}
  0;                                      !- Ancilliary Off-Cycle Electric Power {W}

OS:Connection,
  {23d2c043-e1db-4d99-a9f9-f706fa2e8495}, !- Handle
  {a180f9ff-8533-4405-8ff8-e33adb43b816}, !- Source Object
  7,                                      !- Outlet Port
  {73224471-453b-4126-adb4-e9012a03efe1}, !- Target Object
  2;                                      !- Inlet Port

OS:Controller:OutdoorAir,
  {65d16c65-b00d-4f27-ac4d-040735481847}, !- Handle
  Zone Office WholeBuilding - Sm Office B  - Story Ground PSZ-AC OA System Controller, !- Name
  ,                                       !- Relief Air Outlet Node Name
  ,                                       !- Return Air Node Name
  ,                                       !- Mixed Air Node Name
  ,                                       !- Actuator Node Name
  autosize,                               !- Minimum Outdoor Air Flow Rate {m3/s}
  Autosize,                               !- Maximum Outdoor Air Flow Rate {m3/s}
  DifferentialDryBulb,                    !- Economizer Control Type
  ModulateFlow,                           !- Economizer Control Action Type
  ,                                       !- Economizer Maximum Limit Dry-Bulb Temperature {C}
  ,                                       !- Economizer Maximum Limit Enthalpy {J/kg}
  ,                                       !- Economizer Maximum Limit Dewpoint Temperature {C}
  ,                                       !- Electronic Enthalpy Limit Curve Name
  ,                                       !- Economizer Minimum Limit Dry-Bulb Temperature {C}
  LockoutWithHeating,                     !- Lockout Type
  FixedMinimum,                           !- Minimum Limit Type
  {008fedf6-5a00-4602-bcba-940ae12a4968}, !- Minimum Outdoor Air Schedule Name
  ,                                       !- Minimum Fraction of Outdoor Air Schedule Name
  {a83ccd33-14cb-429b-a8e1-15e39a004691}, !- Maximum Fraction of Outdoor Air Schedule Name
  {84f7bdc7-f966-4273-b057-709499afbe5b}, !- Controller Mechanical Ventilation
  ,                                       !- Time of Day Economizer Control Schedule Name
  No,                                     !- High Humidity Control
  ,                                       !- Humidistat Control Zone Name
  ,                                       !- High Humidity Outdoor Air Flow Ratio
  ,                                       !- Control High Indoor Humidity Based on Outdoor Humidity Ratio
  BypassWhenWithinEconomizerLimits,       !- Heat Recovery Bypass Control Type
  InterlockedWithMechanicalCooling;       !- Economizer Operation Staging

OS:Controller:MechanicalVentilation,
  {84f7bdc7-f966-4273-b057-709499afbe5b}, !- Handle
  Controller Mechanical Ventilation 4,    !- Name
  {c044f5a4-4903-4e6a-9e3e-58c7d1306ff1}, !- Availability Schedule
  ,                                       !- Demand Controlled Ventilation
  ;                                       !- System Outdoor Air Method

OS:AirLoopHVAC:OutdoorAirSystem,
  {bf1d11e4-5691-4363-a31e-9fc897bc9a57}, !- Handle
  Zone Office WholeBuilding - Sm Office B  - Story Ground PSZ-AC OA System, !- Name
  {65d16c65-b00d-4f27-ac4d-040735481847}, !- Controller Name
  ,                                       !- Outdoor Air Equipment List Name
  ,                                       !- Availability Manager List Name
  {a7141b6c-eaaa-4b33-9340-75afa1646557}, !- Mixed Air Node Name
  {6bf60ed1-25da-43ae-b6e1-770864a7637b}, !- Outdoor Air Stream Node Name
  {7e1a3ab8-8818-4558-9ec3-831eebec81d2}, !- Relief Air Stream Node Name
  {75b7ccc6-94f3-44b1-ada2-4a7109ffefb5}; !- Return Air Stream Node Name

OS:Node,
  {61823c81-0943-483b-838b-f96a20425c2d}, !- Handle
  Zone Office WholeBuilding - Sm Office B  - Story Ground PSZ-AC Outdoor Air Node, !- Name
  ,                                       !- Inlet Port
  {6bf60ed1-25da-43ae-b6e1-770864a7637b}; !- Outlet Port

OS:Connection,
  {6bf60ed1-25da-43ae-b6e1-770864a7637b}, !- Handle
  {61823c81-0943-483b-838b-f96a20425c2d}, !- Source Object
  3,                                      !- Outlet Port
  {bf1d11e4-5691-4363-a31e-9fc897bc9a57}, !- Target Object
  6;                                      !- Inlet Port

OS:Node,
  {d4db1f1d-1957-45c8-be3a-7ad5f4f347c6}, !- Handle
  Zone Office WholeBuilding - Sm Office B  - Story Ground PSZ-AC Relief Air Node, !- Name
  {7e1a3ab8-8818-4558-9ec3-831eebec81d2}, !- Inlet Port
  ;                                       !- Outlet Port

OS:Connection,
  {7e1a3ab8-8818-4558-9ec3-831eebec81d2}, !- Handle
  {bf1d11e4-5691-4363-a31e-9fc897bc9a57}, !- Source Object
  7,                                      !- Outlet Port
  {d4db1f1d-1957-45c8-be3a-7ad5f4f347c6}, !- Target Object
  2;                                      !- Inlet Port

OS:Node,
  {edfb0c47-c4ab-4660-8c80-199fd680e7e9}, !- Handle
  Zone Office WholeBuilding - Sm Office B  - Story Ground PSZ-AC Mixed Air Node, !- Name
  {a7141b6c-eaaa-4b33-9340-75afa1646557}, !- Inlet Port
  {19d1892f-a589-4bb6-84d4-cbb81c2f838a}; !- Outlet Port

OS:Connection,
  {75b7ccc6-94f3-44b1-ada2-4a7109ffefb5}, !- Handle
  {b1b2f928-a58a-4158-b309-1186fa9e8aea}, !- Source Object
  3,                                      !- Outlet Port
  {bf1d11e4-5691-4363-a31e-9fc897bc9a57}, !- Target Object
  8;                                      !- Inlet Port

OS:Connection,
  {a7141b6c-eaaa-4b33-9340-75afa1646557}, !- Handle
  {bf1d11e4-5691-4363-a31e-9fc897bc9a57}, !- Source Object
  5,                                      !- Outlet Port
  {edfb0c47-c4ab-4660-8c80-199fd680e7e9}, !- Target Object
  2;                                      !- Inlet Port

OS:Connection,
  {19d1892f-a589-4bb6-84d4-cbb81c2f838a}, !- Handle
  {edfb0c47-c4ab-4660-8c80-199fd680e7e9}, !- Source Object
  3,                                      !- Outlet Port
  {a180f9ff-8533-4405-8ff8-e33adb43b816}, !- Target Object
  6;                                      !- Inlet Port

OS:AvailabilityManager:NightCycle,
  {1ec2fb10-8718-4422-b90d-0286ce1d6cdc}, !- Handle
  Availability Manager Night Cycle 4,     !- Name
  {c044f5a4-4903-4e6a-9e3e-58c7d1306ff1}, !- Applicability Schedule
  ,                                       !- Fan Schedule
  CycleOnAny,                             !- Control Type
  1,                                      !- Thermostat Tolerance {deltaC}
  ,                                       !- Cycling Run Time Control Type
  1800,                                   !- Cycling Run Time {s}
  {db8801f8-a021-4001-b5b6-1cd1bd6e94ce}, !- Control Zone or Zone List Name
  {00c0261e-994a-4974-93a5-0a8ec190470a}, !- Cooling Control Zone or Zone List Name
  {eaf3e6c0-be65-4418-9695-84927a26486c}, !- Heating Control Zone or Zone List Name
  {93aa32ab-ce10-45f3-874b-9ce72fe80f99}; !- Heating Zone Fans Only Zone or Zone List Name

OS:ModelObjectList,
  {db8801f8-a021-4001-b5b6-1cd1bd6e94ce}, !- Handle
  Availability Manager Night Cycle 4 Control Zone List; !- Name

OS:ModelObjectList,
  {00c0261e-994a-4974-93a5-0a8ec190470a}, !- Handle
  Availability Manager Night Cycle 4 Cooling Control Zone List; !- Name

OS:ModelObjectList,
  {eaf3e6c0-be65-4418-9695-84927a26486c}, !- Handle
  Availability Manager Night Cycle 4 Heating Control Zone List; !- Name

OS:ModelObjectList,
  {93aa32ab-ce10-45f3-874b-9ce72fe80f99}, !- Handle
  Availability Manager Night Cycle 4 Heating Zone Fans Only Zone List; !- Name

OS:AirTerminal:SingleDuct:ConstantVolume:NoReheat,
  {bdbf1adf-019f-4877-b00b-ecdcfe623ea8}, !- Handle
  Zone Office WholeBuilding - Sm Office B  - Story Ground PSZ-AC Diffuser, !- Name
  {c044f5a4-4903-4e6a-9e3e-58c7d1306ff1}, !- Availability Schedule Name
  {00f8b70d-488e-4247-97fc-3951719a3d7e}, !- Air Inlet Node Name
  {70fc13d9-d7b2-429f-bddc-c54fe77034aa}, !- Air Outlet Node Name
  AutoSize;                               !- Maximum Air Flow Rate {m3/s}

OS:Node,
  {d307a4e7-375e-42ef-bc13-d32290dbe845}, !- Handle
  Zone Office WholeBuilding - Sm Office B  - Story Ground Return Air Node, !- Name
  {4f9d6dc3-60e7-43d3-950c-d18a750d82b9}, !- Inlet Port
  {161f93db-6e4b-4b49-a9fa-8b0bf0245b4c}; !- Outlet Port

OS:Connection,
  {9a2444fd-3566-4765-999d-a3400630573c}, !- Handle
  {47721262-d2e5-40ec-aeb5-c1ac314798f0}, !- Source Object
  3,                                      !- Outlet Port
  {744c1ca3-55b2-4d2a-b600-ba920890aa77}, !- Target Object
  2;                                      !- Inlet Port

OS:Connection,
  {4f9d6dc3-60e7-43d3-950c-d18a750d82b9}, !- Handle
  {84af055e-d09e-4ede-8d74-17f030248a9e}, !- Source Object
  2,                                      !- Outlet Port
  {d307a4e7-375e-42ef-bc13-d32290dbe845}, !- Target Object
  2;                                      !- Inlet Port

OS:Connection,
  {161f93db-6e4b-4b49-a9fa-8b0bf0245b4c}, !- Handle
  {d307a4e7-375e-42ef-bc13-d32290dbe845}, !- Source Object
  3,                                      !- Outlet Port
  {60db31a1-a220-4d4b-9ec2-76cc821a6105}, !- Target Object
  3;                                      !- Inlet Port

OS:Node,
  {d6e1e9c3-fa5e-4c9a-9d09-aa61d2e67aaf}, !- Handle
  Zone Office WholeBuilding - Sm Office B  - Story Ground PSZ-AC Diffuser Inlet Air Node, !- Name
  {1ff3f2f8-4e37-4169-89ed-b27c5a4b0707}, !- Inlet Port
  {00f8b70d-488e-4247-97fc-3951719a3d7e}; !- Outlet Port

OS:Connection,
  {1ff3f2f8-4e37-4169-89ed-b27c5a4b0707}, !- Handle
  {935cb342-d327-4d6d-867b-f36539942135}, !- Source Object
  3,                                      !- Outlet Port
  {d6e1e9c3-fa5e-4c9a-9d09-aa61d2e67aaf}, !- Target Object
  2;                                      !- Inlet Port

OS:Connection,
  {00f8b70d-488e-4247-97fc-3951719a3d7e}, !- Handle
  {d6e1e9c3-fa5e-4c9a-9d09-aa61d2e67aaf}, !- Source Object
  3,                                      !- Outlet Port
  {bdbf1adf-019f-4877-b00b-ecdcfe623ea8}, !- Target Object
  3;                                      !- Inlet Port

OS:Connection,
  {70fc13d9-d7b2-429f-bddc-c54fe77034aa}, !- Handle
  {bdbf1adf-019f-4877-b00b-ecdcfe623ea8}, !- Source Object
  4,                                      !- Outlet Port
  {47721262-d2e5-40ec-aeb5-c1ac314798f0}, !- Target Object
  2;                                      !- Inlet Port

OS:AirLoopHVAC,
  {7e1d05c0-6a4f-4975-b35f-c669a797ab6f}, !- Handle
  Zone Office WholeBuilding - Sm Office C  - Story Ground PSZ-AC, !- Name
  ,                                       !- Controller List Name
  {6542c4eb-d766-496c-b2f0-99492a94ac91}, !- Availability Schedule
  {51f57e31-066d-4732-afb7-55c4d9e67506}, !- Availability Manager List Name
  autosize,                               !- Design Supply Air Flow Rate {m3/s}
  1,                                      !- Design Return Air Flow Fraction of Supply Air Flow
  ,                                       !- Branch List Name
  ,                                       !- Connector List Name
  {0a5ff948-59f6-4aa5-bbae-c1df10d378fe}, !- Supply Side Inlet Node Name
  {f3b08cf2-0368-4dcc-ab3e-bc52f995e9e3}, !- Demand Side Outlet Node Name
  {0b08a1cc-46db-4e2a-86e3-adf7d2d8c30a}, !- Demand Side Inlet Node A
  {254d1951-78fe-49fe-b576-50cc44432c33}, !- Supply Side Outlet Node A
  ,                                       !- Demand Side Inlet Node B
  ,                                       !- Supply Side Outlet Node B
  ,                                       !- Return Air Bypass Flow Temperature Setpoint Schedule Name
  {912b2289-1850-4c10-b20e-dcfb4f4a6f58}, !- Demand Mixer Name
  {7cb48a8e-9688-4c9a-bd4f-66c66b54d2ed}, !- Demand Splitter A Name
  ,                                       !- Demand Splitter B Name
  ;                                       !- Supply Splitter Name

OS:Node,
  {6c79df6a-bffe-4d96-b0d7-8d69c66789e9}, !- Handle
  Zone Office WholeBuilding - Sm Office C  - Story Ground PSZ-AC Supply Inlet Node, !- Name
  {0a5ff948-59f6-4aa5-bbae-c1df10d378fe}, !- Inlet Port
  {56fcd183-d592-4d60-8454-f97ea74bf703}; !- Outlet Port

OS:Node,
  {2fe16ffa-77d7-4af3-b353-55a2365f406f}, !- Handle
  Zone Office WholeBuilding - Sm Office C  - Story Ground PSZ-AC Supply Outlet Node, !- Name
  {7244a198-d796-40b0-9fab-a041837a1a10}, !- Inlet Port
  {254d1951-78fe-49fe-b576-50cc44432c33}; !- Outlet Port

OS:Connection,
  {0a5ff948-59f6-4aa5-bbae-c1df10d378fe}, !- Handle
  {7e1d05c0-6a4f-4975-b35f-c669a797ab6f}, !- Source Object
  9,                                      !- Outlet Port
  {6c79df6a-bffe-4d96-b0d7-8d69c66789e9}, !- Target Object
  2;                                      !- Inlet Port

OS:Connection,
  {254d1951-78fe-49fe-b576-50cc44432c33}, !- Handle
  {2fe16ffa-77d7-4af3-b353-55a2365f406f}, !- Source Object
  3,                                      !- Outlet Port
  {7e1d05c0-6a4f-4975-b35f-c669a797ab6f}, !- Target Object
  12;                                     !- Inlet Port

OS:Node,
  {0bc5f887-e2d0-482c-955f-d1b789a44309}, !- Handle
  Zone Office WholeBuilding - Sm Office C  - Story Ground PSZ-AC Demand Inlet Node, !- Name
  {0b08a1cc-46db-4e2a-86e3-adf7d2d8c30a}, !- Inlet Port
  {0dcbc654-b5da-47e1-b256-4d0b31d8c236}; !- Outlet Port

OS:Node,
  {c386198c-4205-45b3-8e6f-65856ba7c0e4}, !- Handle
  Zone Office WholeBuilding - Sm Office C  - Story Ground PSZ-AC Demand Outlet Node, !- Name
  {5bb8bf88-3256-4b64-8645-3cb5a2bee3f8}, !- Inlet Port
  {f3b08cf2-0368-4dcc-ab3e-bc52f995e9e3}; !- Outlet Port

OS:Node,
  {b9275729-abc2-4665-afb8-fead45765e36}, !- Handle
  Zone Office WholeBuilding - Sm Office C  - Story Ground PSZ-AC Diffuser Outlet Air Node, !- Name
  {e800b4f9-07f1-4b89-9531-a33a33afe52a}, !- Inlet Port
  {644da5df-4a82-440c-9e63-0dec6e5e1be7}; !- Outlet Port

OS:Connection,
  {0b08a1cc-46db-4e2a-86e3-adf7d2d8c30a}, !- Handle
  {7e1d05c0-6a4f-4975-b35f-c669a797ab6f}, !- Source Object
  11,                                     !- Outlet Port
  {0bc5f887-e2d0-482c-955f-d1b789a44309}, !- Target Object
  2;                                      !- Inlet Port

OS:Connection,
  {f3b08cf2-0368-4dcc-ab3e-bc52f995e9e3}, !- Handle
  {c386198c-4205-45b3-8e6f-65856ba7c0e4}, !- Source Object
  3,                                      !- Outlet Port
  {7e1d05c0-6a4f-4975-b35f-c669a797ab6f}, !- Target Object
  10;                                     !- Inlet Port

OS:AirLoopHVAC:ZoneSplitter,
  {7cb48a8e-9688-4c9a-bd4f-66c66b54d2ed}, !- Handle
  Air Loop HVAC Zone Splitter 5,          !- Name
  {0dcbc654-b5da-47e1-b256-4d0b31d8c236}, !- Inlet Node Name
  {90b0380b-4e98-4ff3-83e4-f592cbe3146c}; !- Outlet Node Name 1

OS:AirLoopHVAC:ZoneMixer,
  {912b2289-1850-4c10-b20e-dcfb4f4a6f58}, !- Handle
  Air Loop HVAC Zone Mixer 5,             !- Name
  {5bb8bf88-3256-4b64-8645-3cb5a2bee3f8}, !- Outlet Node Name
  {19237ed4-f5e9-4845-857a-6d483fc5b0ff}; !- Inlet Node Name 1

OS:Connection,
  {0dcbc654-b5da-47e1-b256-4d0b31d8c236}, !- Handle
  {0bc5f887-e2d0-482c-955f-d1b789a44309}, !- Source Object
  3,                                      !- Outlet Port
  {7cb48a8e-9688-4c9a-bd4f-66c66b54d2ed}, !- Target Object
  2;                                      !- Inlet Port

OS:Connection,
  {5bb8bf88-3256-4b64-8645-3cb5a2bee3f8}, !- Handle
  {912b2289-1850-4c10-b20e-dcfb4f4a6f58}, !- Source Object
  2,                                      !- Outlet Port
  {c386198c-4205-45b3-8e6f-65856ba7c0e4}, !- Target Object
  2;                                      !- Inlet Port

OS:Sizing:System,
  {4325e8b4-5782-4252-a437-967c266244d9}, !- Handle
  {7e1d05c0-6a4f-4975-b35f-c669a797ab6f}, !- AirLoop Name
  Sensible,                               !- Type of Load to Size On
  Autosize,                               !- Design Outdoor Air Flow Rate {m3/s}
  1,                                      !- Central Heating Maximum System Air Flow Ratio
  7.22222222222229,                       !- Preheat Design Temperature {C}
  0.008,                                  !- Preheat Design Humidity Ratio {kg-H2O/kg-Air}
  12.7777777777778,                       !- Precool Design Temperature {C}
  0.008,                                  !- Precool Design Humidity Ratio {kg-H2O/kg-Air}
  12.7777777777778,                       !- Central Cooling Design Supply Air Temperature {C}
  50.0000000000001,                       !- Central Heating Design Supply Air Temperature {C}
  Coincident,                             !- Sizing Option
  No,                                     !- 100% Outdoor Air in Cooling
  No,                                     !- 100% Outdoor Air in Heating
  0.0085,                                 !- Central Cooling Design Supply Air Humidity Ratio {kg-H2O/kg-Air}
  0.008,                                  !- Central Heating Design Supply Air Humidity Ratio {kg-H2O/kg-Air}
  DesignDay,                              !- Cooling Design Air Flow Method
  ,                                       !- Cooling Design Air Flow Rate {m3/s}
  DesignDay,                              !- Heating Design Air Flow Method
  ,                                       !- Heating Design Air Flow Rate {m3/s}
  ZoneSum,                                !- System Outdoor Air Method
  1,                                      !- Zone Maximum Outdoor Air Fraction {dimensionless}
  0.0099676501,                           !- Cooling Supply Air Flow Rate Per Floor Area {m3/s-m2}
  1,                                      !- Cooling Fraction of Autosized Cooling Supply Air Flow Rate
  3.9475456e-05,                          !- Cooling Supply Air Flow Rate Per Unit Cooling Capacity {m3/s-W}
  0.0099676501,                           !- Heating Supply Air Flow Rate Per Floor Area {m3/s-m2}
  1,                                      !- Heating Fraction of Autosized Heating Supply Air Flow Rate
  1,                                      !- Heating Fraction of Autosized Cooling Supply Air Flow Rate
  3.1588213e-05,                          !- Heating Supply Air Flow Rate Per Unit Heating Capacity {m3/s-W}
  CoolingDesignCapacity,                  !- Cooling Design Capacity Method
  autosize,                               !- Cooling Design Capacity {W}
  234.7,                                  !- Cooling Design Capacity Per Floor Area {W/m2}
  1,                                      !- Fraction of Autosized Cooling Design Capacity
  HeatingDesignCapacity,                  !- Heating Design Capacity Method
  autosize,                               !- Heating Design Capacity {W}
  157,                                    !- Heating Design Capacity Per Floor Area {W/m2}
  1,                                      !- Fraction of Autosized Heating Design Capacity
  OnOff,                                  !- Central Cooling Capacity Control Method
  autosize;                               !- Occupant Diversity

OS:AvailabilityManagerAssignmentList,
  {51f57e31-066d-4732-afb7-55c4d9e67506}, !- Handle
  Air Loop HVAC 1 AvailabilityManagerAssignmentList 4, !- Name
  {56e67825-abe3-422c-8efc-25d26dda0d3f}; !- Availability Manager Name 1

OS:SetpointManager:SingleZone:Reheat,
  {47c9fee0-c243-4836-8677-329c71cab22f}, !- Handle
  Zone Office WholeBuilding - Sm Office C  - Story Ground Setpoint Manager SZ Reheat, !- Name
  12.7777777777778,                       !- Minimum Supply Air Temperature {C}
  50.0000000000001,                       !- Maximum Supply Air Temperature {C}
  {f19b11ca-ca9e-44f9-94f0-e848e514de1a}, !- Control Zone Name
  {2fe16ffa-77d7-4af3-b353-55a2365f406f}; !- Setpoint Node or NodeList Name

OS:Coil:Heating:Water,
  {3db27246-63e1-4256-8e50-dc42c66811b9}, !- Handle
  Zone Office WholeBuilding - Sm Office C  - Story Ground PSZ-AC Water Htg Coil, !- Name
  {c044f5a4-4903-4e6a-9e3e-58c7d1306ff1}, !- Availability Schedule Name
  ,                                       !- U-Factor Times Area Value {W/K}
  ,                                       !- Maximum Water Flow Rate {m3/s}
  {255c2485-3368-4395-bf76-a0718d083c02}, !- Water Inlet Node Name
  {af8d49a7-15a6-4468-8423-492be93ac3eb}, !- Water Outlet Node Name
  ,                                       !- Air Inlet Node Name
  ,                                       !- Air Outlet Node Name
  ,                                       !- Performance Input Method
  ,                                       !- Rated Capacity {W}
  82.2222222222223,                       !- Rated Inlet Water Temperature {C}
  7.22222222222229,                       !- Rated Inlet Air Temperature {C}
  71.1111111111112,                       !- Rated Outlet Water Temperature {C}
  50.0000000000001,                       !- Rated Outlet Air Temperature {C}
  ;                                       !- Rated Ratio for Air and Water Convection

OS:Node,
  {8f8956cc-c526-4d94-9d71-eb4b81eb3ed5}, !- Handle
  Zone Office WholeBuilding - Sm Office C  - Story Ground PSZ-AC Water Htg Coil Inlet Water Node, !- Name
  {674ecdf4-97e1-47d9-930e-b47104e92934}, !- Inlet Port
  {255c2485-3368-4395-bf76-a0718d083c02}; !- Outlet Port

OS:Connection,
  {674ecdf4-97e1-47d9-930e-b47104e92934}, !- Handle
  {5fdb8dec-3986-403c-8326-a5236ebf60d1}, !- Source Object
  8,                                      !- Outlet Port
  {8f8956cc-c526-4d94-9d71-eb4b81eb3ed5}, !- Target Object
  2;                                      !- Inlet Port

OS:Node,
  {3eb58be7-79eb-4cb8-8e6a-21a14cf6145c}, !- Handle
  Zone Office WholeBuilding - Sm Office C  - Story Ground PSZ-AC Water Htg Coil Outlet Water Node, !- Name
  {af8d49a7-15a6-4468-8423-492be93ac3eb}, !- Inlet Port
  {65d6103d-38ad-4706-a04d-c47c9ab36e48}; !- Outlet Port

OS:Connection,
  {255c2485-3368-4395-bf76-a0718d083c02}, !- Handle
  {8f8956cc-c526-4d94-9d71-eb4b81eb3ed5}, !- Source Object
  3,                                      !- Outlet Port
  {3db27246-63e1-4256-8e50-dc42c66811b9}, !- Target Object
  5;                                      !- Inlet Port

OS:Connection,
  {af8d49a7-15a6-4468-8423-492be93ac3eb}, !- Handle
  {3db27246-63e1-4256-8e50-dc42c66811b9}, !- Source Object
  6,                                      !- Outlet Port
  {3eb58be7-79eb-4cb8-8e6a-21a14cf6145c}, !- Target Object
  2;                                      !- Inlet Port

OS:Connection,
  {65d6103d-38ad-4706-a04d-c47c9ab36e48}, !- Handle
  {3eb58be7-79eb-4cb8-8e6a-21a14cf6145c}, !- Source Object
  3,                                      !- Outlet Port
  {0fbfeb04-f91c-417e-aa40-f15c4be23f16}, !- Target Object
  8;                                      !- Inlet Port

OS:Controller:WaterCoil,
  {5f088ad7-3316-413c-b636-8dfaaebf7fc1}, !- Handle
  Zone Office WholeBuilding - Sm Office C  - Story Ground PSZ-AC Water Htg Coil Controller, !- Name
  {3db27246-63e1-4256-8e50-dc42c66811b9}, !- Water Coil Name
  ,                                       !- Control Variable
  Normal,                                 !- Action
  ,                                       !- Actuator Variable
  ,                                       !- Sensor Node Name
  ,                                       !- Actuator Node Name
  0.0001,                                 !- Controller Convergence Tolerance {deltaC}
  ,                                       !- Maximum Actuated Flow {m3/s}
  0;                                      !- Minimum Actuated Flow {m3/s}

OS:Coil:Heating:Electric,
  {c5146d6c-fdef-47ca-803f-e00e4c509643}, !- Handle
  Zone Office WholeBuilding - Sm Office C  - Story Ground PSZ-AC Electric Backup Htg Coil, !- Name
  {c044f5a4-4903-4e6a-9e3e-58c7d1306ff1}, !- Availability Schedule Name
  1,                                      !- Efficiency
  ,                                       !- Nominal Capacity {W}
  ,                                       !- Air Inlet Node Name
  ;                                       !- Air Outlet Node Name

OS:Coil:Cooling:DX:SingleSpeed,
  {94708862-ff84-4753-aac3-e32abad3db94}, !- Handle
  Zone Office WholeBuilding - Sm Office C  - Story Ground PSZ-AC 1spd DX AC Clg Coil 24kBtu/hr 13.0SEER, !- Name
  {c044f5a4-4903-4e6a-9e3e-58c7d1306ff1}, !- Availability Schedule Name
  autosize,                               !- Rated Total Cooling Capacity {W}
  autosize,                               !- Rated Sensible Heat Ratio
  3.91156806861466,                       !- Rated COP {W/W}
  autosize,                               !- Rated Air Flow Rate {m3/s}
  773.3,                                  !- Rated Evaporator Fan Power Per Volume Flow Rate 2017 {W/(m3/s)}
  934.4,                                  !- Rated Evaporator Fan Power Per Volume Flow Rate 2023 {W/(m3/s)}
  ,                                       !- Air Inlet Node Name
  ,                                       !- Air Outlet Node Name
  {f9019d69-f0c5-4d9d-9bc2-7b4206e402ad}, !- Total Cooling Capacity Function of Temperature Curve Name
  {04635352-d720-4ca8-a858-0fdce72f505a}, !- Total Cooling Capacity Function of Flow Fraction Curve Name
  {d9d34d8a-37fc-4849-b6c4-c22bc6d0c7c3}, !- Energy Input Ratio Function of Temperature Curve Name
  {9813576c-4714-439e-bf0e-4b4fdf8e60f7}, !- Energy Input Ratio Function of Flow Fraction Curve Name
  {274a4c60-e32b-4e58-96ee-ecb56401f49e}, !- Part Load Fraction Correlation Curve Name
  -25,                                    !- Minimum Outdoor Dry-Bulb Temperature for Compressor Operation {C}
  0,                                      !- Nominal Time for Condensate Removal to Begin {s}
  0,                                      !- Ratio of Initial Moisture Evaporation Rate and Steady State Latent Capacity {dimensionless}
  0,                                      !- Maximum Cycling Rate {cycles/hr}
  0,                                      !- Latent Capacity Time Constant {s}
  ,                                       !- Condenser Air Inlet Node Name
  AirCooled,                              !- Condenser Type
  0.9,                                    !- Evaporative Condenser Effectiveness {dimensionless}
  autosize,                               !- Evaporative Condenser Air Flow Rate {m3/s}
  autosize,                               !- Evaporative Condenser Pump Rated Power Consumption {W}
  0,                                      !- Crankcase Heater Capacity {W}
  ,                                       !- Crankcase Heater Capacity Function of Temperature Curve Name
  10,                                     !- Maximum Outdoor Dry-Bulb Temperature for Crankcase Heater Operation {C}
  ,                                       !- Supply Water Storage Tank Name
  ,                                       !- Condensate Collection Water Storage Tank Name
  0,                                      !- Basin Heater Capacity {W/K}
  2;                                      !- Basin Heater Setpoint Temperature {C}

OS:Fan:OnOff,
  {1e3a5259-08b9-4e5c-a3af-f0959e2389db}, !- Handle
  Zone Office WholeBuilding - Sm Office C  - Story Ground PSZ-AC Fan, !- Name
  {c044f5a4-4903-4e6a-9e3e-58c7d1306ff1}, !- Availability Schedule Name
  0.55575,                                !- Fan Total Efficiency
  622.722275,                             !- Pressure Rise {Pa}
  autosize,                               !- Maximum Flow Rate {m3/s}
  0.855,                                  !- Motor Efficiency
  1,                                      !- Motor In Airstream Fraction
  ,                                       !- Air Inlet Node Name
  ,                                       !- Air Outlet Node Name
  {4943e7ba-3911-415c-bd87-1ea702e3cf2a}, !- Fan Power Ratio Function of Speed Ratio Curve Name
  {45316fb6-6f01-42f6-baa6-be34c3e3d142}, !- Fan Efficiency Ratio Function of Speed Ratio Curve Name
  ;                                       !- End-Use Subcategory

OS:Curve:Exponent,
  {4943e7ba-3911-415c-bd87-1ea702e3cf2a}, !- Handle
  Fan On Off Power Curve 4,               !- Name
  1,                                      !- Coefficient1 Constant
  0,                                      !- Coefficient2 Constant
  0,                                      !- Coefficient3 Constant
  0,                                      !- Minimum Value of x
  1,                                      !- Maximum Value of x
  ,                                       !- Minimum Curve Output
  ,                                       !- Maximum Curve Output
  ,                                       !- Input Unit Type for X
  ;                                       !- Output Unit Type

OS:Curve:Cubic,
  {45316fb6-6f01-42f6-baa6-be34c3e3d142}, !- Handle
  Fan On Off Efficiency Curve 4,          !- Name
  1,                                      !- Coefficient1 Constant
  0,                                      !- Coefficient2 x
  0,                                      !- Coefficient3 x**2
  0,                                      !- Coefficient4 x**3
  0,                                      !- Minimum Value of x
  1;                                      !- Maximum Value of x

OS:AirLoopHVAC:UnitarySystem,
  {f1f6692c-5bc8-48b1-a7e9-fc214e362697}, !- Handle
  Zone Office WholeBuilding - Sm Office C  - Story Ground PSZ-AC Unitary AC, !- Name
  Load,                                   !- Control Type
  {f19b11ca-ca9e-44f9-94f0-e848e514de1a}, !- Controlling Zone or Thermostat Location
  None,                                   !- Dehumidification Control Type
  {c044f5a4-4903-4e6a-9e3e-58c7d1306ff1}, !- Availability Schedule Name
  {fd1637a4-dcbe-4599-a527-96a03bfe8a55}, !- Air Inlet Node Name
  {7244a198-d796-40b0-9fab-a041837a1a10}, !- Air Outlet Node Name
  {1e3a5259-08b9-4e5c-a3af-f0959e2389db}, !- Supply Fan Name
  DrawThrough,                            !- Fan Placement
  {6542c4eb-d766-496c-b2f0-99492a94ac91}, !- Supply Air Fan Operating Mode Schedule Name
  {3db27246-63e1-4256-8e50-dc42c66811b9}, !- Heating Coil Name
  1,                                      !- DX Heating Coil Sizing Ratio
  {94708862-ff84-4753-aac3-e32abad3db94}, !- Cooling Coil Name
  No,                                     !- Use DOAS DX Cooling Coil
  2,                                      !- DOAS DX Cooling Coil Leaving Minimum Air Temperature {C}
  SensibleOnlyLoadControl,                !- Latent Load Control
  {c5146d6c-fdef-47ca-803f-e00e4c509643}, !- Supplemental Heating Coil Name
  SupplyAirFlowRate,                      !- Supply Air Flow Rate Method During Cooling Operation
  Autosize,                               !- Supply Air Flow Rate During Cooling Operation {m3/s}
  ,                                       !- Supply Air Flow Rate Per Floor Area During Cooling Operation {m3/s-m2}
  ,                                       !- Fraction of Autosized Design Cooling Supply Air Flow Rate
  ,                                       !- Design Supply Air Flow Rate Per Unit of Capacity During Cooling Operation {m3/s-W}
  SupplyAirFlowRate,                      !- Supply Air Flow Rate Method During Heating Operation
  Autosize,                               !- Supply Air Flow Rate During Heating Operation {m3/s}
  ,                                       !- Supply Air Flow Rate Per Floor Area during Heating Operation {m3/s-m2}
  ,                                       !- Fraction of Autosized Design Heating Supply Air Flow Rate
  ,                                       !- Design Supply Air Flow Rate Per Unit of Capacity During Heating Operation {m3/s-W}
  None,                                   !- Supply Air Flow Rate Method When No Cooling or Heating is Required
  ,                                       !- Supply Air Flow Rate When No Cooling or Heating is Required {m3/s}
  ,                                       !- Supply Air Flow Rate Per Floor Area When No Cooling or Heating is Required {m3/s-m2}
  ,                                       !- Fraction of Autosized Design Cooling Supply Air Flow Rate When No Cooling or Heating is Required
  ,                                       !- Fraction of Autosized Design Heating Supply Air Flow Rate When No Cooling or Heating is Required
  ,                                       !- Design Supply Air Flow Rate Per Unit of Capacity During Cooling Operation When No Cooling or Heating is Required {m3/s-W}
  ,                                       !- Design Supply Air Flow Rate Per Unit of Capacity During Heating Operation When No Cooling or Heating is Required {m3/s-W}
  80,                                     !- Maximum Supply Air Temperature {C}
  21,                                     !- Maximum Outdoor Dry-Bulb Temperature for Supplemental Heater Operation {C}
  ,                                       !- Outdoor Dry-Bulb Temperature Sensor Node Name
  0,                                      !- Ancilliary On-Cycle Electric Power {W}
  0;                                      !- Ancilliary Off-Cycle Electric Power {W}

OS:Connection,
  {7244a198-d796-40b0-9fab-a041837a1a10}, !- Handle
  {f1f6692c-5bc8-48b1-a7e9-fc214e362697}, !- Source Object
  7,                                      !- Outlet Port
  {2fe16ffa-77d7-4af3-b353-55a2365f406f}, !- Target Object
  2;                                      !- Inlet Port

OS:Controller:OutdoorAir,
  {54241f21-e31a-4b9c-8106-1f0fe7edba41}, !- Handle
  Zone Office WholeBuilding - Sm Office C  - Story Ground PSZ-AC OA System Controller, !- Name
  ,                                       !- Relief Air Outlet Node Name
  ,                                       !- Return Air Node Name
  ,                                       !- Mixed Air Node Name
  ,                                       !- Actuator Node Name
  autosize,                               !- Minimum Outdoor Air Flow Rate {m3/s}
  Autosize,                               !- Maximum Outdoor Air Flow Rate {m3/s}
  NoEconomizer,                           !- Economizer Control Type
  ModulateFlow,                           !- Economizer Control Action Type
  28,                                     !- Economizer Maximum Limit Dry-Bulb Temperature {C}
  64000,                                  !- Economizer Maximum Limit Enthalpy {J/kg}
  ,                                       !- Economizer Maximum Limit Dewpoint Temperature {C}
  ,                                       !- Electronic Enthalpy Limit Curve Name
  ,                                       !- Economizer Minimum Limit Dry-Bulb Temperature {C}
  LockoutWithHeating,                     !- Lockout Type
  FixedMinimum,                           !- Minimum Limit Type
  {6542c4eb-d766-496c-b2f0-99492a94ac91}, !- Minimum Outdoor Air Schedule Name
  ,                                       !- Minimum Fraction of Outdoor Air Schedule Name
  {05e1f8ba-a316-4b6a-9329-26dfb5767f8f}, !- Maximum Fraction of Outdoor Air Schedule Name
  {11a73dd4-0383-4199-9dbc-39e3db7235d6}, !- Controller Mechanical Ventilation
  ,                                       !- Time of Day Economizer Control Schedule Name
  No,                                     !- High Humidity Control
  ,                                       !- Humidistat Control Zone Name
  ,                                       !- High Humidity Outdoor Air Flow Ratio
  ,                                       !- Control High Indoor Humidity Based on Outdoor Humidity Ratio
  BypassWhenWithinEconomizerLimits,       !- Heat Recovery Bypass Control Type
  InterlockedWithMechanicalCooling;       !- Economizer Operation Staging

OS:Controller:MechanicalVentilation,
  {11a73dd4-0383-4199-9dbc-39e3db7235d6}, !- Handle
  Controller Mechanical Ventilation 5,    !- Name
  {c044f5a4-4903-4e6a-9e3e-58c7d1306ff1}, !- Availability Schedule
  ,                                       !- Demand Controlled Ventilation
  ;                                       !- System Outdoor Air Method

OS:AirLoopHVAC:OutdoorAirSystem,
  {35d68e09-2227-4e85-b8f3-e6c6d89d0dcf}, !- Handle
  Zone Office WholeBuilding - Sm Office C  - Story Ground PSZ-AC OA System, !- Name
  {54241f21-e31a-4b9c-8106-1f0fe7edba41}, !- Controller Name
  ,                                       !- Outdoor Air Equipment List Name
  ,                                       !- Availability Manager List Name
  {7ee5d44d-9ff3-4e2d-a438-2e8187e25e19}, !- Mixed Air Node Name
  {19689add-1292-4a7a-a687-2afd91fd4dbf}, !- Outdoor Air Stream Node Name
  {d0814f00-e337-4ec2-a5d8-204ac52f38fb}, !- Relief Air Stream Node Name
  {56fcd183-d592-4d60-8454-f97ea74bf703}; !- Return Air Stream Node Name

OS:Node,
  {a1f44533-0adf-4e08-baec-8628853ed9aa}, !- Handle
  Zone Office WholeBuilding - Sm Office C  - Story Ground PSZ-AC Outdoor Air Node, !- Name
  ,                                       !- Inlet Port
  {19689add-1292-4a7a-a687-2afd91fd4dbf}; !- Outlet Port

OS:Connection,
  {19689add-1292-4a7a-a687-2afd91fd4dbf}, !- Handle
  {a1f44533-0adf-4e08-baec-8628853ed9aa}, !- Source Object
  3,                                      !- Outlet Port
  {35d68e09-2227-4e85-b8f3-e6c6d89d0dcf}, !- Target Object
  6;                                      !- Inlet Port

OS:Node,
  {e924f545-85c4-485f-95a2-aa3ba55a1cb5}, !- Handle
  Zone Office WholeBuilding - Sm Office C  - Story Ground PSZ-AC Relief Air Node, !- Name
  {d0814f00-e337-4ec2-a5d8-204ac52f38fb}, !- Inlet Port
  ;                                       !- Outlet Port

OS:Connection,
  {d0814f00-e337-4ec2-a5d8-204ac52f38fb}, !- Handle
  {35d68e09-2227-4e85-b8f3-e6c6d89d0dcf}, !- Source Object
  7,                                      !- Outlet Port
  {e924f545-85c4-485f-95a2-aa3ba55a1cb5}, !- Target Object
  2;                                      !- Inlet Port

OS:Node,
  {dbd63155-6764-4452-a618-20258ef15751}, !- Handle
  Zone Office WholeBuilding - Sm Office C  - Story Ground PSZ-AC Mixed Air Node, !- Name
  {7ee5d44d-9ff3-4e2d-a438-2e8187e25e19}, !- Inlet Port
  {fd1637a4-dcbe-4599-a527-96a03bfe8a55}; !- Outlet Port

OS:Connection,
  {56fcd183-d592-4d60-8454-f97ea74bf703}, !- Handle
  {6c79df6a-bffe-4d96-b0d7-8d69c66789e9}, !- Source Object
  3,                                      !- Outlet Port
  {35d68e09-2227-4e85-b8f3-e6c6d89d0dcf}, !- Target Object
  8;                                      !- Inlet Port

OS:Connection,
  {7ee5d44d-9ff3-4e2d-a438-2e8187e25e19}, !- Handle
  {35d68e09-2227-4e85-b8f3-e6c6d89d0dcf}, !- Source Object
  5,                                      !- Outlet Port
  {dbd63155-6764-4452-a618-20258ef15751}, !- Target Object
  2;                                      !- Inlet Port

OS:Connection,
  {fd1637a4-dcbe-4599-a527-96a03bfe8a55}, !- Handle
  {dbd63155-6764-4452-a618-20258ef15751}, !- Source Object
  3,                                      !- Outlet Port
  {f1f6692c-5bc8-48b1-a7e9-fc214e362697}, !- Target Object
  6;                                      !- Inlet Port

OS:AvailabilityManager:NightCycle,
  {56e67825-abe3-422c-8efc-25d26dda0d3f}, !- Handle
  Availability Manager Night Cycle 5,     !- Name
  {c044f5a4-4903-4e6a-9e3e-58c7d1306ff1}, !- Applicability Schedule
  ,                                       !- Fan Schedule
  CycleOnAny,                             !- Control Type
  1,                                      !- Thermostat Tolerance {deltaC}
  ,                                       !- Cycling Run Time Control Type
  1800,                                   !- Cycling Run Time {s}
  {06b93a7a-ac85-478c-82bb-3d006112e0d2}, !- Control Zone or Zone List Name
  {f6897c56-ca9c-4c86-89c4-c979c5351a2a}, !- Cooling Control Zone or Zone List Name
  {285d4b9b-6593-416a-86a5-129de46bfaa7}, !- Heating Control Zone or Zone List Name
  {4681b4e2-a9ba-49b5-b9b2-687794531245}; !- Heating Zone Fans Only Zone or Zone List Name

OS:ModelObjectList,
  {06b93a7a-ac85-478c-82bb-3d006112e0d2}, !- Handle
  Availability Manager Night Cycle 5 Control Zone List; !- Name

OS:ModelObjectList,
  {f6897c56-ca9c-4c86-89c4-c979c5351a2a}, !- Handle
  Availability Manager Night Cycle 5 Cooling Control Zone List; !- Name

OS:ModelObjectList,
  {285d4b9b-6593-416a-86a5-129de46bfaa7}, !- Handle
  Availability Manager Night Cycle 5 Heating Control Zone List; !- Name

OS:ModelObjectList,
  {4681b4e2-a9ba-49b5-b9b2-687794531245}, !- Handle
  Availability Manager Night Cycle 5 Heating Zone Fans Only Zone List; !- Name

OS:AirTerminal:SingleDuct:ConstantVolume:NoReheat,
  {c2bb8399-d0a4-44c6-a28c-b3373c063849}, !- Handle
  Zone Office WholeBuilding - Sm Office C  - Story Ground PSZ-AC Diffuser, !- Name
  {c044f5a4-4903-4e6a-9e3e-58c7d1306ff1}, !- Availability Schedule Name
  {e3681545-4288-480f-b5f3-663b72441f2d}, !- Air Inlet Node Name
  {e800b4f9-07f1-4b89-9531-a33a33afe52a}, !- Air Outlet Node Name
  AutoSize;                               !- Maximum Air Flow Rate {m3/s}

OS:Node,
  {ae368a72-c569-4cef-8e69-bf77d4b3e314}, !- Handle
  Zone Office WholeBuilding - Sm Office C  - Story Ground Return Air Node, !- Name
  {5329a18e-2c13-4eea-9b8f-e1a86105cf0b}, !- Inlet Port
  {19237ed4-f5e9-4845-857a-6d483fc5b0ff}; !- Outlet Port

OS:Connection,
  {644da5df-4a82-440c-9e63-0dec6e5e1be7}, !- Handle
  {b9275729-abc2-4665-afb8-fead45765e36}, !- Source Object
  3,                                      !- Outlet Port
  {7e89d735-4f41-4fda-ad65-8f31ff99afe5}, !- Target Object
  2;                                      !- Inlet Port

OS:Connection,
  {5329a18e-2c13-4eea-9b8f-e1a86105cf0b}, !- Handle
  {c00856bb-2f67-46c4-a308-401bf3711413}, !- Source Object
  2,                                      !- Outlet Port
  {ae368a72-c569-4cef-8e69-bf77d4b3e314}, !- Target Object
  2;                                      !- Inlet Port

OS:Connection,
  {19237ed4-f5e9-4845-857a-6d483fc5b0ff}, !- Handle
  {ae368a72-c569-4cef-8e69-bf77d4b3e314}, !- Source Object
  3,                                      !- Outlet Port
  {912b2289-1850-4c10-b20e-dcfb4f4a6f58}, !- Target Object
  3;                                      !- Inlet Port

OS:Node,
  {ca272637-5595-40e6-a8f2-c87eed8a78a4}, !- Handle
  Zone Office WholeBuilding - Sm Office C  - Story Ground PSZ-AC Diffuser Inlet Air Node, !- Name
  {90b0380b-4e98-4ff3-83e4-f592cbe3146c}, !- Inlet Port
  {e3681545-4288-480f-b5f3-663b72441f2d}; !- Outlet Port

OS:Connection,
  {90b0380b-4e98-4ff3-83e4-f592cbe3146c}, !- Handle
  {7cb48a8e-9688-4c9a-bd4f-66c66b54d2ed}, !- Source Object
  3,                                      !- Outlet Port
  {ca272637-5595-40e6-a8f2-c87eed8a78a4}, !- Target Object
  2;                                      !- Inlet Port

OS:Connection,
  {e3681545-4288-480f-b5f3-663b72441f2d}, !- Handle
  {ca272637-5595-40e6-a8f2-c87eed8a78a4}, !- Source Object
  3,                                      !- Outlet Port
  {c2bb8399-d0a4-44c6-a28c-b3373c063849}, !- Target Object
  3;                                      !- Inlet Port

OS:Connection,
  {e800b4f9-07f1-4b89-9531-a33a33afe52a}, !- Handle
  {c2bb8399-d0a4-44c6-a28c-b3373c063849}, !- Source Object
  4,                                      !- Outlet Port
  {b9275729-abc2-4665-afb8-fead45765e36}, !- Target Object
  2;                                      !- Inlet Port

OS:AirLoopHVAC,
  {91398e5f-6bc0-4ac5-9e28-f55b9cf7963e}, !- Handle
  Zone Office WholeBuilding - Sm Office C end_a - Story Ground PSZ-AC, !- Name
  ,                                       !- Controller List Name
  {e9f05b11-5a72-45f5-9312-ef1e7a530237}, !- Availability Schedule
  {808afbce-ca1a-4a21-aebc-40c8a9161b21}, !- Availability Manager List Name
  autosize,                               !- Design Supply Air Flow Rate {m3/s}
  1,                                      !- Design Return Air Flow Fraction of Supply Air Flow
  ,                                       !- Branch List Name
  ,                                       !- Connector List Name
  {09882160-c69f-4a85-b327-d6a99f39907f}, !- Supply Side Inlet Node Name
  {90f98592-fb17-4b5e-8042-c69c08b5ad5f}, !- Demand Side Outlet Node Name
  {b4455f5e-199a-4b4f-9276-6d42a6a17158}, !- Demand Side Inlet Node A
  {e64e2df0-3bdf-4110-ad8a-5b27a28b43be}, !- Supply Side Outlet Node A
  ,                                       !- Demand Side Inlet Node B
  ,                                       !- Supply Side Outlet Node B
  ,                                       !- Return Air Bypass Flow Temperature Setpoint Schedule Name
  {37e4b641-36cf-4f15-a4bd-6b900357e8ec}, !- Demand Mixer Name
  {929c791a-7203-4e40-9e75-9d46d9f329df}, !- Demand Splitter A Name
  ,                                       !- Demand Splitter B Name
  ;                                       !- Supply Splitter Name

OS:Node,
  {19ef04f2-2cd6-406b-90f9-7bb42a25bd6a}, !- Handle
  Zone Office WholeBuilding - Sm Office C end_a - Story Ground PSZ-AC Supply Inlet Node, !- Name
  {09882160-c69f-4a85-b327-d6a99f39907f}, !- Inlet Port
  {6c08b906-7150-40f6-aa96-c846d388d1cf}; !- Outlet Port

OS:Node,
  {dfd99437-03e6-4f9f-9286-83d67daee357}, !- Handle
  Zone Office WholeBuilding - Sm Office C end_a - Story Ground PSZ-AC Supply Outlet Node, !- Name
  {f6a0fd83-d967-40df-b7d5-f281d0fb8737}, !- Inlet Port
  {e64e2df0-3bdf-4110-ad8a-5b27a28b43be}; !- Outlet Port

OS:Connection,
  {09882160-c69f-4a85-b327-d6a99f39907f}, !- Handle
  {91398e5f-6bc0-4ac5-9e28-f55b9cf7963e}, !- Source Object
  9,                                      !- Outlet Port
  {19ef04f2-2cd6-406b-90f9-7bb42a25bd6a}, !- Target Object
  2;                                      !- Inlet Port

OS:Connection,
  {e64e2df0-3bdf-4110-ad8a-5b27a28b43be}, !- Handle
  {dfd99437-03e6-4f9f-9286-83d67daee357}, !- Source Object
  3,                                      !- Outlet Port
  {91398e5f-6bc0-4ac5-9e28-f55b9cf7963e}, !- Target Object
  12;                                     !- Inlet Port

OS:Node,
  {6864d264-80dc-42d7-8878-9c3bd12d1ab5}, !- Handle
  Zone Office WholeBuilding - Sm Office C end_a - Story Ground PSZ-AC Demand Inlet Node, !- Name
  {b4455f5e-199a-4b4f-9276-6d42a6a17158}, !- Inlet Port
  {9eb19b25-3910-4904-a74f-6b00cbb12de6}; !- Outlet Port

OS:Node,
  {1e34429d-4093-4941-85f1-7d9cebd3ef82}, !- Handle
  Zone Office WholeBuilding - Sm Office C end_a - Story Ground PSZ-AC Demand Outlet Node, !- Name
  {6b4d6a1b-51ac-4b43-951f-f2684a3e695b}, !- Inlet Port
  {90f98592-fb17-4b5e-8042-c69c08b5ad5f}; !- Outlet Port

OS:Node,
  {a93c06e5-2d58-406c-9ce1-f3821d9fcfb4}, !- Handle
  Zone Office WholeBuilding - Sm Office C end_a - Story Ground PSZ-AC Diffuser Outlet Air Node, !- Name
  {61f52038-9f7f-402a-9636-33835bea01f4}, !- Inlet Port
  {33061992-12da-4453-b67c-2fb20e7245ce}; !- Outlet Port

OS:Connection,
  {b4455f5e-199a-4b4f-9276-6d42a6a17158}, !- Handle
  {91398e5f-6bc0-4ac5-9e28-f55b9cf7963e}, !- Source Object
  11,                                     !- Outlet Port
  {6864d264-80dc-42d7-8878-9c3bd12d1ab5}, !- Target Object
  2;                                      !- Inlet Port

OS:Connection,
  {90f98592-fb17-4b5e-8042-c69c08b5ad5f}, !- Handle
  {1e34429d-4093-4941-85f1-7d9cebd3ef82}, !- Source Object
  3,                                      !- Outlet Port
  {91398e5f-6bc0-4ac5-9e28-f55b9cf7963e}, !- Target Object
  10;                                     !- Inlet Port

OS:AirLoopHVAC:ZoneSplitter,
  {929c791a-7203-4e40-9e75-9d46d9f329df}, !- Handle
  Air Loop HVAC Zone Splitter 6,          !- Name
  {9eb19b25-3910-4904-a74f-6b00cbb12de6}, !- Inlet Node Name
  {d230e097-23e4-4120-aaa9-26ac80130cd1}; !- Outlet Node Name 1

OS:AirLoopHVAC:ZoneMixer,
  {37e4b641-36cf-4f15-a4bd-6b900357e8ec}, !- Handle
  Air Loop HVAC Zone Mixer 6,             !- Name
  {6b4d6a1b-51ac-4b43-951f-f2684a3e695b}, !- Outlet Node Name
  {b3d2762e-b950-4520-b92e-6d32bad142dc}; !- Inlet Node Name 1

OS:Connection,
  {9eb19b25-3910-4904-a74f-6b00cbb12de6}, !- Handle
  {6864d264-80dc-42d7-8878-9c3bd12d1ab5}, !- Source Object
  3,                                      !- Outlet Port
  {929c791a-7203-4e40-9e75-9d46d9f329df}, !- Target Object
  2;                                      !- Inlet Port

OS:Connection,
  {6b4d6a1b-51ac-4b43-951f-f2684a3e695b}, !- Handle
  {37e4b641-36cf-4f15-a4bd-6b900357e8ec}, !- Source Object
  2,                                      !- Outlet Port
  {1e34429d-4093-4941-85f1-7d9cebd3ef82}, !- Target Object
  2;                                      !- Inlet Port

OS:Sizing:System,
  {06ab86b8-a579-4a30-a997-1b387a8ebeb7}, !- Handle
  {91398e5f-6bc0-4ac5-9e28-f55b9cf7963e}, !- AirLoop Name
  Sensible,                               !- Type of Load to Size On
  Autosize,                               !- Design Outdoor Air Flow Rate {m3/s}
  1,                                      !- Central Heating Maximum System Air Flow Ratio
  7.22222222222229,                       !- Preheat Design Temperature {C}
  0.008,                                  !- Preheat Design Humidity Ratio {kg-H2O/kg-Air}
  12.7777777777778,                       !- Precool Design Temperature {C}
  0.008,                                  !- Precool Design Humidity Ratio {kg-H2O/kg-Air}
  12.7777777777778,                       !- Central Cooling Design Supply Air Temperature {C}
  50.0000000000001,                       !- Central Heating Design Supply Air Temperature {C}
  Coincident,                             !- Sizing Option
  No,                                     !- 100% Outdoor Air in Cooling
  No,                                     !- 100% Outdoor Air in Heating
  0.0085,                                 !- Central Cooling Design Supply Air Humidity Ratio {kg-H2O/kg-Air}
  0.008,                                  !- Central Heating Design Supply Air Humidity Ratio {kg-H2O/kg-Air}
  DesignDay,                              !- Cooling Design Air Flow Method
  ,                                       !- Cooling Design Air Flow Rate {m3/s}
  DesignDay,                              !- Heating Design Air Flow Method
  ,                                       !- Heating Design Air Flow Rate {m3/s}
  ZoneSum,                                !- System Outdoor Air Method
  1,                                      !- Zone Maximum Outdoor Air Fraction {dimensionless}
  0.0099676501,                           !- Cooling Supply Air Flow Rate Per Floor Area {m3/s-m2}
  1,                                      !- Cooling Fraction of Autosized Cooling Supply Air Flow Rate
  3.9475456e-05,                          !- Cooling Supply Air Flow Rate Per Unit Cooling Capacity {m3/s-W}
  0.0099676501,                           !- Heating Supply Air Flow Rate Per Floor Area {m3/s-m2}
  1,                                      !- Heating Fraction of Autosized Heating Supply Air Flow Rate
  1,                                      !- Heating Fraction of Autosized Cooling Supply Air Flow Rate
  3.1588213e-05,                          !- Heating Supply Air Flow Rate Per Unit Heating Capacity {m3/s-W}
  CoolingDesignCapacity,                  !- Cooling Design Capacity Method
  autosize,                               !- Cooling Design Capacity {W}
  234.7,                                  !- Cooling Design Capacity Per Floor Area {W/m2}
  1,                                      !- Fraction of Autosized Cooling Design Capacity
  HeatingDesignCapacity,                  !- Heating Design Capacity Method
  autosize,                               !- Heating Design Capacity {W}
  157,                                    !- Heating Design Capacity Per Floor Area {W/m2}
  1,                                      !- Fraction of Autosized Heating Design Capacity
  OnOff,                                  !- Central Cooling Capacity Control Method
  autosize;                               !- Occupant Diversity

OS:AvailabilityManagerAssignmentList,
  {808afbce-ca1a-4a21-aebc-40c8a9161b21}, !- Handle
  Air Loop HVAC 1 AvailabilityManagerAssignmentList 5, !- Name
  {2b0be560-33ab-4ced-aab5-d4b282fb6c3d}; !- Availability Manager Name 1

OS:SetpointManager:SingleZone:Reheat,
  {1ab431be-a816-4c6c-8d4c-27768658e9b8}, !- Handle
  Zone Office WholeBuilding - Sm Office C end_a - Story Ground Setpoint Manager SZ Reheat, !- Name
  12.7777777777778,                       !- Minimum Supply Air Temperature {C}
  50.0000000000001,                       !- Maximum Supply Air Temperature {C}
  {fe290abb-c13b-43e7-82b9-332fbf86b65f}, !- Control Zone Name
  {dfd99437-03e6-4f9f-9286-83d67daee357}; !- Setpoint Node or NodeList Name

OS:Coil:Heating:Water,
  {96c2a31f-1747-4870-8b7c-9af425c541c6}, !- Handle
  Zone Office WholeBuilding - Sm Office C end_a - Story Ground PSZ-AC Water Htg Coil, !- Name
  {c044f5a4-4903-4e6a-9e3e-58c7d1306ff1}, !- Availability Schedule Name
  ,                                       !- U-Factor Times Area Value {W/K}
  ,                                       !- Maximum Water Flow Rate {m3/s}
  {8ae1e1a7-63b0-4244-90f3-d9e2e8540af6}, !- Water Inlet Node Name
  {8e95c694-05fd-4d6c-a668-db8b67b1d8fd}, !- Water Outlet Node Name
  ,                                       !- Air Inlet Node Name
  ,                                       !- Air Outlet Node Name
  ,                                       !- Performance Input Method
  ,                                       !- Rated Capacity {W}
  82.2222222222223,                       !- Rated Inlet Water Temperature {C}
  7.22222222222229,                       !- Rated Inlet Air Temperature {C}
  71.1111111111112,                       !- Rated Outlet Water Temperature {C}
  50.0000000000001,                       !- Rated Outlet Air Temperature {C}
  ;                                       !- Rated Ratio for Air and Water Convection

OS:Node,
  {33f4d123-8bd3-4704-87b8-82dbdc1bb55f}, !- Handle
  Zone Office WholeBuilding - Sm Office C end_a - Story Ground PSZ-AC Water Htg Coil Inlet Water Node, !- Name
  {17ea358d-2c6a-49fd-bd61-9e27290f1e1f}, !- Inlet Port
  {8ae1e1a7-63b0-4244-90f3-d9e2e8540af6}; !- Outlet Port

OS:Connection,
  {17ea358d-2c6a-49fd-bd61-9e27290f1e1f}, !- Handle
  {5fdb8dec-3986-403c-8326-a5236ebf60d1}, !- Source Object
  9,                                      !- Outlet Port
  {33f4d123-8bd3-4704-87b8-82dbdc1bb55f}, !- Target Object
  2;                                      !- Inlet Port

OS:Node,
  {4f72990f-d419-4e11-93f0-4610b4a48d1f}, !- Handle
  Zone Office WholeBuilding - Sm Office C end_a - Story Ground PSZ-AC Water Htg Coil Outlet Water Node, !- Name
  {8e95c694-05fd-4d6c-a668-db8b67b1d8fd}, !- Inlet Port
  {5486e381-a845-4040-b83a-4e9dfda569db}; !- Outlet Port

OS:Connection,
  {8ae1e1a7-63b0-4244-90f3-d9e2e8540af6}, !- Handle
  {33f4d123-8bd3-4704-87b8-82dbdc1bb55f}, !- Source Object
  3,                                      !- Outlet Port
  {96c2a31f-1747-4870-8b7c-9af425c541c6}, !- Target Object
  5;                                      !- Inlet Port

OS:Connection,
  {8e95c694-05fd-4d6c-a668-db8b67b1d8fd}, !- Handle
  {96c2a31f-1747-4870-8b7c-9af425c541c6}, !- Source Object
  6,                                      !- Outlet Port
  {4f72990f-d419-4e11-93f0-4610b4a48d1f}, !- Target Object
  2;                                      !- Inlet Port

OS:Connection,
  {5486e381-a845-4040-b83a-4e9dfda569db}, !- Handle
  {4f72990f-d419-4e11-93f0-4610b4a48d1f}, !- Source Object
  3,                                      !- Outlet Port
  {0fbfeb04-f91c-417e-aa40-f15c4be23f16}, !- Target Object
  9;                                      !- Inlet Port

OS:Controller:WaterCoil,
  {a0df345b-d53c-4f1d-9a22-d507ea76366c}, !- Handle
  Zone Office WholeBuilding - Sm Office C end_a - Story Ground PSZ-AC Water Htg Coil Controller, !- Name
  {96c2a31f-1747-4870-8b7c-9af425c541c6}, !- Water Coil Name
  ,                                       !- Control Variable
  Normal,                                 !- Action
  ,                                       !- Actuator Variable
  ,                                       !- Sensor Node Name
  ,                                       !- Actuator Node Name
  0.0001,                                 !- Controller Convergence Tolerance {deltaC}
  ,                                       !- Maximum Actuated Flow {m3/s}
  0;                                      !- Minimum Actuated Flow {m3/s}

OS:Coil:Heating:Electric,
  {2168b4e5-fb90-446f-a6e4-602a7bb8e668}, !- Handle
  Zone Office WholeBuilding - Sm Office C end_a - Story Ground PSZ-AC Electric Backup Htg Coil, !- Name
  {c044f5a4-4903-4e6a-9e3e-58c7d1306ff1}, !- Availability Schedule Name
  1,                                      !- Efficiency
  ,                                       !- Nominal Capacity {W}
  ,                                       !- Air Inlet Node Name
  ;                                       !- Air Outlet Node Name

OS:Coil:Cooling:DX:SingleSpeed,
  {0ed1424a-a954-4f01-b13d-571bd4a7a4ee}, !- Handle
  Zone Office WholeBuilding - Sm Office C end_a - Story Ground PSZ-AC 1spd DX AC Clg Coil 6kBtu/hr 13.0SEER, !- Name
  {c044f5a4-4903-4e6a-9e3e-58c7d1306ff1}, !- Availability Schedule Name
  autosize,                               !- Rated Total Cooling Capacity {W}
  autosize,                               !- Rated Sensible Heat Ratio
  3.91156806861466,                       !- Rated COP {W/W}
  autosize,                               !- Rated Air Flow Rate {m3/s}
  773.3,                                  !- Rated Evaporator Fan Power Per Volume Flow Rate 2017 {W/(m3/s)}
  934.4,                                  !- Rated Evaporator Fan Power Per Volume Flow Rate 2023 {W/(m3/s)}
  ,                                       !- Air Inlet Node Name
  ,                                       !- Air Outlet Node Name
  {f9019d69-f0c5-4d9d-9bc2-7b4206e402ad}, !- Total Cooling Capacity Function of Temperature Curve Name
  {04635352-d720-4ca8-a858-0fdce72f505a}, !- Total Cooling Capacity Function of Flow Fraction Curve Name
  {d9d34d8a-37fc-4849-b6c4-c22bc6d0c7c3}, !- Energy Input Ratio Function of Temperature Curve Name
  {9813576c-4714-439e-bf0e-4b4fdf8e60f7}, !- Energy Input Ratio Function of Flow Fraction Curve Name
  {274a4c60-e32b-4e58-96ee-ecb56401f49e}, !- Part Load Fraction Correlation Curve Name
  -25,                                    !- Minimum Outdoor Dry-Bulb Temperature for Compressor Operation {C}
  0,                                      !- Nominal Time for Condensate Removal to Begin {s}
  0,                                      !- Ratio of Initial Moisture Evaporation Rate and Steady State Latent Capacity {dimensionless}
  0,                                      !- Maximum Cycling Rate {cycles/hr}
  0,                                      !- Latent Capacity Time Constant {s}
  ,                                       !- Condenser Air Inlet Node Name
  AirCooled,                              !- Condenser Type
  0.9,                                    !- Evaporative Condenser Effectiveness {dimensionless}
  autosize,                               !- Evaporative Condenser Air Flow Rate {m3/s}
  autosize,                               !- Evaporative Condenser Pump Rated Power Consumption {W}
  0,                                      !- Crankcase Heater Capacity {W}
  ,                                       !- Crankcase Heater Capacity Function of Temperature Curve Name
  10,                                     !- Maximum Outdoor Dry-Bulb Temperature for Crankcase Heater Operation {C}
  ,                                       !- Supply Water Storage Tank Name
  ,                                       !- Condensate Collection Water Storage Tank Name
  0,                                      !- Basin Heater Capacity {W/K}
  2;                                      !- Basin Heater Setpoint Temperature {C}

OS:Fan:OnOff,
  {de749ffe-1bf0-485c-81ce-ba0db0ef51d4}, !- Handle
  Zone Office WholeBuilding - Sm Office C end_a - Story Ground PSZ-AC Fan, !- Name
  {c044f5a4-4903-4e6a-9e3e-58c7d1306ff1}, !- Availability Schedule Name
  0.55575,                                !- Fan Total Efficiency
  622.722275,                             !- Pressure Rise {Pa}
  autosize,                               !- Maximum Flow Rate {m3/s}
  0.855,                                  !- Motor Efficiency
  1,                                      !- Motor In Airstream Fraction
  ,                                       !- Air Inlet Node Name
  ,                                       !- Air Outlet Node Name
  {3c450bb7-8eef-463b-a59f-21a78b9601cd}, !- Fan Power Ratio Function of Speed Ratio Curve Name
  {b72071d5-1894-4e12-b8ea-d172688634fc}, !- Fan Efficiency Ratio Function of Speed Ratio Curve Name
  ;                                       !- End-Use Subcategory

OS:Curve:Exponent,
  {3c450bb7-8eef-463b-a59f-21a78b9601cd}, !- Handle
  Fan On Off Power Curve 5,               !- Name
  1,                                      !- Coefficient1 Constant
  0,                                      !- Coefficient2 Constant
  0,                                      !- Coefficient3 Constant
  0,                                      !- Minimum Value of x
  1,                                      !- Maximum Value of x
  ,                                       !- Minimum Curve Output
  ,                                       !- Maximum Curve Output
  ,                                       !- Input Unit Type for X
  ;                                       !- Output Unit Type

OS:Curve:Cubic,
  {b72071d5-1894-4e12-b8ea-d172688634fc}, !- Handle
  Fan On Off Efficiency Curve 5,          !- Name
  1,                                      !- Coefficient1 Constant
  0,                                      !- Coefficient2 x
  0,                                      !- Coefficient3 x**2
  0,                                      !- Coefficient4 x**3
  0,                                      !- Minimum Value of x
  1;                                      !- Maximum Value of x

OS:AirLoopHVAC:UnitarySystem,
  {75033d79-8ad8-46c9-9905-f657f1f3ee2c}, !- Handle
  Zone Office WholeBuilding - Sm Office C end_a - Story Ground PSZ-AC Unitary AC, !- Name
  Load,                                   !- Control Type
  {fe290abb-c13b-43e7-82b9-332fbf86b65f}, !- Controlling Zone or Thermostat Location
  None,                                   !- Dehumidification Control Type
  {c044f5a4-4903-4e6a-9e3e-58c7d1306ff1}, !- Availability Schedule Name
  {efad465c-dfac-41a3-94ea-d7b63fe48d8c}, !- Air Inlet Node Name
  {f6a0fd83-d967-40df-b7d5-f281d0fb8737}, !- Air Outlet Node Name
  {de749ffe-1bf0-485c-81ce-ba0db0ef51d4}, !- Supply Fan Name
  DrawThrough,                            !- Fan Placement
  {e9f05b11-5a72-45f5-9312-ef1e7a530237}, !- Supply Air Fan Operating Mode Schedule Name
  {96c2a31f-1747-4870-8b7c-9af425c541c6}, !- Heating Coil Name
  1,                                      !- DX Heating Coil Sizing Ratio
  {0ed1424a-a954-4f01-b13d-571bd4a7a4ee}, !- Cooling Coil Name
  No,                                     !- Use DOAS DX Cooling Coil
  2,                                      !- DOAS DX Cooling Coil Leaving Minimum Air Temperature {C}
  SensibleOnlyLoadControl,                !- Latent Load Control
  {2168b4e5-fb90-446f-a6e4-602a7bb8e668}, !- Supplemental Heating Coil Name
  SupplyAirFlowRate,                      !- Supply Air Flow Rate Method During Cooling Operation
  Autosize,                               !- Supply Air Flow Rate During Cooling Operation {m3/s}
  ,                                       !- Supply Air Flow Rate Per Floor Area During Cooling Operation {m3/s-m2}
  ,                                       !- Fraction of Autosized Design Cooling Supply Air Flow Rate
  ,                                       !- Design Supply Air Flow Rate Per Unit of Capacity During Cooling Operation {m3/s-W}
  SupplyAirFlowRate,                      !- Supply Air Flow Rate Method During Heating Operation
  Autosize,                               !- Supply Air Flow Rate During Heating Operation {m3/s}
  ,                                       !- Supply Air Flow Rate Per Floor Area during Heating Operation {m3/s-m2}
  ,                                       !- Fraction of Autosized Design Heating Supply Air Flow Rate
  ,                                       !- Design Supply Air Flow Rate Per Unit of Capacity During Heating Operation {m3/s-W}
  None,                                   !- Supply Air Flow Rate Method When No Cooling or Heating is Required
  ,                                       !- Supply Air Flow Rate When No Cooling or Heating is Required {m3/s}
  ,                                       !- Supply Air Flow Rate Per Floor Area When No Cooling or Heating is Required {m3/s-m2}
  ,                                       !- Fraction of Autosized Design Cooling Supply Air Flow Rate When No Cooling or Heating is Required
  ,                                       !- Fraction of Autosized Design Heating Supply Air Flow Rate When No Cooling or Heating is Required
  ,                                       !- Design Supply Air Flow Rate Per Unit of Capacity During Cooling Operation When No Cooling or Heating is Required {m3/s-W}
  ,                                       !- Design Supply Air Flow Rate Per Unit of Capacity During Heating Operation When No Cooling or Heating is Required {m3/s-W}
  80,                                     !- Maximum Supply Air Temperature {C}
  21,                                     !- Maximum Outdoor Dry-Bulb Temperature for Supplemental Heater Operation {C}
  ,                                       !- Outdoor Dry-Bulb Temperature Sensor Node Name
  0,                                      !- Ancilliary On-Cycle Electric Power {W}
  0;                                      !- Ancilliary Off-Cycle Electric Power {W}

OS:Connection,
  {f6a0fd83-d967-40df-b7d5-f281d0fb8737}, !- Handle
  {75033d79-8ad8-46c9-9905-f657f1f3ee2c}, !- Source Object
  7,                                      !- Outlet Port
  {dfd99437-03e6-4f9f-9286-83d67daee357}, !- Target Object
  2;                                      !- Inlet Port

OS:Controller:OutdoorAir,
  {21e170e1-6bd8-4d25-a820-680d4bd3c1b0}, !- Handle
  Zone Office WholeBuilding - Sm Office C end_a - Story Ground PSZ-AC OA System Controller, !- Name
  ,                                       !- Relief Air Outlet Node Name
  ,                                       !- Return Air Node Name
  ,                                       !- Mixed Air Node Name
  ,                                       !- Actuator Node Name
  autosize,                               !- Minimum Outdoor Air Flow Rate {m3/s}
  Autosize,                               !- Maximum Outdoor Air Flow Rate {m3/s}
  NoEconomizer,                           !- Economizer Control Type
  ModulateFlow,                           !- Economizer Control Action Type
  28,                                     !- Economizer Maximum Limit Dry-Bulb Temperature {C}
  64000,                                  !- Economizer Maximum Limit Enthalpy {J/kg}
  ,                                       !- Economizer Maximum Limit Dewpoint Temperature {C}
  ,                                       !- Electronic Enthalpy Limit Curve Name
  ,                                       !- Economizer Minimum Limit Dry-Bulb Temperature {C}
  LockoutWithHeating,                     !- Lockout Type
  FixedMinimum,                           !- Minimum Limit Type
  {e9f05b11-5a72-45f5-9312-ef1e7a530237}, !- Minimum Outdoor Air Schedule Name
  ,                                       !- Minimum Fraction of Outdoor Air Schedule Name
  {7a828736-ad96-4665-a466-9e1bb67ebab1}, !- Maximum Fraction of Outdoor Air Schedule Name
  {881f0992-d719-4c77-b7a4-4c6c12cd0081}, !- Controller Mechanical Ventilation
  ,                                       !- Time of Day Economizer Control Schedule Name
  No,                                     !- High Humidity Control
  ,                                       !- Humidistat Control Zone Name
  ,                                       !- High Humidity Outdoor Air Flow Ratio
  ,                                       !- Control High Indoor Humidity Based on Outdoor Humidity Ratio
  BypassWhenWithinEconomizerLimits,       !- Heat Recovery Bypass Control Type
  InterlockedWithMechanicalCooling;       !- Economizer Operation Staging

OS:Controller:MechanicalVentilation,
  {881f0992-d719-4c77-b7a4-4c6c12cd0081}, !- Handle
  Controller Mechanical Ventilation 6,    !- Name
  {c044f5a4-4903-4e6a-9e3e-58c7d1306ff1}, !- Availability Schedule
  ,                                       !- Demand Controlled Ventilation
  ;                                       !- System Outdoor Air Method

OS:AirLoopHVAC:OutdoorAirSystem,
  {1ea7293d-71a9-4fa6-a374-72db632fa246}, !- Handle
  Zone Office WholeBuilding - Sm Office C end_a - Story Ground PSZ-AC OA System, !- Name
  {21e170e1-6bd8-4d25-a820-680d4bd3c1b0}, !- Controller Name
  ,                                       !- Outdoor Air Equipment List Name
  ,                                       !- Availability Manager List Name
  {f34013f8-f75a-4e37-b210-a9190b0e5c66}, !- Mixed Air Node Name
  {c3d4e1e0-bd6d-49ae-8b32-20ffe1e9a815}, !- Outdoor Air Stream Node Name
  {c4e078a3-e3b8-4089-8904-90ac405f07b1}, !- Relief Air Stream Node Name
  {6c08b906-7150-40f6-aa96-c846d388d1cf}; !- Return Air Stream Node Name

OS:Node,
  {36043b10-71c1-4bb8-bc96-19ab9eaf02a1}, !- Handle
  Zone Office WholeBuilding - Sm Office C end_a - Story Ground PSZ-AC Outdoor Air Node, !- Name
  ,                                       !- Inlet Port
  {c3d4e1e0-bd6d-49ae-8b32-20ffe1e9a815}; !- Outlet Port

OS:Connection,
  {c3d4e1e0-bd6d-49ae-8b32-20ffe1e9a815}, !- Handle
  {36043b10-71c1-4bb8-bc96-19ab9eaf02a1}, !- Source Object
  3,                                      !- Outlet Port
  {1ea7293d-71a9-4fa6-a374-72db632fa246}, !- Target Object
  6;                                      !- Inlet Port

OS:Node,
  {41be2a66-996b-4337-9ef9-ef5992894c8f}, !- Handle
  Zone Office WholeBuilding - Sm Office C end_a - Story Ground PSZ-AC Relief Air Node, !- Name
  {c4e078a3-e3b8-4089-8904-90ac405f07b1}, !- Inlet Port
  ;                                       !- Outlet Port

OS:Connection,
  {c4e078a3-e3b8-4089-8904-90ac405f07b1}, !- Handle
  {1ea7293d-71a9-4fa6-a374-72db632fa246}, !- Source Object
  7,                                      !- Outlet Port
  {41be2a66-996b-4337-9ef9-ef5992894c8f}, !- Target Object
  2;                                      !- Inlet Port

OS:Node,
  {deea58e0-569b-4e20-b65d-5467fa21dc63}, !- Handle
  Zone Office WholeBuilding - Sm Office C end_a - Story Ground PSZ-AC Mixed Air Node, !- Name
  {f34013f8-f75a-4e37-b210-a9190b0e5c66}, !- Inlet Port
  {efad465c-dfac-41a3-94ea-d7b63fe48d8c}; !- Outlet Port

OS:Connection,
  {6c08b906-7150-40f6-aa96-c846d388d1cf}, !- Handle
  {19ef04f2-2cd6-406b-90f9-7bb42a25bd6a}, !- Source Object
  3,                                      !- Outlet Port
  {1ea7293d-71a9-4fa6-a374-72db632fa246}, !- Target Object
  8;                                      !- Inlet Port

OS:Connection,
  {f34013f8-f75a-4e37-b210-a9190b0e5c66}, !- Handle
  {1ea7293d-71a9-4fa6-a374-72db632fa246}, !- Source Object
  5,                                      !- Outlet Port
  {deea58e0-569b-4e20-b65d-5467fa21dc63}, !- Target Object
  2;                                      !- Inlet Port

OS:Connection,
  {efad465c-dfac-41a3-94ea-d7b63fe48d8c}, !- Handle
  {deea58e0-569b-4e20-b65d-5467fa21dc63}, !- Source Object
  3,                                      !- Outlet Port
  {75033d79-8ad8-46c9-9905-f657f1f3ee2c}, !- Target Object
  6;                                      !- Inlet Port

OS:AvailabilityManager:NightCycle,
  {2b0be560-33ab-4ced-aab5-d4b282fb6c3d}, !- Handle
  Availability Manager Night Cycle 6,     !- Name
  {c044f5a4-4903-4e6a-9e3e-58c7d1306ff1}, !- Applicability Schedule
  ,                                       !- Fan Schedule
  CycleOnAny,                             !- Control Type
  1,                                      !- Thermostat Tolerance {deltaC}
  ,                                       !- Cycling Run Time Control Type
  1800,                                   !- Cycling Run Time {s}
  {93ddaa80-3dac-4f03-9bad-f5e73247379b}, !- Control Zone or Zone List Name
  {cc7d0831-75c1-4d6b-be67-7835b515bf17}, !- Cooling Control Zone or Zone List Name
  {c02a4612-ffea-41f9-8a4a-0b966fb88980}, !- Heating Control Zone or Zone List Name
  {6c62ef2e-a205-4181-96cd-3f9a0f5629c0}; !- Heating Zone Fans Only Zone or Zone List Name

OS:ModelObjectList,
  {93ddaa80-3dac-4f03-9bad-f5e73247379b}, !- Handle
  Availability Manager Night Cycle 6 Control Zone List; !- Name

OS:ModelObjectList,
  {cc7d0831-75c1-4d6b-be67-7835b515bf17}, !- Handle
  Availability Manager Night Cycle 6 Cooling Control Zone List; !- Name

OS:ModelObjectList,
  {c02a4612-ffea-41f9-8a4a-0b966fb88980}, !- Handle
  Availability Manager Night Cycle 6 Heating Control Zone List; !- Name

OS:ModelObjectList,
  {6c62ef2e-a205-4181-96cd-3f9a0f5629c0}, !- Handle
  Availability Manager Night Cycle 6 Heating Zone Fans Only Zone List; !- Name

OS:AirTerminal:SingleDuct:ConstantVolume:NoReheat,
  {59fd91dc-1f98-47a7-8878-1e7cbc832af7}, !- Handle
  Zone Office WholeBuilding - Sm Office C end_a - Story Ground PSZ-AC Diffuser, !- Name
  {c044f5a4-4903-4e6a-9e3e-58c7d1306ff1}, !- Availability Schedule Name
  {341e9bb5-7986-4b48-9105-fcb42190c633}, !- Air Inlet Node Name
  {61f52038-9f7f-402a-9636-33835bea01f4}, !- Air Outlet Node Name
  AutoSize;                               !- Maximum Air Flow Rate {m3/s}

OS:Node,
  {2295b15f-a96c-4846-bb25-4515edc7846e}, !- Handle
  Zone Office WholeBuilding - Sm Office C end_a - Story Ground Return Air Node, !- Name
  {67c80c4e-f905-459c-b6ba-8bc82389f74f}, !- Inlet Port
  {b3d2762e-b950-4520-b92e-6d32bad142dc}; !- Outlet Port

OS:Connection,
  {33061992-12da-4453-b67c-2fb20e7245ce}, !- Handle
  {a93c06e5-2d58-406c-9ce1-f3821d9fcfb4}, !- Source Object
  3,                                      !- Outlet Port
  {5f4973b2-1a95-418d-b378-d5d8053b758c}, !- Target Object
  2;                                      !- Inlet Port

OS:Connection,
  {67c80c4e-f905-459c-b6ba-8bc82389f74f}, !- Handle
  {a3fcb06c-361d-4d36-90d2-d56751cc00f6}, !- Source Object
  2,                                      !- Outlet Port
  {2295b15f-a96c-4846-bb25-4515edc7846e}, !- Target Object
  2;                                      !- Inlet Port

OS:Connection,
  {b3d2762e-b950-4520-b92e-6d32bad142dc}, !- Handle
  {2295b15f-a96c-4846-bb25-4515edc7846e}, !- Source Object
  3,                                      !- Outlet Port
  {37e4b641-36cf-4f15-a4bd-6b900357e8ec}, !- Target Object
  3;                                      !- Inlet Port

OS:Node,
  {f9563188-0b9c-49c7-8717-611a2dea3ec5}, !- Handle
  Zone Office WholeBuilding - Sm Office C end_a - Story Ground PSZ-AC Diffuser Inlet Air Node, !- Name
  {d230e097-23e4-4120-aaa9-26ac80130cd1}, !- Inlet Port
  {341e9bb5-7986-4b48-9105-fcb42190c633}; !- Outlet Port

OS:Connection,
  {d230e097-23e4-4120-aaa9-26ac80130cd1}, !- Handle
  {929c791a-7203-4e40-9e75-9d46d9f329df}, !- Source Object
  3,                                      !- Outlet Port
  {f9563188-0b9c-49c7-8717-611a2dea3ec5}, !- Target Object
  2;                                      !- Inlet Port

OS:Connection,
  {341e9bb5-7986-4b48-9105-fcb42190c633}, !- Handle
  {f9563188-0b9c-49c7-8717-611a2dea3ec5}, !- Source Object
  3,                                      !- Outlet Port
  {59fd91dc-1f98-47a7-8878-1e7cbc832af7}, !- Target Object
  3;                                      !- Inlet Port

OS:Connection,
  {61f52038-9f7f-402a-9636-33835bea01f4}, !- Handle
  {59fd91dc-1f98-47a7-8878-1e7cbc832af7}, !- Source Object
  4,                                      !- Outlet Port
  {a93c06e5-2d58-406c-9ce1-f3821d9fcfb4}, !- Target Object
  2;                                      !- Inlet Port

OS:AirLoopHVAC,
  {8a8654a4-4821-4ae7-9c25-b564f9922a8d}, !- Handle
  Zone Office WholeBuilding - Sm Office C end_b - Story Ground PSZ-AC, !- Name
  ,                                       !- Controller List Name
  {b067a2c3-1447-40ab-b1a1-6bf4648ec0f0}, !- Availability Schedule
  {5dab89b4-203a-43d7-bec0-0ed6d204ab71}, !- Availability Manager List Name
  autosize,                               !- Design Supply Air Flow Rate {m3/s}
  1,                                      !- Design Return Air Flow Fraction of Supply Air Flow
  ,                                       !- Branch List Name
  ,                                       !- Connector List Name
  {6c2b5a97-da23-439a-ba36-ac660845cf88}, !- Supply Side Inlet Node Name
  {f4bd4ac4-5b1d-4bd5-97f7-71dbcd262674}, !- Demand Side Outlet Node Name
  {1661f714-c305-4698-bffa-50af79753fe5}, !- Demand Side Inlet Node A
  {7257211e-db32-4a8b-ada4-1fa76c9cb580}, !- Supply Side Outlet Node A
  ,                                       !- Demand Side Inlet Node B
  ,                                       !- Supply Side Outlet Node B
  ,                                       !- Return Air Bypass Flow Temperature Setpoint Schedule Name
  {586729af-83a8-4162-b9fa-3041b62bb48b}, !- Demand Mixer Name
  {64e37dcf-6246-4456-bf43-4f889c98722e}, !- Demand Splitter A Name
  ,                                       !- Demand Splitter B Name
  ;                                       !- Supply Splitter Name

OS:Node,
  {f77bcdad-6eed-4992-98e3-50ada27bf59e}, !- Handle
  Zone Office WholeBuilding - Sm Office C end_b - Story Ground PSZ-AC Supply Inlet Node, !- Name
  {6c2b5a97-da23-439a-ba36-ac660845cf88}, !- Inlet Port
  {1ffdfbf0-9692-4894-af54-43dcf273c408}; !- Outlet Port

OS:Node,
  {f4254773-406d-4322-a5be-e850d5bbdad6}, !- Handle
  Zone Office WholeBuilding - Sm Office C end_b - Story Ground PSZ-AC Supply Outlet Node, !- Name
  {e9829161-69a1-424d-bc7d-36634cbeefb6}, !- Inlet Port
  {7257211e-db32-4a8b-ada4-1fa76c9cb580}; !- Outlet Port

OS:Connection,
  {6c2b5a97-da23-439a-ba36-ac660845cf88}, !- Handle
  {8a8654a4-4821-4ae7-9c25-b564f9922a8d}, !- Source Object
  9,                                      !- Outlet Port
  {f77bcdad-6eed-4992-98e3-50ada27bf59e}, !- Target Object
  2;                                      !- Inlet Port

OS:Connection,
  {7257211e-db32-4a8b-ada4-1fa76c9cb580}, !- Handle
  {f4254773-406d-4322-a5be-e850d5bbdad6}, !- Source Object
  3,                                      !- Outlet Port
  {8a8654a4-4821-4ae7-9c25-b564f9922a8d}, !- Target Object
  12;                                     !- Inlet Port

OS:Node,
  {30702774-a1b0-4fa2-9391-cd200d3327c3}, !- Handle
  Zone Office WholeBuilding - Sm Office C end_b - Story Ground PSZ-AC Demand Inlet Node, !- Name
  {1661f714-c305-4698-bffa-50af79753fe5}, !- Inlet Port
  {3f248fe7-6690-458f-bbd0-166329816081}; !- Outlet Port

OS:Node,
  {ee9c77aa-af68-4e1b-bf52-92e7fb6edd56}, !- Handle
  Zone Office WholeBuilding - Sm Office C end_b - Story Ground PSZ-AC Demand Outlet Node, !- Name
  {08e0d130-4d49-4c3c-ba71-50a0dffc4f56}, !- Inlet Port
  {f4bd4ac4-5b1d-4bd5-97f7-71dbcd262674}; !- Outlet Port

OS:Node,
  {92b29132-bf86-4333-b21f-b9c681755312}, !- Handle
  Zone Office WholeBuilding - Sm Office C end_b - Story Ground PSZ-AC Diffuser Outlet Air Node, !- Name
  {265eef4f-df41-4524-b1a5-c9ccdbe3c0b9}, !- Inlet Port
  {6f51ce35-468f-45d3-a332-9453a088e8fb}; !- Outlet Port

OS:Connection,
  {1661f714-c305-4698-bffa-50af79753fe5}, !- Handle
  {8a8654a4-4821-4ae7-9c25-b564f9922a8d}, !- Source Object
  11,                                     !- Outlet Port
  {30702774-a1b0-4fa2-9391-cd200d3327c3}, !- Target Object
  2;                                      !- Inlet Port

OS:Connection,
  {f4bd4ac4-5b1d-4bd5-97f7-71dbcd262674}, !- Handle
  {ee9c77aa-af68-4e1b-bf52-92e7fb6edd56}, !- Source Object
  3,                                      !- Outlet Port
  {8a8654a4-4821-4ae7-9c25-b564f9922a8d}, !- Target Object
  10;                                     !- Inlet Port

OS:AirLoopHVAC:ZoneSplitter,
  {64e37dcf-6246-4456-bf43-4f889c98722e}, !- Handle
  Air Loop HVAC Zone Splitter 7,          !- Name
  {3f248fe7-6690-458f-bbd0-166329816081}, !- Inlet Node Name
  {a08c463d-4d71-4d7a-9f0d-a5efc517d477}; !- Outlet Node Name 1

OS:AirLoopHVAC:ZoneMixer,
  {586729af-83a8-4162-b9fa-3041b62bb48b}, !- Handle
  Air Loop HVAC Zone Mixer 7,             !- Name
  {08e0d130-4d49-4c3c-ba71-50a0dffc4f56}, !- Outlet Node Name
  {f20e0f71-ba2c-4c91-8196-f5a1d8e79083}; !- Inlet Node Name 1

OS:Connection,
  {3f248fe7-6690-458f-bbd0-166329816081}, !- Handle
  {30702774-a1b0-4fa2-9391-cd200d3327c3}, !- Source Object
  3,                                      !- Outlet Port
  {64e37dcf-6246-4456-bf43-4f889c98722e}, !- Target Object
  2;                                      !- Inlet Port

OS:Connection,
  {08e0d130-4d49-4c3c-ba71-50a0dffc4f56}, !- Handle
  {586729af-83a8-4162-b9fa-3041b62bb48b}, !- Source Object
  2,                                      !- Outlet Port
  {ee9c77aa-af68-4e1b-bf52-92e7fb6edd56}, !- Target Object
  2;                                      !- Inlet Port

OS:Sizing:System,
  {3477515d-6a44-4f19-9632-4aa1adf6e622}, !- Handle
  {8a8654a4-4821-4ae7-9c25-b564f9922a8d}, !- AirLoop Name
  Sensible,                               !- Type of Load to Size On
  Autosize,                               !- Design Outdoor Air Flow Rate {m3/s}
  1,                                      !- Central Heating Maximum System Air Flow Ratio
  7.22222222222229,                       !- Preheat Design Temperature {C}
  0.008,                                  !- Preheat Design Humidity Ratio {kg-H2O/kg-Air}
  12.7777777777778,                       !- Precool Design Temperature {C}
  0.008,                                  !- Precool Design Humidity Ratio {kg-H2O/kg-Air}
  12.7777777777778,                       !- Central Cooling Design Supply Air Temperature {C}
  50.0000000000001,                       !- Central Heating Design Supply Air Temperature {C}
  Coincident,                             !- Sizing Option
  No,                                     !- 100% Outdoor Air in Cooling
  No,                                     !- 100% Outdoor Air in Heating
  0.0085,                                 !- Central Cooling Design Supply Air Humidity Ratio {kg-H2O/kg-Air}
  0.008,                                  !- Central Heating Design Supply Air Humidity Ratio {kg-H2O/kg-Air}
  DesignDay,                              !- Cooling Design Air Flow Method
  ,                                       !- Cooling Design Air Flow Rate {m3/s}
  DesignDay,                              !- Heating Design Air Flow Method
  ,                                       !- Heating Design Air Flow Rate {m3/s}
  ZoneSum,                                !- System Outdoor Air Method
  1,                                      !- Zone Maximum Outdoor Air Fraction {dimensionless}
  0.0099676501,                           !- Cooling Supply Air Flow Rate Per Floor Area {m3/s-m2}
  1,                                      !- Cooling Fraction of Autosized Cooling Supply Air Flow Rate
  3.9475456e-05,                          !- Cooling Supply Air Flow Rate Per Unit Cooling Capacity {m3/s-W}
  0.0099676501,                           !- Heating Supply Air Flow Rate Per Floor Area {m3/s-m2}
  1,                                      !- Heating Fraction of Autosized Heating Supply Air Flow Rate
  1,                                      !- Heating Fraction of Autosized Cooling Supply Air Flow Rate
  3.1588213e-05,                          !- Heating Supply Air Flow Rate Per Unit Heating Capacity {m3/s-W}
  CoolingDesignCapacity,                  !- Cooling Design Capacity Method
  autosize,                               !- Cooling Design Capacity {W}
  234.7,                                  !- Cooling Design Capacity Per Floor Area {W/m2}
  1,                                      !- Fraction of Autosized Cooling Design Capacity
  HeatingDesignCapacity,                  !- Heating Design Capacity Method
  autosize,                               !- Heating Design Capacity {W}
  157,                                    !- Heating Design Capacity Per Floor Area {W/m2}
  1,                                      !- Fraction of Autosized Heating Design Capacity
  OnOff,                                  !- Central Cooling Capacity Control Method
  autosize;                               !- Occupant Diversity

OS:AvailabilityManagerAssignmentList,
  {5dab89b4-203a-43d7-bec0-0ed6d204ab71}, !- Handle
  Air Loop HVAC 1 AvailabilityManagerAssignmentList 6, !- Name
  {a3280e9f-a080-43f0-93d7-c99cbc41527d}; !- Availability Manager Name 1

OS:SetpointManager:SingleZone:Reheat,
  {9fea823e-090a-470d-995f-767133e4f54b}, !- Handle
  Zone Office WholeBuilding - Sm Office C end_b - Story Ground Setpoint Manager SZ Reheat, !- Name
  12.7777777777778,                       !- Minimum Supply Air Temperature {C}
  50.0000000000001,                       !- Maximum Supply Air Temperature {C}
  {11a1480e-e179-4a8f-b843-db8a1e3b4b2c}, !- Control Zone Name
  {f4254773-406d-4322-a5be-e850d5bbdad6}; !- Setpoint Node or NodeList Name

OS:Coil:Heating:Water,
  {d4604a09-7338-42e5-825b-49bc6418b809}, !- Handle
  Zone Office WholeBuilding - Sm Office C end_b - Story Ground PSZ-AC Water Htg Coil, !- Name
  {c044f5a4-4903-4e6a-9e3e-58c7d1306ff1}, !- Availability Schedule Name
  ,                                       !- U-Factor Times Area Value {W/K}
  ,                                       !- Maximum Water Flow Rate {m3/s}
  {4022d424-5b56-4745-8f95-62754e3c7ead}, !- Water Inlet Node Name
  {cd259a84-0c50-4dc0-8ca5-90f70f296efa}, !- Water Outlet Node Name
  ,                                       !- Air Inlet Node Name
  ,                                       !- Air Outlet Node Name
  ,                                       !- Performance Input Method
  ,                                       !- Rated Capacity {W}
  82.2222222222223,                       !- Rated Inlet Water Temperature {C}
  7.22222222222229,                       !- Rated Inlet Air Temperature {C}
  71.1111111111112,                       !- Rated Outlet Water Temperature {C}
  50.0000000000001,                       !- Rated Outlet Air Temperature {C}
  ;                                       !- Rated Ratio for Air and Water Convection

OS:Node,
  {ab5138e6-1969-4e6e-8f3b-a2ea51794690}, !- Handle
  Zone Office WholeBuilding - Sm Office C end_b - Story Ground PSZ-AC Water Htg Coil Inlet Water Node, !- Name
  {8e9ae9d3-37a3-4475-83f0-bfcbaed5eade}, !- Inlet Port
  {4022d424-5b56-4745-8f95-62754e3c7ead}; !- Outlet Port

OS:Connection,
  {8e9ae9d3-37a3-4475-83f0-bfcbaed5eade}, !- Handle
  {5fdb8dec-3986-403c-8326-a5236ebf60d1}, !- Source Object
  10,                                     !- Outlet Port
  {ab5138e6-1969-4e6e-8f3b-a2ea51794690}, !- Target Object
  2;                                      !- Inlet Port

OS:Node,
  {e21c9d84-bda7-42cd-8424-e5f5e65a7cea}, !- Handle
  Zone Office WholeBuilding - Sm Office C end_b - Story Ground PSZ-AC Water Htg Coil Outlet Water Node, !- Name
  {cd259a84-0c50-4dc0-8ca5-90f70f296efa}, !- Inlet Port
  {f612d9a8-5078-4fd2-b9b0-7180c8b25993}; !- Outlet Port

OS:Connection,
  {4022d424-5b56-4745-8f95-62754e3c7ead}, !- Handle
  {ab5138e6-1969-4e6e-8f3b-a2ea51794690}, !- Source Object
  3,                                      !- Outlet Port
  {d4604a09-7338-42e5-825b-49bc6418b809}, !- Target Object
  5;                                      !- Inlet Port

OS:Connection,
  {cd259a84-0c50-4dc0-8ca5-90f70f296efa}, !- Handle
  {d4604a09-7338-42e5-825b-49bc6418b809}, !- Source Object
  6,                                      !- Outlet Port
  {e21c9d84-bda7-42cd-8424-e5f5e65a7cea}, !- Target Object
  2;                                      !- Inlet Port

OS:Connection,
  {f612d9a8-5078-4fd2-b9b0-7180c8b25993}, !- Handle
  {e21c9d84-bda7-42cd-8424-e5f5e65a7cea}, !- Source Object
  3,                                      !- Outlet Port
  {0fbfeb04-f91c-417e-aa40-f15c4be23f16}, !- Target Object
  10;                                     !- Inlet Port

OS:Controller:WaterCoil,
  {f5703ae2-b51f-46ad-ab89-b6df8618b691}, !- Handle
  Zone Office WholeBuilding - Sm Office C end_b - Story Ground PSZ-AC Water Htg Coil Controller, !- Name
  {d4604a09-7338-42e5-825b-49bc6418b809}, !- Water Coil Name
  ,                                       !- Control Variable
  Normal,                                 !- Action
  ,                                       !- Actuator Variable
  ,                                       !- Sensor Node Name
  ,                                       !- Actuator Node Name
  0.0001,                                 !- Controller Convergence Tolerance {deltaC}
  ,                                       !- Maximum Actuated Flow {m3/s}
  0;                                      !- Minimum Actuated Flow {m3/s}

OS:Coil:Heating:Electric,
  {011792c0-7f7c-4493-9249-3047f5c880ba}, !- Handle
  Zone Office WholeBuilding - Sm Office C end_b - Story Ground PSZ-AC Electric Backup Htg Coil, !- Name
  {c044f5a4-4903-4e6a-9e3e-58c7d1306ff1}, !- Availability Schedule Name
  1,                                      !- Efficiency
  ,                                       !- Nominal Capacity {W}
  ,                                       !- Air Inlet Node Name
  ;                                       !- Air Outlet Node Name

OS:Coil:Cooling:DX:SingleSpeed,
  {c3d82944-9f67-4c6b-8324-6e04d324aabf}, !- Handle
  Zone Office WholeBuilding - Sm Office C end_b - Story Ground PSZ-AC 1spd DX AC Clg Coil 5kBtu/hr 13.0SEER, !- Name
  {c044f5a4-4903-4e6a-9e3e-58c7d1306ff1}, !- Availability Schedule Name
  autosize,                               !- Rated Total Cooling Capacity {W}
  autosize,                               !- Rated Sensible Heat Ratio
  3.91156806861466,                       !- Rated COP {W/W}
  autosize,                               !- Rated Air Flow Rate {m3/s}
  773.3,                                  !- Rated Evaporator Fan Power Per Volume Flow Rate 2017 {W/(m3/s)}
  934.4,                                  !- Rated Evaporator Fan Power Per Volume Flow Rate 2023 {W/(m3/s)}
  ,                                       !- Air Inlet Node Name
  ,                                       !- Air Outlet Node Name
  {f9019d69-f0c5-4d9d-9bc2-7b4206e402ad}, !- Total Cooling Capacity Function of Temperature Curve Name
  {04635352-d720-4ca8-a858-0fdce72f505a}, !- Total Cooling Capacity Function of Flow Fraction Curve Name
  {d9d34d8a-37fc-4849-b6c4-c22bc6d0c7c3}, !- Energy Input Ratio Function of Temperature Curve Name
  {9813576c-4714-439e-bf0e-4b4fdf8e60f7}, !- Energy Input Ratio Function of Flow Fraction Curve Name
  {274a4c60-e32b-4e58-96ee-ecb56401f49e}, !- Part Load Fraction Correlation Curve Name
  -25,                                    !- Minimum Outdoor Dry-Bulb Temperature for Compressor Operation {C}
  0,                                      !- Nominal Time for Condensate Removal to Begin {s}
  0,                                      !- Ratio of Initial Moisture Evaporation Rate and Steady State Latent Capacity {dimensionless}
  0,                                      !- Maximum Cycling Rate {cycles/hr}
  0,                                      !- Latent Capacity Time Constant {s}
  ,                                       !- Condenser Air Inlet Node Name
  AirCooled,                              !- Condenser Type
  0.9,                                    !- Evaporative Condenser Effectiveness {dimensionless}
  autosize,                               !- Evaporative Condenser Air Flow Rate {m3/s}
  autosize,                               !- Evaporative Condenser Pump Rated Power Consumption {W}
  0,                                      !- Crankcase Heater Capacity {W}
  ,                                       !- Crankcase Heater Capacity Function of Temperature Curve Name
  10,                                     !- Maximum Outdoor Dry-Bulb Temperature for Crankcase Heater Operation {C}
  ,                                       !- Supply Water Storage Tank Name
  ,                                       !- Condensate Collection Water Storage Tank Name
  0,                                      !- Basin Heater Capacity {W/K}
  2;                                      !- Basin Heater Setpoint Temperature {C}

OS:Fan:OnOff,
  {85af4789-cc47-45b4-bfb0-adc8d51401b6}, !- Handle
  Zone Office WholeBuilding - Sm Office C end_b - Story Ground PSZ-AC Fan, !- Name
  {c044f5a4-4903-4e6a-9e3e-58c7d1306ff1}, !- Availability Schedule Name
  0.55575,                                !- Fan Total Efficiency
  622.722275,                             !- Pressure Rise {Pa}
  autosize,                               !- Maximum Flow Rate {m3/s}
  0.855,                                  !- Motor Efficiency
  1,                                      !- Motor In Airstream Fraction
  ,                                       !- Air Inlet Node Name
  ,                                       !- Air Outlet Node Name
  {fd667b8d-46aa-4f2d-960d-23172ea1bd2a}, !- Fan Power Ratio Function of Speed Ratio Curve Name
  {81c678d6-1672-4aab-a003-7ff94bd28e8a}, !- Fan Efficiency Ratio Function of Speed Ratio Curve Name
  ;                                       !- End-Use Subcategory

OS:Curve:Exponent,
  {fd667b8d-46aa-4f2d-960d-23172ea1bd2a}, !- Handle
  Fan On Off Power Curve 6,               !- Name
  1,                                      !- Coefficient1 Constant
  0,                                      !- Coefficient2 Constant
  0,                                      !- Coefficient3 Constant
  0,                                      !- Minimum Value of x
  1,                                      !- Maximum Value of x
  ,                                       !- Minimum Curve Output
  ,                                       !- Maximum Curve Output
  ,                                       !- Input Unit Type for X
  ;                                       !- Output Unit Type

OS:Curve:Cubic,
  {81c678d6-1672-4aab-a003-7ff94bd28e8a}, !- Handle
  Fan On Off Efficiency Curve 6,          !- Name
  1,                                      !- Coefficient1 Constant
  0,                                      !- Coefficient2 x
  0,                                      !- Coefficient3 x**2
  0,                                      !- Coefficient4 x**3
  0,                                      !- Minimum Value of x
  1;                                      !- Maximum Value of x

OS:AirLoopHVAC:UnitarySystem,
  {dd509f7b-90df-4949-b13f-60ac1d7b3de7}, !- Handle
  Zone Office WholeBuilding - Sm Office C end_b - Story Ground PSZ-AC Unitary AC, !- Name
  Load,                                   !- Control Type
  {11a1480e-e179-4a8f-b843-db8a1e3b4b2c}, !- Controlling Zone or Thermostat Location
  None,                                   !- Dehumidification Control Type
  {c044f5a4-4903-4e6a-9e3e-58c7d1306ff1}, !- Availability Schedule Name
  {52b26578-27dd-44cd-bea8-2d7e4613ca5b}, !- Air Inlet Node Name
  {e9829161-69a1-424d-bc7d-36634cbeefb6}, !- Air Outlet Node Name
  {85af4789-cc47-45b4-bfb0-adc8d51401b6}, !- Supply Fan Name
  DrawThrough,                            !- Fan Placement
  {b067a2c3-1447-40ab-b1a1-6bf4648ec0f0}, !- Supply Air Fan Operating Mode Schedule Name
  {d4604a09-7338-42e5-825b-49bc6418b809}, !- Heating Coil Name
  1,                                      !- DX Heating Coil Sizing Ratio
  {c3d82944-9f67-4c6b-8324-6e04d324aabf}, !- Cooling Coil Name
  No,                                     !- Use DOAS DX Cooling Coil
  2,                                      !- DOAS DX Cooling Coil Leaving Minimum Air Temperature {C}
  SensibleOnlyLoadControl,                !- Latent Load Control
  {011792c0-7f7c-4493-9249-3047f5c880ba}, !- Supplemental Heating Coil Name
  SupplyAirFlowRate,                      !- Supply Air Flow Rate Method During Cooling Operation
  Autosize,                               !- Supply Air Flow Rate During Cooling Operation {m3/s}
  ,                                       !- Supply Air Flow Rate Per Floor Area During Cooling Operation {m3/s-m2}
  ,                                       !- Fraction of Autosized Design Cooling Supply Air Flow Rate
  ,                                       !- Design Supply Air Flow Rate Per Unit of Capacity During Cooling Operation {m3/s-W}
  SupplyAirFlowRate,                      !- Supply Air Flow Rate Method During Heating Operation
  Autosize,                               !- Supply Air Flow Rate During Heating Operation {m3/s}
  ,                                       !- Supply Air Flow Rate Per Floor Area during Heating Operation {m3/s-m2}
  ,                                       !- Fraction of Autosized Design Heating Supply Air Flow Rate
  ,                                       !- Design Supply Air Flow Rate Per Unit of Capacity During Heating Operation {m3/s-W}
  None,                                   !- Supply Air Flow Rate Method When No Cooling or Heating is Required
  ,                                       !- Supply Air Flow Rate When No Cooling or Heating is Required {m3/s}
  ,                                       !- Supply Air Flow Rate Per Floor Area When No Cooling or Heating is Required {m3/s-m2}
  ,                                       !- Fraction of Autosized Design Cooling Supply Air Flow Rate When No Cooling or Heating is Required
  ,                                       !- Fraction of Autosized Design Heating Supply Air Flow Rate When No Cooling or Heating is Required
  ,                                       !- Design Supply Air Flow Rate Per Unit of Capacity During Cooling Operation When No Cooling or Heating is Required {m3/s-W}
  ,                                       !- Design Supply Air Flow Rate Per Unit of Capacity During Heating Operation When No Cooling or Heating is Required {m3/s-W}
  80,                                     !- Maximum Supply Air Temperature {C}
  21,                                     !- Maximum Outdoor Dry-Bulb Temperature for Supplemental Heater Operation {C}
  ,                                       !- Outdoor Dry-Bulb Temperature Sensor Node Name
  0,                                      !- Ancilliary On-Cycle Electric Power {W}
  0;                                      !- Ancilliary Off-Cycle Electric Power {W}

OS:Connection,
  {e9829161-69a1-424d-bc7d-36634cbeefb6}, !- Handle
  {dd509f7b-90df-4949-b13f-60ac1d7b3de7}, !- Source Object
  7,                                      !- Outlet Port
  {f4254773-406d-4322-a5be-e850d5bbdad6}, !- Target Object
  2;                                      !- Inlet Port

OS:Controller:OutdoorAir,
  {8748ff5b-d4b4-4170-a6cd-9cae9079cbf7}, !- Handle
  Zone Office WholeBuilding - Sm Office C end_b - Story Ground PSZ-AC OA System Controller, !- Name
  ,                                       !- Relief Air Outlet Node Name
  ,                                       !- Return Air Node Name
  ,                                       !- Mixed Air Node Name
  ,                                       !- Actuator Node Name
  autosize,                               !- Minimum Outdoor Air Flow Rate {m3/s}
  Autosize,                               !- Maximum Outdoor Air Flow Rate {m3/s}
  NoEconomizer,                           !- Economizer Control Type
  ModulateFlow,                           !- Economizer Control Action Type
  28,                                     !- Economizer Maximum Limit Dry-Bulb Temperature {C}
  64000,                                  !- Economizer Maximum Limit Enthalpy {J/kg}
  ,                                       !- Economizer Maximum Limit Dewpoint Temperature {C}
  ,                                       !- Electronic Enthalpy Limit Curve Name
  ,                                       !- Economizer Minimum Limit Dry-Bulb Temperature {C}
  LockoutWithHeating,                     !- Lockout Type
  FixedMinimum,                           !- Minimum Limit Type
  {b067a2c3-1447-40ab-b1a1-6bf4648ec0f0}, !- Minimum Outdoor Air Schedule Name
  ,                                       !- Minimum Fraction of Outdoor Air Schedule Name
  {35ac0309-bad5-48fc-8f04-cdf69307ad03}, !- Maximum Fraction of Outdoor Air Schedule Name
  {4dd66ba8-4a08-42a0-a422-8e1b01688e4a}, !- Controller Mechanical Ventilation
  ,                                       !- Time of Day Economizer Control Schedule Name
  No,                                     !- High Humidity Control
  ,                                       !- Humidistat Control Zone Name
  ,                                       !- High Humidity Outdoor Air Flow Ratio
  ,                                       !- Control High Indoor Humidity Based on Outdoor Humidity Ratio
  BypassWhenWithinEconomizerLimits,       !- Heat Recovery Bypass Control Type
  InterlockedWithMechanicalCooling;       !- Economizer Operation Staging

OS:Controller:MechanicalVentilation,
  {4dd66ba8-4a08-42a0-a422-8e1b01688e4a}, !- Handle
  Controller Mechanical Ventilation 7,    !- Name
  {c044f5a4-4903-4e6a-9e3e-58c7d1306ff1}, !- Availability Schedule
  ,                                       !- Demand Controlled Ventilation
  ;                                       !- System Outdoor Air Method

OS:AirLoopHVAC:OutdoorAirSystem,
  {3a75529a-9da1-4632-ba1b-bb77651b6b92}, !- Handle
  Zone Office WholeBuilding - Sm Office C end_b - Story Ground PSZ-AC OA System, !- Name
  {8748ff5b-d4b4-4170-a6cd-9cae9079cbf7}, !- Controller Name
  ,                                       !- Outdoor Air Equipment List Name
  ,                                       !- Availability Manager List Name
  {06701436-e0e2-44e8-9a06-5061b0bc3076}, !- Mixed Air Node Name
  {7bbbf3bb-7c5e-4968-afe8-7d80f20af687}, !- Outdoor Air Stream Node Name
  {5e609c5c-3bd7-43c0-b2ca-2d79537886de}, !- Relief Air Stream Node Name
  {1ffdfbf0-9692-4894-af54-43dcf273c408}; !- Return Air Stream Node Name

OS:Node,
  {95a08991-db98-428c-bab1-54a9e20e7809}, !- Handle
  Zone Office WholeBuilding - Sm Office C end_b - Story Ground PSZ-AC Outdoor Air Node, !- Name
  ,                                       !- Inlet Port
  {7bbbf3bb-7c5e-4968-afe8-7d80f20af687}; !- Outlet Port

OS:Connection,
  {7bbbf3bb-7c5e-4968-afe8-7d80f20af687}, !- Handle
  {95a08991-db98-428c-bab1-54a9e20e7809}, !- Source Object
  3,                                      !- Outlet Port
  {3a75529a-9da1-4632-ba1b-bb77651b6b92}, !- Target Object
  6;                                      !- Inlet Port

OS:Node,
  {bde0de75-42b9-4a43-b14a-b7fe987fdc84}, !- Handle
  Zone Office WholeBuilding - Sm Office C end_b - Story Ground PSZ-AC Relief Air Node, !- Name
  {5e609c5c-3bd7-43c0-b2ca-2d79537886de}, !- Inlet Port
  ;                                       !- Outlet Port

OS:Connection,
  {5e609c5c-3bd7-43c0-b2ca-2d79537886de}, !- Handle
  {3a75529a-9da1-4632-ba1b-bb77651b6b92}, !- Source Object
  7,                                      !- Outlet Port
  {bde0de75-42b9-4a43-b14a-b7fe987fdc84}, !- Target Object
  2;                                      !- Inlet Port

OS:Node,
  {ed128531-4c58-4d39-8061-4376f30fe4ea}, !- Handle
  Zone Office WholeBuilding - Sm Office C end_b - Story Ground PSZ-AC Mixed Air Node, !- Name
  {06701436-e0e2-44e8-9a06-5061b0bc3076}, !- Inlet Port
  {52b26578-27dd-44cd-bea8-2d7e4613ca5b}; !- Outlet Port

OS:Connection,
  {1ffdfbf0-9692-4894-af54-43dcf273c408}, !- Handle
  {f77bcdad-6eed-4992-98e3-50ada27bf59e}, !- Source Object
  3,                                      !- Outlet Port
  {3a75529a-9da1-4632-ba1b-bb77651b6b92}, !- Target Object
  8;                                      !- Inlet Port

OS:Connection,
  {06701436-e0e2-44e8-9a06-5061b0bc3076}, !- Handle
  {3a75529a-9da1-4632-ba1b-bb77651b6b92}, !- Source Object
  5,                                      !- Outlet Port
  {ed128531-4c58-4d39-8061-4376f30fe4ea}, !- Target Object
  2;                                      !- Inlet Port

OS:Connection,
  {52b26578-27dd-44cd-bea8-2d7e4613ca5b}, !- Handle
  {ed128531-4c58-4d39-8061-4376f30fe4ea}, !- Source Object
  3,                                      !- Outlet Port
  {dd509f7b-90df-4949-b13f-60ac1d7b3de7}, !- Target Object
  6;                                      !- Inlet Port

OS:AvailabilityManager:NightCycle,
  {a3280e9f-a080-43f0-93d7-c99cbc41527d}, !- Handle
  Availability Manager Night Cycle 7,     !- Name
  {c044f5a4-4903-4e6a-9e3e-58c7d1306ff1}, !- Applicability Schedule
  ,                                       !- Fan Schedule
  CycleOnAny,                             !- Control Type
  1,                                      !- Thermostat Tolerance {deltaC}
  ,                                       !- Cycling Run Time Control Type
  1800,                                   !- Cycling Run Time {s}
  {3cca1fe5-9368-4e09-9a9d-04cda706de25}, !- Control Zone or Zone List Name
  {962434aa-e739-4beb-a230-c8a425d5c731}, !- Cooling Control Zone or Zone List Name
  {05970a1d-944f-4386-884c-a72de412a722}, !- Heating Control Zone or Zone List Name
  {fa8eeb8b-3570-44d4-a54d-c2b690c803b7}; !- Heating Zone Fans Only Zone or Zone List Name

OS:ModelObjectList,
  {3cca1fe5-9368-4e09-9a9d-04cda706de25}, !- Handle
  Availability Manager Night Cycle 7 Control Zone List; !- Name

OS:ModelObjectList,
  {962434aa-e739-4beb-a230-c8a425d5c731}, !- Handle
  Availability Manager Night Cycle 7 Cooling Control Zone List; !- Name

OS:ModelObjectList,
  {05970a1d-944f-4386-884c-a72de412a722}, !- Handle
  Availability Manager Night Cycle 7 Heating Control Zone List; !- Name

OS:ModelObjectList,
  {fa8eeb8b-3570-44d4-a54d-c2b690c803b7}, !- Handle
  Availability Manager Night Cycle 7 Heating Zone Fans Only Zone List; !- Name

OS:AirTerminal:SingleDuct:ConstantVolume:NoReheat,
  {022288f6-6ebb-4502-bae6-ef0a0bde5d80}, !- Handle
  Zone Office WholeBuilding - Sm Office C end_b - Story Ground PSZ-AC Diffuser, !- Name
  {c044f5a4-4903-4e6a-9e3e-58c7d1306ff1}, !- Availability Schedule Name
  {e39540a5-5872-4e5a-94bc-d343d3c86878}, !- Air Inlet Node Name
  {265eef4f-df41-4524-b1a5-c9ccdbe3c0b9}, !- Air Outlet Node Name
  AutoSize;                               !- Maximum Air Flow Rate {m3/s}

OS:Node,
  {010eb0c5-6891-43ce-b4f0-2bc47adf24fd}, !- Handle
  Zone Office WholeBuilding - Sm Office C end_b - Story Ground Return Air Node, !- Name
  {71ccd1b8-cd41-430a-87c8-16edbafa8ea8}, !- Inlet Port
  {f20e0f71-ba2c-4c91-8196-f5a1d8e79083}; !- Outlet Port

OS:Connection,
  {6f51ce35-468f-45d3-a332-9453a088e8fb}, !- Handle
  {92b29132-bf86-4333-b21f-b9c681755312}, !- Source Object
  3,                                      !- Outlet Port
  {00733aa5-6003-41ab-bd1b-e1a7bec97623}, !- Target Object
  2;                                      !- Inlet Port

OS:Connection,
  {71ccd1b8-cd41-430a-87c8-16edbafa8ea8}, !- Handle
  {ac69d9f9-565b-454c-98d2-a214d5c1ab16}, !- Source Object
  2,                                      !- Outlet Port
  {010eb0c5-6891-43ce-b4f0-2bc47adf24fd}, !- Target Object
  2;                                      !- Inlet Port

OS:Connection,
  {f20e0f71-ba2c-4c91-8196-f5a1d8e79083}, !- Handle
  {010eb0c5-6891-43ce-b4f0-2bc47adf24fd}, !- Source Object
  3,                                      !- Outlet Port
  {586729af-83a8-4162-b9fa-3041b62bb48b}, !- Target Object
  3;                                      !- Inlet Port

OS:Node,
  {54157b59-5c23-4564-beb8-9bc8104d3469}, !- Handle
  Zone Office WholeBuilding - Sm Office C end_b - Story Ground PSZ-AC Diffuser Inlet Air Node, !- Name
  {a08c463d-4d71-4d7a-9f0d-a5efc517d477}, !- Inlet Port
  {e39540a5-5872-4e5a-94bc-d343d3c86878}; !- Outlet Port

OS:Connection,
  {a08c463d-4d71-4d7a-9f0d-a5efc517d477}, !- Handle
  {64e37dcf-6246-4456-bf43-4f889c98722e}, !- Source Object
  3,                                      !- Outlet Port
  {54157b59-5c23-4564-beb8-9bc8104d3469}, !- Target Object
  2;                                      !- Inlet Port

OS:Connection,
  {e39540a5-5872-4e5a-94bc-d343d3c86878}, !- Handle
  {54157b59-5c23-4564-beb8-9bc8104d3469}, !- Source Object
  3,                                      !- Outlet Port
  {022288f6-6ebb-4502-bae6-ef0a0bde5d80}, !- Target Object
  3;                                      !- Inlet Port

OS:Connection,
  {265eef4f-df41-4524-b1a5-c9ccdbe3c0b9}, !- Handle
  {022288f6-6ebb-4502-bae6-ef0a0bde5d80}, !- Source Object
  4,                                      !- Outlet Port
  {92b29132-bf86-4333-b21f-b9c681755312}, !- Target Object
  2;                                      !- Inlet Port

OS:AirLoopHVAC,
  {d97af7e2-ca30-4bd3-a77b-8061eb9de164}, !- Handle
  Zone Office WholeBuilding - Sm Office B end_a - Story Ground PSZ-AC, !- Name
  ,                                       !- Controller List Name
  {5c59c0a9-4dae-446f-86d8-2a53ff4cfb41}, !- Availability Schedule
  {da7a8f8a-428f-4dd1-91e2-edd3f7e9f846}, !- Availability Manager List Name
  autosize,                               !- Design Supply Air Flow Rate {m3/s}
  1,                                      !- Design Return Air Flow Fraction of Supply Air Flow
  ,                                       !- Branch List Name
  ,                                       !- Connector List Name
  {04f0b069-c260-42d6-9639-21eb22c8e0af}, !- Supply Side Inlet Node Name
  {ac6ea8f7-c467-4f54-94a2-83daed652533}, !- Demand Side Outlet Node Name
  {21c15d8b-0420-4883-b153-87561bba888f}, !- Demand Side Inlet Node A
  {c9fca336-5604-430c-afc7-2f68eb3b707e}, !- Supply Side Outlet Node A
  ,                                       !- Demand Side Inlet Node B
  ,                                       !- Supply Side Outlet Node B
  ,                                       !- Return Air Bypass Flow Temperature Setpoint Schedule Name
  {3f21a779-512c-49d5-ae84-fa961c6fe64a}, !- Demand Mixer Name
  {c8263ef8-83e2-46e2-8c17-b89b8ecbef5f}, !- Demand Splitter A Name
  ,                                       !- Demand Splitter B Name
  ;                                       !- Supply Splitter Name

OS:Node,
  {a98c61a5-f0eb-4cd9-940e-687bc2035511}, !- Handle
  Zone Office WholeBuilding - Sm Office B end_a - Story Ground PSZ-AC Supply Inlet Node, !- Name
  {04f0b069-c260-42d6-9639-21eb22c8e0af}, !- Inlet Port
  {b6f50f57-c7d1-4ff7-b83a-a204f53be3ba}; !- Outlet Port

OS:Node,
  {20c8fd15-b116-4aeb-a68b-4d4001033d30}, !- Handle
  Zone Office WholeBuilding - Sm Office B end_a - Story Ground PSZ-AC Supply Outlet Node, !- Name
  {1009dc1f-fe67-4c3b-b20d-54c308612935}, !- Inlet Port
  {c9fca336-5604-430c-afc7-2f68eb3b707e}; !- Outlet Port

OS:Connection,
  {04f0b069-c260-42d6-9639-21eb22c8e0af}, !- Handle
  {d97af7e2-ca30-4bd3-a77b-8061eb9de164}, !- Source Object
  9,                                      !- Outlet Port
  {a98c61a5-f0eb-4cd9-940e-687bc2035511}, !- Target Object
  2;                                      !- Inlet Port

OS:Connection,
  {c9fca336-5604-430c-afc7-2f68eb3b707e}, !- Handle
  {20c8fd15-b116-4aeb-a68b-4d4001033d30}, !- Source Object
  3,                                      !- Outlet Port
  {d97af7e2-ca30-4bd3-a77b-8061eb9de164}, !- Target Object
  12;                                     !- Inlet Port

OS:Node,
  {dfdde841-2164-4768-9f58-e7ee3569e774}, !- Handle
  Zone Office WholeBuilding - Sm Office B end_a - Story Ground PSZ-AC Demand Inlet Node, !- Name
  {21c15d8b-0420-4883-b153-87561bba888f}, !- Inlet Port
  {8d412b17-295a-4a10-bf4b-33559ece5ed7}; !- Outlet Port

OS:Node,
  {e1f4235b-bb9e-4a16-81c8-421b80f0cb2d}, !- Handle
  Zone Office WholeBuilding - Sm Office B end_a - Story Ground PSZ-AC Demand Outlet Node, !- Name
  {000c5090-69f6-4665-8ffc-8013e36bf9a3}, !- Inlet Port
  {ac6ea8f7-c467-4f54-94a2-83daed652533}; !- Outlet Port

OS:Node,
  {df2226ed-b485-4cc4-a818-fff35c1f3910}, !- Handle
  Zone Office WholeBuilding - Sm Office B end_a - Story Ground PSZ-AC Diffuser Outlet Air Node, !- Name
  {e4988415-2693-4428-8a73-ad659f3efcc0}, !- Inlet Port
  {9dd219ec-30c3-4118-a066-cc267c372968}; !- Outlet Port

OS:Connection,
  {21c15d8b-0420-4883-b153-87561bba888f}, !- Handle
  {d97af7e2-ca30-4bd3-a77b-8061eb9de164}, !- Source Object
  11,                                     !- Outlet Port
  {dfdde841-2164-4768-9f58-e7ee3569e774}, !- Target Object
  2;                                      !- Inlet Port

OS:Connection,
  {ac6ea8f7-c467-4f54-94a2-83daed652533}, !- Handle
  {e1f4235b-bb9e-4a16-81c8-421b80f0cb2d}, !- Source Object
  3,                                      !- Outlet Port
  {d97af7e2-ca30-4bd3-a77b-8061eb9de164}, !- Target Object
  10;                                     !- Inlet Port

OS:AirLoopHVAC:ZoneSplitter,
  {c8263ef8-83e2-46e2-8c17-b89b8ecbef5f}, !- Handle
  Air Loop HVAC Zone Splitter 8,          !- Name
  {8d412b17-295a-4a10-bf4b-33559ece5ed7}, !- Inlet Node Name
  {8fdb9c2a-7a40-485d-8e8b-3d60d8c4d873}; !- Outlet Node Name 1

OS:AirLoopHVAC:ZoneMixer,
  {3f21a779-512c-49d5-ae84-fa961c6fe64a}, !- Handle
  Air Loop HVAC Zone Mixer 8,             !- Name
  {000c5090-69f6-4665-8ffc-8013e36bf9a3}, !- Outlet Node Name
  {d31ebb6c-2a65-4730-96f8-9a16358cd297}; !- Inlet Node Name 1

OS:Connection,
  {8d412b17-295a-4a10-bf4b-33559ece5ed7}, !- Handle
  {dfdde841-2164-4768-9f58-e7ee3569e774}, !- Source Object
  3,                                      !- Outlet Port
  {c8263ef8-83e2-46e2-8c17-b89b8ecbef5f}, !- Target Object
  2;                                      !- Inlet Port

OS:Connection,
  {000c5090-69f6-4665-8ffc-8013e36bf9a3}, !- Handle
  {3f21a779-512c-49d5-ae84-fa961c6fe64a}, !- Source Object
  2,                                      !- Outlet Port
  {e1f4235b-bb9e-4a16-81c8-421b80f0cb2d}, !- Target Object
  2;                                      !- Inlet Port

OS:Sizing:System,
  {e2329f42-d695-4412-aa80-2947dbb787d9}, !- Handle
  {d97af7e2-ca30-4bd3-a77b-8061eb9de164}, !- AirLoop Name
  Sensible,                               !- Type of Load to Size On
  Autosize,                               !- Design Outdoor Air Flow Rate {m3/s}
  1,                                      !- Central Heating Maximum System Air Flow Ratio
  7.22222222222229,                       !- Preheat Design Temperature {C}
  0.008,                                  !- Preheat Design Humidity Ratio {kg-H2O/kg-Air}
  12.7777777777778,                       !- Precool Design Temperature {C}
  0.008,                                  !- Precool Design Humidity Ratio {kg-H2O/kg-Air}
  12.7777777777778,                       !- Central Cooling Design Supply Air Temperature {C}
  50.0000000000001,                       !- Central Heating Design Supply Air Temperature {C}
  Coincident,                             !- Sizing Option
  No,                                     !- 100% Outdoor Air in Cooling
  No,                                     !- 100% Outdoor Air in Heating
  0.0085,                                 !- Central Cooling Design Supply Air Humidity Ratio {kg-H2O/kg-Air}
  0.008,                                  !- Central Heating Design Supply Air Humidity Ratio {kg-H2O/kg-Air}
  DesignDay,                              !- Cooling Design Air Flow Method
  ,                                       !- Cooling Design Air Flow Rate {m3/s}
  DesignDay,                              !- Heating Design Air Flow Method
  ,                                       !- Heating Design Air Flow Rate {m3/s}
  ZoneSum,                                !- System Outdoor Air Method
  1,                                      !- Zone Maximum Outdoor Air Fraction {dimensionless}
  0.0099676501,                           !- Cooling Supply Air Flow Rate Per Floor Area {m3/s-m2}
  1,                                      !- Cooling Fraction of Autosized Cooling Supply Air Flow Rate
  3.9475456e-05,                          !- Cooling Supply Air Flow Rate Per Unit Cooling Capacity {m3/s-W}
  0.0099676501,                           !- Heating Supply Air Flow Rate Per Floor Area {m3/s-m2}
  1,                                      !- Heating Fraction of Autosized Heating Supply Air Flow Rate
  1,                                      !- Heating Fraction of Autosized Cooling Supply Air Flow Rate
  3.1588213e-05,                          !- Heating Supply Air Flow Rate Per Unit Heating Capacity {m3/s-W}
  CoolingDesignCapacity,                  !- Cooling Design Capacity Method
  autosize,                               !- Cooling Design Capacity {W}
  234.7,                                  !- Cooling Design Capacity Per Floor Area {W/m2}
  1,                                      !- Fraction of Autosized Cooling Design Capacity
  HeatingDesignCapacity,                  !- Heating Design Capacity Method
  autosize,                               !- Heating Design Capacity {W}
  157,                                    !- Heating Design Capacity Per Floor Area {W/m2}
  1,                                      !- Fraction of Autosized Heating Design Capacity
  OnOff,                                  !- Central Cooling Capacity Control Method
  autosize;                               !- Occupant Diversity

OS:AvailabilityManagerAssignmentList,
  {da7a8f8a-428f-4dd1-91e2-edd3f7e9f846}, !- Handle
  Air Loop HVAC 1 AvailabilityManagerAssignmentList 7, !- Name
  {67362c0d-bf16-4479-a888-98b7aefa25d8}; !- Availability Manager Name 1

OS:SetpointManager:SingleZone:Reheat,
  {faa63395-bd6d-455a-b0ff-9d37605ab635}, !- Handle
  Zone Office WholeBuilding - Sm Office B end_a - Story Ground Setpoint Manager SZ Reheat, !- Name
  12.7777777777778,                       !- Minimum Supply Air Temperature {C}
  50.0000000000001,                       !- Maximum Supply Air Temperature {C}
  {5d41938d-5297-438b-b3d4-4957a76ba1c8}, !- Control Zone Name
  {20c8fd15-b116-4aeb-a68b-4d4001033d30}; !- Setpoint Node or NodeList Name

OS:Coil:Heating:Water,
  {edb4a0fe-0c1a-47da-a7b2-7f1b4174cc7d}, !- Handle
  Zone Office WholeBuilding - Sm Office B end_a - Story Ground PSZ-AC Water Htg Coil, !- Name
  {c044f5a4-4903-4e6a-9e3e-58c7d1306ff1}, !- Availability Schedule Name
  ,                                       !- U-Factor Times Area Value {W/K}
  ,                                       !- Maximum Water Flow Rate {m3/s}
  {8621d1e3-2430-42f1-bd54-bb6e5db650e3}, !- Water Inlet Node Name
  {07447ca0-e709-4e39-b7da-94fa6aac8a1c}, !- Water Outlet Node Name
  ,                                       !- Air Inlet Node Name
  ,                                       !- Air Outlet Node Name
  ,                                       !- Performance Input Method
  ,                                       !- Rated Capacity {W}
  82.2222222222223,                       !- Rated Inlet Water Temperature {C}
  7.22222222222229,                       !- Rated Inlet Air Temperature {C}
  71.1111111111112,                       !- Rated Outlet Water Temperature {C}
  50.0000000000001,                       !- Rated Outlet Air Temperature {C}
  ;                                       !- Rated Ratio for Air and Water Convection

OS:Node,
  {7d5a7c73-c529-4961-95ee-a6cf3eeffc10}, !- Handle
  Zone Office WholeBuilding - Sm Office B end_a - Story Ground PSZ-AC Water Htg Coil Inlet Water Node, !- Name
  {4451be7a-7033-4702-a7c4-c8b6b72ba2e9}, !- Inlet Port
  {8621d1e3-2430-42f1-bd54-bb6e5db650e3}; !- Outlet Port

OS:Connection,
  {4451be7a-7033-4702-a7c4-c8b6b72ba2e9}, !- Handle
  {5fdb8dec-3986-403c-8326-a5236ebf60d1}, !- Source Object
  11,                                     !- Outlet Port
  {7d5a7c73-c529-4961-95ee-a6cf3eeffc10}, !- Target Object
  2;                                      !- Inlet Port

OS:Node,
  {5ca631d6-94f0-445d-a86b-0cecc403c762}, !- Handle
  Zone Office WholeBuilding - Sm Office B end_a - Story Ground PSZ-AC Water Htg Coil Outlet Water Node, !- Name
  {07447ca0-e709-4e39-b7da-94fa6aac8a1c}, !- Inlet Port
  {14864236-ccf5-48e9-a29f-7fab93f51aca}; !- Outlet Port

OS:Connection,
  {8621d1e3-2430-42f1-bd54-bb6e5db650e3}, !- Handle
  {7d5a7c73-c529-4961-95ee-a6cf3eeffc10}, !- Source Object
  3,                                      !- Outlet Port
  {edb4a0fe-0c1a-47da-a7b2-7f1b4174cc7d}, !- Target Object
  5;                                      !- Inlet Port

OS:Connection,
  {07447ca0-e709-4e39-b7da-94fa6aac8a1c}, !- Handle
  {edb4a0fe-0c1a-47da-a7b2-7f1b4174cc7d}, !- Source Object
  6,                                      !- Outlet Port
  {5ca631d6-94f0-445d-a86b-0cecc403c762}, !- Target Object
  2;                                      !- Inlet Port

OS:Connection,
  {14864236-ccf5-48e9-a29f-7fab93f51aca}, !- Handle
  {5ca631d6-94f0-445d-a86b-0cecc403c762}, !- Source Object
  3,                                      !- Outlet Port
  {0fbfeb04-f91c-417e-aa40-f15c4be23f16}, !- Target Object
  11;                                     !- Inlet Port

OS:Controller:WaterCoil,
  {689eb174-b379-4c5b-8928-9d6696b2fcb3}, !- Handle
  Zone Office WholeBuilding - Sm Office B end_a - Story Ground PSZ-AC Water Htg Coil Controller, !- Name
  {edb4a0fe-0c1a-47da-a7b2-7f1b4174cc7d}, !- Water Coil Name
  ,                                       !- Control Variable
  Normal,                                 !- Action
  ,                                       !- Actuator Variable
  ,                                       !- Sensor Node Name
  ,                                       !- Actuator Node Name
  0.0001,                                 !- Controller Convergence Tolerance {deltaC}
  ,                                       !- Maximum Actuated Flow {m3/s}
  0;                                      !- Minimum Actuated Flow {m3/s}

OS:Coil:Heating:Electric,
  {a8f84c68-83dc-450d-830e-d9d0de15cc65}, !- Handle
  Zone Office WholeBuilding - Sm Office B end_a - Story Ground PSZ-AC Electric Backup Htg Coil, !- Name
  {c044f5a4-4903-4e6a-9e3e-58c7d1306ff1}, !- Availability Schedule Name
  1,                                      !- Efficiency
  ,                                       !- Nominal Capacity {W}
  ,                                       !- Air Inlet Node Name
  ;                                       !- Air Outlet Node Name

OS:Coil:Cooling:DX:SingleSpeed,
  {5267c94b-0719-487e-b4f2-6fdef3384373}, !- Handle
  Zone Office WholeBuilding - Sm Office B end_a - Story Ground PSZ-AC 1spd DX AC Clg Coil 18kBtu/hr 13.0SEER, !- Name
  {c044f5a4-4903-4e6a-9e3e-58c7d1306ff1}, !- Availability Schedule Name
  autosize,                               !- Rated Total Cooling Capacity {W}
  autosize,                               !- Rated Sensible Heat Ratio
  3.91156806861466,                       !- Rated COP {W/W}
  autosize,                               !- Rated Air Flow Rate {m3/s}
  773.3,                                  !- Rated Evaporator Fan Power Per Volume Flow Rate 2017 {W/(m3/s)}
  934.4,                                  !- Rated Evaporator Fan Power Per Volume Flow Rate 2023 {W/(m3/s)}
  ,                                       !- Air Inlet Node Name
  ,                                       !- Air Outlet Node Name
  {f9019d69-f0c5-4d9d-9bc2-7b4206e402ad}, !- Total Cooling Capacity Function of Temperature Curve Name
  {04635352-d720-4ca8-a858-0fdce72f505a}, !- Total Cooling Capacity Function of Flow Fraction Curve Name
  {d9d34d8a-37fc-4849-b6c4-c22bc6d0c7c3}, !- Energy Input Ratio Function of Temperature Curve Name
  {9813576c-4714-439e-bf0e-4b4fdf8e60f7}, !- Energy Input Ratio Function of Flow Fraction Curve Name
  {274a4c60-e32b-4e58-96ee-ecb56401f49e}, !- Part Load Fraction Correlation Curve Name
  -25,                                    !- Minimum Outdoor Dry-Bulb Temperature for Compressor Operation {C}
  0,                                      !- Nominal Time for Condensate Removal to Begin {s}
  0,                                      !- Ratio of Initial Moisture Evaporation Rate and Steady State Latent Capacity {dimensionless}
  0,                                      !- Maximum Cycling Rate {cycles/hr}
  0,                                      !- Latent Capacity Time Constant {s}
  ,                                       !- Condenser Air Inlet Node Name
  AirCooled,                              !- Condenser Type
  0.9,                                    !- Evaporative Condenser Effectiveness {dimensionless}
  autosize,                               !- Evaporative Condenser Air Flow Rate {m3/s}
  autosize,                               !- Evaporative Condenser Pump Rated Power Consumption {W}
  0,                                      !- Crankcase Heater Capacity {W}
  ,                                       !- Crankcase Heater Capacity Function of Temperature Curve Name
  10,                                     !- Maximum Outdoor Dry-Bulb Temperature for Crankcase Heater Operation {C}
  ,                                       !- Supply Water Storage Tank Name
  ,                                       !- Condensate Collection Water Storage Tank Name
  0,                                      !- Basin Heater Capacity {W/K}
  2;                                      !- Basin Heater Setpoint Temperature {C}

OS:Fan:OnOff,
  {4dace2a8-15c7-4416-a978-128af1c7b0d0}, !- Handle
  Zone Office WholeBuilding - Sm Office B end_a - Story Ground PSZ-AC Fan, !- Name
  {c044f5a4-4903-4e6a-9e3e-58c7d1306ff1}, !- Availability Schedule Name
  0.55575,                                !- Fan Total Efficiency
  622.722275,                             !- Pressure Rise {Pa}
  autosize,                               !- Maximum Flow Rate {m3/s}
  0.855,                                  !- Motor Efficiency
  1,                                      !- Motor In Airstream Fraction
  ,                                       !- Air Inlet Node Name
  ,                                       !- Air Outlet Node Name
  {63d6b5a7-0ebb-42e4-bd7d-2af06b3e849d}, !- Fan Power Ratio Function of Speed Ratio Curve Name
  {ef40b381-dbab-4803-80b1-d9296afe5b12}, !- Fan Efficiency Ratio Function of Speed Ratio Curve Name
  ;                                       !- End-Use Subcategory

OS:Curve:Exponent,
  {63d6b5a7-0ebb-42e4-bd7d-2af06b3e849d}, !- Handle
  Fan On Off Power Curve 7,               !- Name
  1,                                      !- Coefficient1 Constant
  0,                                      !- Coefficient2 Constant
  0,                                      !- Coefficient3 Constant
  0,                                      !- Minimum Value of x
  1,                                      !- Maximum Value of x
  ,                                       !- Minimum Curve Output
  ,                                       !- Maximum Curve Output
  ,                                       !- Input Unit Type for X
  ;                                       !- Output Unit Type

OS:Curve:Cubic,
  {ef40b381-dbab-4803-80b1-d9296afe5b12}, !- Handle
  Fan On Off Efficiency Curve 7,          !- Name
  1,                                      !- Coefficient1 Constant
  0,                                      !- Coefficient2 x
  0,                                      !- Coefficient3 x**2
  0,                                      !- Coefficient4 x**3
  0,                                      !- Minimum Value of x
  1;                                      !- Maximum Value of x

OS:AirLoopHVAC:UnitarySystem,
  {4bd44af2-0aa9-43d5-8331-31f535cfb760}, !- Handle
  Zone Office WholeBuilding - Sm Office B end_a - Story Ground PSZ-AC Unitary AC, !- Name
  Load,                                   !- Control Type
  {5d41938d-5297-438b-b3d4-4957a76ba1c8}, !- Controlling Zone or Thermostat Location
  None,                                   !- Dehumidification Control Type
  {c044f5a4-4903-4e6a-9e3e-58c7d1306ff1}, !- Availability Schedule Name
  {913dbbd5-8e7f-4312-86f6-b339213ccd2f}, !- Air Inlet Node Name
  {1009dc1f-fe67-4c3b-b20d-54c308612935}, !- Air Outlet Node Name
  {4dace2a8-15c7-4416-a978-128af1c7b0d0}, !- Supply Fan Name
  DrawThrough,                            !- Fan Placement
  {5c59c0a9-4dae-446f-86d8-2a53ff4cfb41}, !- Supply Air Fan Operating Mode Schedule Name
  {edb4a0fe-0c1a-47da-a7b2-7f1b4174cc7d}, !- Heating Coil Name
  1,                                      !- DX Heating Coil Sizing Ratio
  {5267c94b-0719-487e-b4f2-6fdef3384373}, !- Cooling Coil Name
  No,                                     !- Use DOAS DX Cooling Coil
  2,                                      !- DOAS DX Cooling Coil Leaving Minimum Air Temperature {C}
  SensibleOnlyLoadControl,                !- Latent Load Control
  {a8f84c68-83dc-450d-830e-d9d0de15cc65}, !- Supplemental Heating Coil Name
  SupplyAirFlowRate,                      !- Supply Air Flow Rate Method During Cooling Operation
  Autosize,                               !- Supply Air Flow Rate During Cooling Operation {m3/s}
  ,                                       !- Supply Air Flow Rate Per Floor Area During Cooling Operation {m3/s-m2}
  ,                                       !- Fraction of Autosized Design Cooling Supply Air Flow Rate
  ,                                       !- Design Supply Air Flow Rate Per Unit of Capacity During Cooling Operation {m3/s-W}
  SupplyAirFlowRate,                      !- Supply Air Flow Rate Method During Heating Operation
  Autosize,                               !- Supply Air Flow Rate During Heating Operation {m3/s}
  ,                                       !- Supply Air Flow Rate Per Floor Area during Heating Operation {m3/s-m2}
  ,                                       !- Fraction of Autosized Design Heating Supply Air Flow Rate
  ,                                       !- Design Supply Air Flow Rate Per Unit of Capacity During Heating Operation {m3/s-W}
  None,                                   !- Supply Air Flow Rate Method When No Cooling or Heating is Required
  ,                                       !- Supply Air Flow Rate When No Cooling or Heating is Required {m3/s}
  ,                                       !- Supply Air Flow Rate Per Floor Area When No Cooling or Heating is Required {m3/s-m2}
  ,                                       !- Fraction of Autosized Design Cooling Supply Air Flow Rate When No Cooling or Heating is Required
  ,                                       !- Fraction of Autosized Design Heating Supply Air Flow Rate When No Cooling or Heating is Required
  ,                                       !- Design Supply Air Flow Rate Per Unit of Capacity During Cooling Operation When No Cooling or Heating is Required {m3/s-W}
  ,                                       !- Design Supply Air Flow Rate Per Unit of Capacity During Heating Operation When No Cooling or Heating is Required {m3/s-W}
  80,                                     !- Maximum Supply Air Temperature {C}
  21,                                     !- Maximum Outdoor Dry-Bulb Temperature for Supplemental Heater Operation {C}
  ,                                       !- Outdoor Dry-Bulb Temperature Sensor Node Name
  0,                                      !- Ancilliary On-Cycle Electric Power {W}
  0;                                      !- Ancilliary Off-Cycle Electric Power {W}

OS:Connection,
  {1009dc1f-fe67-4c3b-b20d-54c308612935}, !- Handle
  {4bd44af2-0aa9-43d5-8331-31f535cfb760}, !- Source Object
  7,                                      !- Outlet Port
  {20c8fd15-b116-4aeb-a68b-4d4001033d30}, !- Target Object
  2;                                      !- Inlet Port

OS:Controller:OutdoorAir,
  {bc8569d7-96c0-4a3f-9920-6526bbcf0b2f}, !- Handle
  Zone Office WholeBuilding - Sm Office B end_a - Story Ground PSZ-AC OA System Controller, !- Name
  ,                                       !- Relief Air Outlet Node Name
  ,                                       !- Return Air Node Name
  ,                                       !- Mixed Air Node Name
  ,                                       !- Actuator Node Name
  autosize,                               !- Minimum Outdoor Air Flow Rate {m3/s}
  Autosize,                               !- Maximum Outdoor Air Flow Rate {m3/s}
  NoEconomizer,                           !- Economizer Control Type
  ModulateFlow,                           !- Economizer Control Action Type
  28,                                     !- Economizer Maximum Limit Dry-Bulb Temperature {C}
  64000,                                  !- Economizer Maximum Limit Enthalpy {J/kg}
  ,                                       !- Economizer Maximum Limit Dewpoint Temperature {C}
  ,                                       !- Electronic Enthalpy Limit Curve Name
  ,                                       !- Economizer Minimum Limit Dry-Bulb Temperature {C}
  LockoutWithHeating,                     !- Lockout Type
  FixedMinimum,                           !- Minimum Limit Type
  {5c59c0a9-4dae-446f-86d8-2a53ff4cfb41}, !- Minimum Outdoor Air Schedule Name
  ,                                       !- Minimum Fraction of Outdoor Air Schedule Name
  {d6362551-f71c-49fc-9581-62aa9d527d71}, !- Maximum Fraction of Outdoor Air Schedule Name
  {8c959c35-57b9-4468-a136-a511143e87c4}, !- Controller Mechanical Ventilation
  ,                                       !- Time of Day Economizer Control Schedule Name
  No,                                     !- High Humidity Control
  ,                                       !- Humidistat Control Zone Name
  ,                                       !- High Humidity Outdoor Air Flow Ratio
  ,                                       !- Control High Indoor Humidity Based on Outdoor Humidity Ratio
  BypassWhenWithinEconomizerLimits,       !- Heat Recovery Bypass Control Type
  InterlockedWithMechanicalCooling;       !- Economizer Operation Staging

OS:Controller:MechanicalVentilation,
  {8c959c35-57b9-4468-a136-a511143e87c4}, !- Handle
  Controller Mechanical Ventilation 8,    !- Name
  {c044f5a4-4903-4e6a-9e3e-58c7d1306ff1}, !- Availability Schedule
  ,                                       !- Demand Controlled Ventilation
  ;                                       !- System Outdoor Air Method

OS:AirLoopHVAC:OutdoorAirSystem,
  {d6170849-7b26-486e-be5d-747f9ef5ba12}, !- Handle
  Zone Office WholeBuilding - Sm Office B end_a - Story Ground PSZ-AC OA System, !- Name
  {bc8569d7-96c0-4a3f-9920-6526bbcf0b2f}, !- Controller Name
  ,                                       !- Outdoor Air Equipment List Name
  ,                                       !- Availability Manager List Name
  {d5db3b45-7383-48f0-bc2d-03ba1fecf3a1}, !- Mixed Air Node Name
  {ef82235c-4ad0-4868-8f17-3f986bb021cf}, !- Outdoor Air Stream Node Name
  {8e4e5181-371c-43d6-83d8-a2291924a5e9}, !- Relief Air Stream Node Name
  {b6f50f57-c7d1-4ff7-b83a-a204f53be3ba}; !- Return Air Stream Node Name

OS:Node,
  {a261f80b-5028-4523-870a-1365e724936c}, !- Handle
  Zone Office WholeBuilding - Sm Office B end_a - Story Ground PSZ-AC Outdoor Air Node, !- Name
  ,                                       !- Inlet Port
  {ef82235c-4ad0-4868-8f17-3f986bb021cf}; !- Outlet Port

OS:Connection,
  {ef82235c-4ad0-4868-8f17-3f986bb021cf}, !- Handle
  {a261f80b-5028-4523-870a-1365e724936c}, !- Source Object
  3,                                      !- Outlet Port
  {d6170849-7b26-486e-be5d-747f9ef5ba12}, !- Target Object
  6;                                      !- Inlet Port

OS:Node,
  {6036929d-4b33-4017-ad47-59d068615d0f}, !- Handle
  Zone Office WholeBuilding - Sm Office B end_a - Story Ground PSZ-AC Relief Air Node, !- Name
  {8e4e5181-371c-43d6-83d8-a2291924a5e9}, !- Inlet Port
  ;                                       !- Outlet Port

OS:Connection,
  {8e4e5181-371c-43d6-83d8-a2291924a5e9}, !- Handle
  {d6170849-7b26-486e-be5d-747f9ef5ba12}, !- Source Object
  7,                                      !- Outlet Port
  {6036929d-4b33-4017-ad47-59d068615d0f}, !- Target Object
  2;                                      !- Inlet Port

OS:Node,
  {60929bf9-73c2-4f16-b47a-ef3954798df5}, !- Handle
  Zone Office WholeBuilding - Sm Office B end_a - Story Ground PSZ-AC Mixed Air Node, !- Name
  {d5db3b45-7383-48f0-bc2d-03ba1fecf3a1}, !- Inlet Port
  {913dbbd5-8e7f-4312-86f6-b339213ccd2f}; !- Outlet Port

OS:Connection,
  {b6f50f57-c7d1-4ff7-b83a-a204f53be3ba}, !- Handle
  {a98c61a5-f0eb-4cd9-940e-687bc2035511}, !- Source Object
  3,                                      !- Outlet Port
  {d6170849-7b26-486e-be5d-747f9ef5ba12}, !- Target Object
  8;                                      !- Inlet Port

OS:Connection,
  {d5db3b45-7383-48f0-bc2d-03ba1fecf3a1}, !- Handle
  {d6170849-7b26-486e-be5d-747f9ef5ba12}, !- Source Object
  5,                                      !- Outlet Port
  {60929bf9-73c2-4f16-b47a-ef3954798df5}, !- Target Object
  2;                                      !- Inlet Port

OS:Connection,
  {913dbbd5-8e7f-4312-86f6-b339213ccd2f}, !- Handle
  {60929bf9-73c2-4f16-b47a-ef3954798df5}, !- Source Object
  3,                                      !- Outlet Port
  {4bd44af2-0aa9-43d5-8331-31f535cfb760}, !- Target Object
  6;                                      !- Inlet Port

OS:AvailabilityManager:NightCycle,
  {67362c0d-bf16-4479-a888-98b7aefa25d8}, !- Handle
  Availability Manager Night Cycle 8,     !- Name
  {c044f5a4-4903-4e6a-9e3e-58c7d1306ff1}, !- Applicability Schedule
  ,                                       !- Fan Schedule
  CycleOnAny,                             !- Control Type
  1,                                      !- Thermostat Tolerance {deltaC}
  ,                                       !- Cycling Run Time Control Type
  1800,                                   !- Cycling Run Time {s}
  {e5be940c-3e1d-4913-b2c3-369685cb172c}, !- Control Zone or Zone List Name
  {dace3421-6303-43e2-9955-fb3a0d7b4cfb}, !- Cooling Control Zone or Zone List Name
  {47815bf8-7c32-4b39-9805-472d399f6e8c}, !- Heating Control Zone or Zone List Name
  {3217835c-a501-4834-bf22-474c756e7599}; !- Heating Zone Fans Only Zone or Zone List Name

OS:ModelObjectList,
  {e5be940c-3e1d-4913-b2c3-369685cb172c}, !- Handle
  Availability Manager Night Cycle 8 Control Zone List; !- Name

OS:ModelObjectList,
  {dace3421-6303-43e2-9955-fb3a0d7b4cfb}, !- Handle
  Availability Manager Night Cycle 8 Cooling Control Zone List; !- Name

OS:ModelObjectList,
  {47815bf8-7c32-4b39-9805-472d399f6e8c}, !- Handle
  Availability Manager Night Cycle 8 Heating Control Zone List; !- Name

OS:ModelObjectList,
  {3217835c-a501-4834-bf22-474c756e7599}, !- Handle
  Availability Manager Night Cycle 8 Heating Zone Fans Only Zone List; !- Name

OS:AirTerminal:SingleDuct:ConstantVolume:NoReheat,
  {fd5cd8f0-9477-4a60-8823-f29ee83d0b84}, !- Handle
  Zone Office WholeBuilding - Sm Office B end_a - Story Ground PSZ-AC Diffuser, !- Name
  {c044f5a4-4903-4e6a-9e3e-58c7d1306ff1}, !- Availability Schedule Name
  {92e905e2-95ca-4cf4-8e98-b0a2fbc1e3a1}, !- Air Inlet Node Name
  {e4988415-2693-4428-8a73-ad659f3efcc0}, !- Air Outlet Node Name
  AutoSize;                               !- Maximum Air Flow Rate {m3/s}

OS:Node,
  {3cbcb58a-69be-4f37-b01a-146915feb259}, !- Handle
  Zone Office WholeBuilding - Sm Office B end_a - Story Ground Return Air Node, !- Name
  {18d9e1c6-ebe8-40e9-811a-7baeab7d1e64}, !- Inlet Port
  {d31ebb6c-2a65-4730-96f8-9a16358cd297}; !- Outlet Port

OS:Connection,
  {9dd219ec-30c3-4118-a066-cc267c372968}, !- Handle
  {df2226ed-b485-4cc4-a818-fff35c1f3910}, !- Source Object
  3,                                      !- Outlet Port
  {4aef9298-abea-4a1d-bf69-7e3612f00e76}, !- Target Object
  2;                                      !- Inlet Port

OS:Connection,
  {18d9e1c6-ebe8-40e9-811a-7baeab7d1e64}, !- Handle
  {75b356d1-93f4-4903-8c21-d9608e2d4fb1}, !- Source Object
  2,                                      !- Outlet Port
  {3cbcb58a-69be-4f37-b01a-146915feb259}, !- Target Object
  2;                                      !- Inlet Port

OS:Connection,
  {d31ebb6c-2a65-4730-96f8-9a16358cd297}, !- Handle
  {3cbcb58a-69be-4f37-b01a-146915feb259}, !- Source Object
  3,                                      !- Outlet Port
  {3f21a779-512c-49d5-ae84-fa961c6fe64a}, !- Target Object
  3;                                      !- Inlet Port

OS:Node,
  {0b0626fe-ef54-40ae-a513-9508a92078b8}, !- Handle
  Zone Office WholeBuilding - Sm Office B end_a - Story Ground PSZ-AC Diffuser Inlet Air Node, !- Name
  {8fdb9c2a-7a40-485d-8e8b-3d60d8c4d873}, !- Inlet Port
  {92e905e2-95ca-4cf4-8e98-b0a2fbc1e3a1}; !- Outlet Port

OS:Connection,
  {8fdb9c2a-7a40-485d-8e8b-3d60d8c4d873}, !- Handle
  {c8263ef8-83e2-46e2-8c17-b89b8ecbef5f}, !- Source Object
  3,                                      !- Outlet Port
  {0b0626fe-ef54-40ae-a513-9508a92078b8}, !- Target Object
  2;                                      !- Inlet Port

OS:Connection,
  {92e905e2-95ca-4cf4-8e98-b0a2fbc1e3a1}, !- Handle
  {0b0626fe-ef54-40ae-a513-9508a92078b8}, !- Source Object
  3,                                      !- Outlet Port
  {fd5cd8f0-9477-4a60-8823-f29ee83d0b84}, !- Target Object
  3;                                      !- Inlet Port

OS:Connection,
  {e4988415-2693-4428-8a73-ad659f3efcc0}, !- Handle
  {fd5cd8f0-9477-4a60-8823-f29ee83d0b84}, !- Source Object
  4,                                      !- Outlet Port
  {df2226ed-b485-4cc4-a818-fff35c1f3910}, !- Target Object
  2;                                      !- Inlet Port

OS:AirLoopHVAC,
  {72968deb-b6f1-44a0-b067-db7154eaebc5}, !- Handle
  Zone Office WholeBuilding - Sm Office B end_b - Story Ground PSZ-AC, !- Name
  ,                                       !- Controller List Name
  {ad9f297c-d8e7-43ca-843d-aaa2122cbfa8}, !- Availability Schedule
  {dbb739be-81a5-479b-ae90-43ebe217c983}, !- Availability Manager List Name
  autosize,                               !- Design Supply Air Flow Rate {m3/s}
  1,                                      !- Design Return Air Flow Fraction of Supply Air Flow
  ,                                       !- Branch List Name
  ,                                       !- Connector List Name
  {00a5fe84-3280-4ab4-9b0d-8500b6621793}, !- Supply Side Inlet Node Name
  {a9249127-c4d5-4c9d-a41a-78f08b057dbf}, !- Demand Side Outlet Node Name
  {dcb5e301-78e8-4129-9221-e0eccea66af5}, !- Demand Side Inlet Node A
  {43aabc50-ed07-4855-9aa7-e4526fe927a9}, !- Supply Side Outlet Node A
  ,                                       !- Demand Side Inlet Node B
  ,                                       !- Supply Side Outlet Node B
  ,                                       !- Return Air Bypass Flow Temperature Setpoint Schedule Name
  {c3dcebb8-c185-423b-ab0f-5ea380a7bee0}, !- Demand Mixer Name
  {98d261bb-cdde-4b31-bca1-ca57db5a3437}, !- Demand Splitter A Name
  ,                                       !- Demand Splitter B Name
  ;                                       !- Supply Splitter Name

OS:Node,
  {9a28062c-5d65-43be-ae1a-e4094f61331d}, !- Handle
  Zone Office WholeBuilding - Sm Office B end_b - Story Ground PSZ-AC Supply Inlet Node, !- Name
  {00a5fe84-3280-4ab4-9b0d-8500b6621793}, !- Inlet Port
  {7c19c240-52a0-4e2b-9298-1058675496ea}; !- Outlet Port

OS:Node,
  {ab689c69-b448-4aef-8132-fa71ffce7447}, !- Handle
  Zone Office WholeBuilding - Sm Office B end_b - Story Ground PSZ-AC Supply Outlet Node, !- Name
  {e4c9f3db-8431-4d28-a247-e76a5000492b}, !- Inlet Port
  {43aabc50-ed07-4855-9aa7-e4526fe927a9}; !- Outlet Port

OS:Connection,
  {00a5fe84-3280-4ab4-9b0d-8500b6621793}, !- Handle
  {72968deb-b6f1-44a0-b067-db7154eaebc5}, !- Source Object
  9,                                      !- Outlet Port
  {9a28062c-5d65-43be-ae1a-e4094f61331d}, !- Target Object
  2;                                      !- Inlet Port

OS:Connection,
  {43aabc50-ed07-4855-9aa7-e4526fe927a9}, !- Handle
  {ab689c69-b448-4aef-8132-fa71ffce7447}, !- Source Object
  3,                                      !- Outlet Port
  {72968deb-b6f1-44a0-b067-db7154eaebc5}, !- Target Object
  12;                                     !- Inlet Port

OS:Node,
  {c5dc5f5f-4509-4713-b013-de26ccc76124}, !- Handle
  Zone Office WholeBuilding - Sm Office B end_b - Story Ground PSZ-AC Demand Inlet Node, !- Name
  {dcb5e301-78e8-4129-9221-e0eccea66af5}, !- Inlet Port
  {6d484558-410f-4dce-bb09-42523ccbcda7}; !- Outlet Port

OS:Node,
  {cdba6b72-cf26-4e7e-a432-abd931d2b62a}, !- Handle
  Zone Office WholeBuilding - Sm Office B end_b - Story Ground PSZ-AC Demand Outlet Node, !- Name
  {0d1b741d-53ff-4c82-91a5-03cf93b4b029}, !- Inlet Port
  {a9249127-c4d5-4c9d-a41a-78f08b057dbf}; !- Outlet Port

OS:Node,
  {ad507087-d96f-4274-85cb-e883cdc0f729}, !- Handle
  Zone Office WholeBuilding - Sm Office B end_b - Story Ground PSZ-AC Diffuser Outlet Air Node, !- Name
  {4e97997c-f515-4cf2-9cd2-1065cf89a90f}, !- Inlet Port
  {56c1fecc-17d0-4051-baf5-d3ec85a39dc2}; !- Outlet Port

OS:Connection,
  {dcb5e301-78e8-4129-9221-e0eccea66af5}, !- Handle
  {72968deb-b6f1-44a0-b067-db7154eaebc5}, !- Source Object
  11,                                     !- Outlet Port
  {c5dc5f5f-4509-4713-b013-de26ccc76124}, !- Target Object
  2;                                      !- Inlet Port

OS:Connection,
  {a9249127-c4d5-4c9d-a41a-78f08b057dbf}, !- Handle
  {cdba6b72-cf26-4e7e-a432-abd931d2b62a}, !- Source Object
  3,                                      !- Outlet Port
  {72968deb-b6f1-44a0-b067-db7154eaebc5}, !- Target Object
  10;                                     !- Inlet Port

OS:AirLoopHVAC:ZoneSplitter,
  {98d261bb-cdde-4b31-bca1-ca57db5a3437}, !- Handle
  Air Loop HVAC Zone Splitter 9,          !- Name
  {6d484558-410f-4dce-bb09-42523ccbcda7}, !- Inlet Node Name
  {9d0d0d26-91fa-4c0c-8d8b-56e79f1200e9}; !- Outlet Node Name 1

OS:AirLoopHVAC:ZoneMixer,
  {c3dcebb8-c185-423b-ab0f-5ea380a7bee0}, !- Handle
  Air Loop HVAC Zone Mixer 9,             !- Name
  {0d1b741d-53ff-4c82-91a5-03cf93b4b029}, !- Outlet Node Name
  {c1bb586d-c543-4d4b-8f35-05e686a56f0d}; !- Inlet Node Name 1

OS:Connection,
  {6d484558-410f-4dce-bb09-42523ccbcda7}, !- Handle
  {c5dc5f5f-4509-4713-b013-de26ccc76124}, !- Source Object
  3,                                      !- Outlet Port
  {98d261bb-cdde-4b31-bca1-ca57db5a3437}, !- Target Object
  2;                                      !- Inlet Port

OS:Connection,
  {0d1b741d-53ff-4c82-91a5-03cf93b4b029}, !- Handle
  {c3dcebb8-c185-423b-ab0f-5ea380a7bee0}, !- Source Object
  2,                                      !- Outlet Port
  {cdba6b72-cf26-4e7e-a432-abd931d2b62a}, !- Target Object
  2;                                      !- Inlet Port

OS:Sizing:System,
  {b6a8e6e7-08b5-4011-9607-9533bcf96625}, !- Handle
  {72968deb-b6f1-44a0-b067-db7154eaebc5}, !- AirLoop Name
  Sensible,                               !- Type of Load to Size On
  Autosize,                               !- Design Outdoor Air Flow Rate {m3/s}
  1,                                      !- Central Heating Maximum System Air Flow Ratio
  7.22222222222229,                       !- Preheat Design Temperature {C}
  0.008,                                  !- Preheat Design Humidity Ratio {kg-H2O/kg-Air}
  12.7777777777778,                       !- Precool Design Temperature {C}
  0.008,                                  !- Precool Design Humidity Ratio {kg-H2O/kg-Air}
  12.7777777777778,                       !- Central Cooling Design Supply Air Temperature {C}
  50.0000000000001,                       !- Central Heating Design Supply Air Temperature {C}
  Coincident,                             !- Sizing Option
  No,                                     !- 100% Outdoor Air in Cooling
  No,                                     !- 100% Outdoor Air in Heating
  0.0085,                                 !- Central Cooling Design Supply Air Humidity Ratio {kg-H2O/kg-Air}
  0.008,                                  !- Central Heating Design Supply Air Humidity Ratio {kg-H2O/kg-Air}
  DesignDay,                              !- Cooling Design Air Flow Method
  ,                                       !- Cooling Design Air Flow Rate {m3/s}
  DesignDay,                              !- Heating Design Air Flow Method
  ,                                       !- Heating Design Air Flow Rate {m3/s}
  ZoneSum,                                !- System Outdoor Air Method
  1,                                      !- Zone Maximum Outdoor Air Fraction {dimensionless}
  0.0099676501,                           !- Cooling Supply Air Flow Rate Per Floor Area {m3/s-m2}
  1,                                      !- Cooling Fraction of Autosized Cooling Supply Air Flow Rate
  3.9475456e-05,                          !- Cooling Supply Air Flow Rate Per Unit Cooling Capacity {m3/s-W}
  0.0099676501,                           !- Heating Supply Air Flow Rate Per Floor Area {m3/s-m2}
  1,                                      !- Heating Fraction of Autosized Heating Supply Air Flow Rate
  1,                                      !- Heating Fraction of Autosized Cooling Supply Air Flow Rate
  3.1588213e-05,                          !- Heating Supply Air Flow Rate Per Unit Heating Capacity {m3/s-W}
  CoolingDesignCapacity,                  !- Cooling Design Capacity Method
  autosize,                               !- Cooling Design Capacity {W}
  234.7,                                  !- Cooling Design Capacity Per Floor Area {W/m2}
  1,                                      !- Fraction of Autosized Cooling Design Capacity
  HeatingDesignCapacity,                  !- Heating Design Capacity Method
  autosize,                               !- Heating Design Capacity {W}
  157,                                    !- Heating Design Capacity Per Floor Area {W/m2}
  1,                                      !- Fraction of Autosized Heating Design Capacity
  OnOff,                                  !- Central Cooling Capacity Control Method
  autosize;                               !- Occupant Diversity

OS:AvailabilityManagerAssignmentList,
  {dbb739be-81a5-479b-ae90-43ebe217c983}, !- Handle
  Air Loop HVAC 1 AvailabilityManagerAssignmentList 8, !- Name
  {9131b460-2b9d-47c5-9abb-879729cc1fbc}; !- Availability Manager Name 1

OS:SetpointManager:SingleZone:Reheat,
  {dc2fba13-47de-4a80-a9b0-2f0ac069b044}, !- Handle
  Zone Office WholeBuilding - Sm Office B end_b - Story Ground Setpoint Manager SZ Reheat, !- Name
  12.7777777777778,                       !- Minimum Supply Air Temperature {C}
  50.0000000000001,                       !- Maximum Supply Air Temperature {C}
  {229a3a09-ce75-419c-81cf-75342de5e997}, !- Control Zone Name
  {ab689c69-b448-4aef-8132-fa71ffce7447}; !- Setpoint Node or NodeList Name

OS:Coil:Heating:Water,
  {89cb8098-e94f-441c-b6d1-fda9f86485f4}, !- Handle
  Zone Office WholeBuilding - Sm Office B end_b - Story Ground PSZ-AC Water Htg Coil, !- Name
  {c044f5a4-4903-4e6a-9e3e-58c7d1306ff1}, !- Availability Schedule Name
  ,                                       !- U-Factor Times Area Value {W/K}
  ,                                       !- Maximum Water Flow Rate {m3/s}
  {b192197b-7bac-4dfc-b6b2-13537042f911}, !- Water Inlet Node Name
  {dba1bd75-fbfb-494b-9df7-65facc75e950}, !- Water Outlet Node Name
  ,                                       !- Air Inlet Node Name
  ,                                       !- Air Outlet Node Name
  ,                                       !- Performance Input Method
  ,                                       !- Rated Capacity {W}
  82.2222222222223,                       !- Rated Inlet Water Temperature {C}
  7.22222222222229,                       !- Rated Inlet Air Temperature {C}
  71.1111111111112,                       !- Rated Outlet Water Temperature {C}
  50.0000000000001,                       !- Rated Outlet Air Temperature {C}
  ;                                       !- Rated Ratio for Air and Water Convection

OS:Node,
  {88e6b71e-dd49-47ee-ae2a-7f4aefa737f4}, !- Handle
  Zone Office WholeBuilding - Sm Office B end_b - Story Ground PSZ-AC Water Htg Coil Inlet Water Node, !- Name
  {efed145b-9fc4-476f-9d95-baa924803bd9}, !- Inlet Port
  {b192197b-7bac-4dfc-b6b2-13537042f911}; !- Outlet Port

OS:Connection,
  {efed145b-9fc4-476f-9d95-baa924803bd9}, !- Handle
  {5fdb8dec-3986-403c-8326-a5236ebf60d1}, !- Source Object
  12,                                     !- Outlet Port
  {88e6b71e-dd49-47ee-ae2a-7f4aefa737f4}, !- Target Object
  2;                                      !- Inlet Port

OS:Node,
  {6e6d795e-5627-4f79-a8ab-7afdaf7b0550}, !- Handle
  Zone Office WholeBuilding - Sm Office B end_b - Story Ground PSZ-AC Water Htg Coil Outlet Water Node, !- Name
  {dba1bd75-fbfb-494b-9df7-65facc75e950}, !- Inlet Port
  {7c54b205-ce23-4e19-b7c1-f73475752127}; !- Outlet Port

OS:Connection,
  {b192197b-7bac-4dfc-b6b2-13537042f911}, !- Handle
  {88e6b71e-dd49-47ee-ae2a-7f4aefa737f4}, !- Source Object
  3,                                      !- Outlet Port
  {89cb8098-e94f-441c-b6d1-fda9f86485f4}, !- Target Object
  5;                                      !- Inlet Port

OS:Connection,
  {dba1bd75-fbfb-494b-9df7-65facc75e950}, !- Handle
  {89cb8098-e94f-441c-b6d1-fda9f86485f4}, !- Source Object
  6,                                      !- Outlet Port
  {6e6d795e-5627-4f79-a8ab-7afdaf7b0550}, !- Target Object
  2;                                      !- Inlet Port

OS:Connection,
  {7c54b205-ce23-4e19-b7c1-f73475752127}, !- Handle
  {6e6d795e-5627-4f79-a8ab-7afdaf7b0550}, !- Source Object
  3,                                      !- Outlet Port
  {0fbfeb04-f91c-417e-aa40-f15c4be23f16}, !- Target Object
  12;                                     !- Inlet Port

OS:Controller:WaterCoil,
  {44e87eef-0c1a-4752-a492-9334033ea340}, !- Handle
  Zone Office WholeBuilding - Sm Office B end_b - Story Ground PSZ-AC Water Htg Coil Controller, !- Name
  {89cb8098-e94f-441c-b6d1-fda9f86485f4}, !- Water Coil Name
  ,                                       !- Control Variable
  Normal,                                 !- Action
  ,                                       !- Actuator Variable
  ,                                       !- Sensor Node Name
  ,                                       !- Actuator Node Name
  0.0001,                                 !- Controller Convergence Tolerance {deltaC}
  ,                                       !- Maximum Actuated Flow {m3/s}
  0;                                      !- Minimum Actuated Flow {m3/s}

OS:Coil:Heating:Electric,
  {87fd0de2-f3c8-4805-b556-4ed419f0b20f}, !- Handle
  Zone Office WholeBuilding - Sm Office B end_b - Story Ground PSZ-AC Electric Backup Htg Coil, !- Name
  {c044f5a4-4903-4e6a-9e3e-58c7d1306ff1}, !- Availability Schedule Name
  1,                                      !- Efficiency
  ,                                       !- Nominal Capacity {W}
  ,                                       !- Air Inlet Node Name
  ;                                       !- Air Outlet Node Name

OS:Coil:Cooling:DX:SingleSpeed,
  {0067e16b-4fac-4fe0-953e-b0786bd33c5b}, !- Handle
  Zone Office WholeBuilding - Sm Office B end_b - Story Ground PSZ-AC 1spd DX AC Clg Coil 16kBtu/hr 13.0SEER, !- Name
  {c044f5a4-4903-4e6a-9e3e-58c7d1306ff1}, !- Availability Schedule Name
  autosize,                               !- Rated Total Cooling Capacity {W}
  autosize,                               !- Rated Sensible Heat Ratio
  3.91156806861466,                       !- Rated COP {W/W}
  autosize,                               !- Rated Air Flow Rate {m3/s}
  773.3,                                  !- Rated Evaporator Fan Power Per Volume Flow Rate 2017 {W/(m3/s)}
  934.4,                                  !- Rated Evaporator Fan Power Per Volume Flow Rate 2023 {W/(m3/s)}
  ,                                       !- Air Inlet Node Name
  ,                                       !- Air Outlet Node Name
  {f9019d69-f0c5-4d9d-9bc2-7b4206e402ad}, !- Total Cooling Capacity Function of Temperature Curve Name
  {04635352-d720-4ca8-a858-0fdce72f505a}, !- Total Cooling Capacity Function of Flow Fraction Curve Name
  {d9d34d8a-37fc-4849-b6c4-c22bc6d0c7c3}, !- Energy Input Ratio Function of Temperature Curve Name
  {9813576c-4714-439e-bf0e-4b4fdf8e60f7}, !- Energy Input Ratio Function of Flow Fraction Curve Name
  {274a4c60-e32b-4e58-96ee-ecb56401f49e}, !- Part Load Fraction Correlation Curve Name
  -25,                                    !- Minimum Outdoor Dry-Bulb Temperature for Compressor Operation {C}
  0,                                      !- Nominal Time for Condensate Removal to Begin {s}
  0,                                      !- Ratio of Initial Moisture Evaporation Rate and Steady State Latent Capacity {dimensionless}
  0,                                      !- Maximum Cycling Rate {cycles/hr}
  0,                                      !- Latent Capacity Time Constant {s}
  ,                                       !- Condenser Air Inlet Node Name
  AirCooled,                              !- Condenser Type
  0.9,                                    !- Evaporative Condenser Effectiveness {dimensionless}
  autosize,                               !- Evaporative Condenser Air Flow Rate {m3/s}
  autosize,                               !- Evaporative Condenser Pump Rated Power Consumption {W}
  0,                                      !- Crankcase Heater Capacity {W}
  ,                                       !- Crankcase Heater Capacity Function of Temperature Curve Name
  10,                                     !- Maximum Outdoor Dry-Bulb Temperature for Crankcase Heater Operation {C}
  ,                                       !- Supply Water Storage Tank Name
  ,                                       !- Condensate Collection Water Storage Tank Name
  0,                                      !- Basin Heater Capacity {W/K}
  2;                                      !- Basin Heater Setpoint Temperature {C}

OS:Fan:OnOff,
  {01e817bf-b987-4669-bbaa-b74ee90b446b}, !- Handle
  Zone Office WholeBuilding - Sm Office B end_b - Story Ground PSZ-AC Fan, !- Name
  {c044f5a4-4903-4e6a-9e3e-58c7d1306ff1}, !- Availability Schedule Name
  0.55575,                                !- Fan Total Efficiency
  622.722275,                             !- Pressure Rise {Pa}
  autosize,                               !- Maximum Flow Rate {m3/s}
  0.855,                                  !- Motor Efficiency
  1,                                      !- Motor In Airstream Fraction
  ,                                       !- Air Inlet Node Name
  ,                                       !- Air Outlet Node Name
  {e63093e7-e742-4487-ad0b-c2f67f290bdd}, !- Fan Power Ratio Function of Speed Ratio Curve Name
  {aaa7c7c1-d411-47e6-abdb-78ff5c87e49a}, !- Fan Efficiency Ratio Function of Speed Ratio Curve Name
  ;                                       !- End-Use Subcategory

OS:Curve:Exponent,
  {e63093e7-e742-4487-ad0b-c2f67f290bdd}, !- Handle
  Fan On Off Power Curve 8,               !- Name
  1,                                      !- Coefficient1 Constant
  0,                                      !- Coefficient2 Constant
  0,                                      !- Coefficient3 Constant
  0,                                      !- Minimum Value of x
  1,                                      !- Maximum Value of x
  ,                                       !- Minimum Curve Output
  ,                                       !- Maximum Curve Output
  ,                                       !- Input Unit Type for X
  ;                                       !- Output Unit Type

OS:Curve:Cubic,
  {aaa7c7c1-d411-47e6-abdb-78ff5c87e49a}, !- Handle
  Fan On Off Efficiency Curve 8,          !- Name
  1,                                      !- Coefficient1 Constant
  0,                                      !- Coefficient2 x
  0,                                      !- Coefficient3 x**2
  0,                                      !- Coefficient4 x**3
  0,                                      !- Minimum Value of x
  1;                                      !- Maximum Value of x

OS:AirLoopHVAC:UnitarySystem,
  {c53914e6-7699-4399-a903-ed130c274761}, !- Handle
  Zone Office WholeBuilding - Sm Office B end_b - Story Ground PSZ-AC Unitary AC, !- Name
  Load,                                   !- Control Type
  {229a3a09-ce75-419c-81cf-75342de5e997}, !- Controlling Zone or Thermostat Location
  None,                                   !- Dehumidification Control Type
  {c044f5a4-4903-4e6a-9e3e-58c7d1306ff1}, !- Availability Schedule Name
  {a63943b7-d1e3-4563-b6d5-31b2af487b66}, !- Air Inlet Node Name
  {e4c9f3db-8431-4d28-a247-e76a5000492b}, !- Air Outlet Node Name
  {01e817bf-b987-4669-bbaa-b74ee90b446b}, !- Supply Fan Name
  DrawThrough,                            !- Fan Placement
  {ad9f297c-d8e7-43ca-843d-aaa2122cbfa8}, !- Supply Air Fan Operating Mode Schedule Name
  {89cb8098-e94f-441c-b6d1-fda9f86485f4}, !- Heating Coil Name
  1,                                      !- DX Heating Coil Sizing Ratio
  {0067e16b-4fac-4fe0-953e-b0786bd33c5b}, !- Cooling Coil Name
  No,                                     !- Use DOAS DX Cooling Coil
  2,                                      !- DOAS DX Cooling Coil Leaving Minimum Air Temperature {C}
  SensibleOnlyLoadControl,                !- Latent Load Control
  {87fd0de2-f3c8-4805-b556-4ed419f0b20f}, !- Supplemental Heating Coil Name
  SupplyAirFlowRate,                      !- Supply Air Flow Rate Method During Cooling Operation
  Autosize,                               !- Supply Air Flow Rate During Cooling Operation {m3/s}
  ,                                       !- Supply Air Flow Rate Per Floor Area During Cooling Operation {m3/s-m2}
  ,                                       !- Fraction of Autosized Design Cooling Supply Air Flow Rate
  ,                                       !- Design Supply Air Flow Rate Per Unit of Capacity During Cooling Operation {m3/s-W}
  SupplyAirFlowRate,                      !- Supply Air Flow Rate Method During Heating Operation
  Autosize,                               !- Supply Air Flow Rate During Heating Operation {m3/s}
  ,                                       !- Supply Air Flow Rate Per Floor Area during Heating Operation {m3/s-m2}
  ,                                       !- Fraction of Autosized Design Heating Supply Air Flow Rate
  ,                                       !- Design Supply Air Flow Rate Per Unit of Capacity During Heating Operation {m3/s-W}
  None,                                   !- Supply Air Flow Rate Method When No Cooling or Heating is Required
  ,                                       !- Supply Air Flow Rate When No Cooling or Heating is Required {m3/s}
  ,                                       !- Supply Air Flow Rate Per Floor Area When No Cooling or Heating is Required {m3/s-m2}
  ,                                       !- Fraction of Autosized Design Cooling Supply Air Flow Rate When No Cooling or Heating is Required
  ,                                       !- Fraction of Autosized Design Heating Supply Air Flow Rate When No Cooling or Heating is Required
  ,                                       !- Design Supply Air Flow Rate Per Unit of Capacity During Cooling Operation When No Cooling or Heating is Required {m3/s-W}
  ,                                       !- Design Supply Air Flow Rate Per Unit of Capacity During Heating Operation When No Cooling or Heating is Required {m3/s-W}
  80,                                     !- Maximum Supply Air Temperature {C}
  21,                                     !- Maximum Outdoor Dry-Bulb Temperature for Supplemental Heater Operation {C}
  ,                                       !- Outdoor Dry-Bulb Temperature Sensor Node Name
  0,                                      !- Ancilliary On-Cycle Electric Power {W}
  0;                                      !- Ancilliary Off-Cycle Electric Power {W}

OS:Connection,
  {e4c9f3db-8431-4d28-a247-e76a5000492b}, !- Handle
  {c53914e6-7699-4399-a903-ed130c274761}, !- Source Object
  7,                                      !- Outlet Port
  {ab689c69-b448-4aef-8132-fa71ffce7447}, !- Target Object
  2;                                      !- Inlet Port

OS:Controller:OutdoorAir,
  {a4549739-499f-4183-b911-a05a0db1c8be}, !- Handle
  Zone Office WholeBuilding - Sm Office B end_b - Story Ground PSZ-AC OA System Controller, !- Name
  ,                                       !- Relief Air Outlet Node Name
  ,                                       !- Return Air Node Name
  ,                                       !- Mixed Air Node Name
  ,                                       !- Actuator Node Name
  autosize,                               !- Minimum Outdoor Air Flow Rate {m3/s}
  Autosize,                               !- Maximum Outdoor Air Flow Rate {m3/s}
  NoEconomizer,                           !- Economizer Control Type
  ModulateFlow,                           !- Economizer Control Action Type
  28,                                     !- Economizer Maximum Limit Dry-Bulb Temperature {C}
  64000,                                  !- Economizer Maximum Limit Enthalpy {J/kg}
  ,                                       !- Economizer Maximum Limit Dewpoint Temperature {C}
  ,                                       !- Electronic Enthalpy Limit Curve Name
  ,                                       !- Economizer Minimum Limit Dry-Bulb Temperature {C}
  LockoutWithHeating,                     !- Lockout Type
  FixedMinimum,                           !- Minimum Limit Type
  {ad9f297c-d8e7-43ca-843d-aaa2122cbfa8}, !- Minimum Outdoor Air Schedule Name
  ,                                       !- Minimum Fraction of Outdoor Air Schedule Name
  {d516cc77-2e4f-486e-8ea7-98bf322b0d03}, !- Maximum Fraction of Outdoor Air Schedule Name
  {5bd28105-d837-4ba5-b786-75bb8adb6522}, !- Controller Mechanical Ventilation
  ,                                       !- Time of Day Economizer Control Schedule Name
  No,                                     !- High Humidity Control
  ,                                       !- Humidistat Control Zone Name
  ,                                       !- High Humidity Outdoor Air Flow Ratio
  ,                                       !- Control High Indoor Humidity Based on Outdoor Humidity Ratio
  BypassWhenWithinEconomizerLimits,       !- Heat Recovery Bypass Control Type
  InterlockedWithMechanicalCooling;       !- Economizer Operation Staging

OS:Controller:MechanicalVentilation,
  {5bd28105-d837-4ba5-b786-75bb8adb6522}, !- Handle
  Controller Mechanical Ventilation 9,    !- Name
  {c044f5a4-4903-4e6a-9e3e-58c7d1306ff1}, !- Availability Schedule
  ,                                       !- Demand Controlled Ventilation
  ;                                       !- System Outdoor Air Method

OS:AirLoopHVAC:OutdoorAirSystem,
  {16c2158a-eccf-4df7-8102-3749c3fdeb56}, !- Handle
  Zone Office WholeBuilding - Sm Office B end_b - Story Ground PSZ-AC OA System, !- Name
  {a4549739-499f-4183-b911-a05a0db1c8be}, !- Controller Name
  ,                                       !- Outdoor Air Equipment List Name
  ,                                       !- Availability Manager List Name
  {41905d18-7015-44d6-adfe-61a9fb7e8c64}, !- Mixed Air Node Name
  {975635d4-7c70-4f2b-a8ef-5f1276390288}, !- Outdoor Air Stream Node Name
  {f5aa7fbb-ff9c-4086-8e87-a1972bf001d0}, !- Relief Air Stream Node Name
  {7c19c240-52a0-4e2b-9298-1058675496ea}; !- Return Air Stream Node Name

OS:Node,
  {4bfa769d-1b73-411d-a211-e08b26534e43}, !- Handle
  Zone Office WholeBuilding - Sm Office B end_b - Story Ground PSZ-AC Outdoor Air Node, !- Name
  ,                                       !- Inlet Port
  {975635d4-7c70-4f2b-a8ef-5f1276390288}; !- Outlet Port

OS:Connection,
  {975635d4-7c70-4f2b-a8ef-5f1276390288}, !- Handle
  {4bfa769d-1b73-411d-a211-e08b26534e43}, !- Source Object
  3,                                      !- Outlet Port
  {16c2158a-eccf-4df7-8102-3749c3fdeb56}, !- Target Object
  6;                                      !- Inlet Port

OS:Node,
  {603f1c7a-4048-473c-8ba2-bc8b17128684}, !- Handle
  Zone Office WholeBuilding - Sm Office B end_b - Story Ground PSZ-AC Relief Air Node, !- Name
  {f5aa7fbb-ff9c-4086-8e87-a1972bf001d0}, !- Inlet Port
  ;                                       !- Outlet Port

OS:Connection,
  {f5aa7fbb-ff9c-4086-8e87-a1972bf001d0}, !- Handle
  {16c2158a-eccf-4df7-8102-3749c3fdeb56}, !- Source Object
  7,                                      !- Outlet Port
  {603f1c7a-4048-473c-8ba2-bc8b17128684}, !- Target Object
  2;                                      !- Inlet Port

OS:Node,
  {db0975cf-1f2d-4551-af9e-05818bba591e}, !- Handle
  Zone Office WholeBuilding - Sm Office B end_b - Story Ground PSZ-AC Mixed Air Node, !- Name
  {41905d18-7015-44d6-adfe-61a9fb7e8c64}, !- Inlet Port
  {a63943b7-d1e3-4563-b6d5-31b2af487b66}; !- Outlet Port

OS:Connection,
  {7c19c240-52a0-4e2b-9298-1058675496ea}, !- Handle
  {9a28062c-5d65-43be-ae1a-e4094f61331d}, !- Source Object
  3,                                      !- Outlet Port
  {16c2158a-eccf-4df7-8102-3749c3fdeb56}, !- Target Object
  8;                                      !- Inlet Port

OS:Connection,
  {41905d18-7015-44d6-adfe-61a9fb7e8c64}, !- Handle
  {16c2158a-eccf-4df7-8102-3749c3fdeb56}, !- Source Object
  5,                                      !- Outlet Port
  {db0975cf-1f2d-4551-af9e-05818bba591e}, !- Target Object
  2;                                      !- Inlet Port

OS:Connection,
  {a63943b7-d1e3-4563-b6d5-31b2af487b66}, !- Handle
  {db0975cf-1f2d-4551-af9e-05818bba591e}, !- Source Object
  3,                                      !- Outlet Port
  {c53914e6-7699-4399-a903-ed130c274761}, !- Target Object
  6;                                      !- Inlet Port

OS:AvailabilityManager:NightCycle,
  {9131b460-2b9d-47c5-9abb-879729cc1fbc}, !- Handle
  Availability Manager Night Cycle 9,     !- Name
  {c044f5a4-4903-4e6a-9e3e-58c7d1306ff1}, !- Applicability Schedule
  ,                                       !- Fan Schedule
  CycleOnAny,                             !- Control Type
  1,                                      !- Thermostat Tolerance {deltaC}
  ,                                       !- Cycling Run Time Control Type
  1800,                                   !- Cycling Run Time {s}
  {40ed21c2-7097-4c71-bdf0-0841de795714}, !- Control Zone or Zone List Name
  {dd1b60d7-5b8c-4db4-a069-9681f5e75cdd}, !- Cooling Control Zone or Zone List Name
  {760ce002-bddc-411f-a8a5-50df3e2b6d9b}, !- Heating Control Zone or Zone List Name
  {21bbd828-8c60-411a-b093-e5ec7676d1dc}; !- Heating Zone Fans Only Zone or Zone List Name

OS:ModelObjectList,
  {40ed21c2-7097-4c71-bdf0-0841de795714}, !- Handle
  Availability Manager Night Cycle 9 Control Zone List; !- Name

OS:ModelObjectList,
  {dd1b60d7-5b8c-4db4-a069-9681f5e75cdd}, !- Handle
  Availability Manager Night Cycle 9 Cooling Control Zone List; !- Name

OS:ModelObjectList,
  {760ce002-bddc-411f-a8a5-50df3e2b6d9b}, !- Handle
  Availability Manager Night Cycle 9 Heating Control Zone List; !- Name

OS:ModelObjectList,
  {21bbd828-8c60-411a-b093-e5ec7676d1dc}, !- Handle
  Availability Manager Night Cycle 9 Heating Zone Fans Only Zone List; !- Name

OS:AirTerminal:SingleDuct:ConstantVolume:NoReheat,
  {28349590-e240-4cd5-80f7-179c54339a13}, !- Handle
  Zone Office WholeBuilding - Sm Office B end_b - Story Ground PSZ-AC Diffuser, !- Name
  {c044f5a4-4903-4e6a-9e3e-58c7d1306ff1}, !- Availability Schedule Name
  {8919664c-1d9c-49f0-a59f-1d9ee3af3220}, !- Air Inlet Node Name
  {4e97997c-f515-4cf2-9cd2-1065cf89a90f}, !- Air Outlet Node Name
  AutoSize;                               !- Maximum Air Flow Rate {m3/s}

OS:Node,
  {bc3a4e24-b4ff-464d-9f01-159c6e44bb8a}, !- Handle
  Zone Office WholeBuilding - Sm Office B end_b - Story Ground Return Air Node, !- Name
  {8c6f834e-6b34-41ab-8b65-b822da46fd4e}, !- Inlet Port
  {c1bb586d-c543-4d4b-8f35-05e686a56f0d}; !- Outlet Port

OS:Connection,
  {56c1fecc-17d0-4051-baf5-d3ec85a39dc2}, !- Handle
  {ad507087-d96f-4274-85cb-e883cdc0f729}, !- Source Object
  3,                                      !- Outlet Port
  {73974f21-ce04-491c-a350-64857232d312}, !- Target Object
  2;                                      !- Inlet Port

OS:Connection,
  {8c6f834e-6b34-41ab-8b65-b822da46fd4e}, !- Handle
  {ab2cffde-dd0e-4fdb-8004-c00996a4ce06}, !- Source Object
  2,                                      !- Outlet Port
  {bc3a4e24-b4ff-464d-9f01-159c6e44bb8a}, !- Target Object
  2;                                      !- Inlet Port

OS:Connection,
  {c1bb586d-c543-4d4b-8f35-05e686a56f0d}, !- Handle
  {bc3a4e24-b4ff-464d-9f01-159c6e44bb8a}, !- Source Object
  3,                                      !- Outlet Port
  {c3dcebb8-c185-423b-ab0f-5ea380a7bee0}, !- Target Object
  3;                                      !- Inlet Port

OS:Node,
  {72636ce3-6ac8-4b0c-8cb6-d8f16eb77e23}, !- Handle
  Zone Office WholeBuilding - Sm Office B end_b - Story Ground PSZ-AC Diffuser Inlet Air Node, !- Name
  {9d0d0d26-91fa-4c0c-8d8b-56e79f1200e9}, !- Inlet Port
  {8919664c-1d9c-49f0-a59f-1d9ee3af3220}; !- Outlet Port

OS:Connection,
  {9d0d0d26-91fa-4c0c-8d8b-56e79f1200e9}, !- Handle
  {98d261bb-cdde-4b31-bca1-ca57db5a3437}, !- Source Object
  3,                                      !- Outlet Port
  {72636ce3-6ac8-4b0c-8cb6-d8f16eb77e23}, !- Target Object
  2;                                      !- Inlet Port

OS:Connection,
  {8919664c-1d9c-49f0-a59f-1d9ee3af3220}, !- Handle
  {72636ce3-6ac8-4b0c-8cb6-d8f16eb77e23}, !- Source Object
  3,                                      !- Outlet Port
  {28349590-e240-4cd5-80f7-179c54339a13}, !- Target Object
  3;                                      !- Inlet Port

OS:Connection,
  {4e97997c-f515-4cf2-9cd2-1065cf89a90f}, !- Handle
  {28349590-e240-4cd5-80f7-179c54339a13}, !- Source Object
  4,                                      !- Outlet Port
  {ad507087-d96f-4274-85cb-e883cdc0f729}, !- Target Object
  2;                                      !- Inlet Port

OS:Schedule:Ruleset,
  {71dcc5b8-2a77-40a8-bede-31bbb73cef7f}, !- Handle
  Zone Office WholeBuilding - Sm Office A  - Story Ground PSZ-AC Occ Sch, !- Name
  {86d89a5a-8e86-4568-8eed-8c9c4bd6956f}, !- Schedule Type Limits Name
  {32f01c2b-c9a2-4d11-b51a-ddcc4a91bb6e}, !- Default Day Schedule Name
  {7b069da2-cfe8-4f62-8beb-0cb28f3982be}, !- Summer Design Day Schedule Name
  {298484c7-c164-4805-a125-f234b98d73fa}; !- Winter Design Day Schedule Name

OS:Schedule:Day,
  {32f01c2b-c9a2-4d11-b51a-ddcc4a91bb6e}, !- Handle
  Zone Office WholeBuilding - Sm Office A  - Story Ground PSZ-AC Occ Sch Default, !- Name
  {86d89a5a-8e86-4568-8eed-8c9c4bd6956f}, !- Schedule Type Limits Name
  ,                                       !- Interpolate to Timestep
  7,                                      !- Hour 1
  0,                                      !- Minute 1
  0,                                      !- Value Until Time 1
  18,                                     !- Hour 2
  0,                                      !- Minute 2
  1,                                      !- Value Until Time 2
  24,                                     !- Hour 3
  0,                                      !- Minute 3
  0;                                      !- Value Until Time 3

OS:AdditionalProperties,
  {15c962a5-a4b9-4b8f-8b48-17d42ea94c5a}, !- Handle
  {71dcc5b8-2a77-40a8-bede-31bbb73cef7f}, !- Object Name
  max_occ_in_spaces,                      !- Feature Name 1
  Double,                                 !- Feature Data Type 1
  7.7678569196892697,                     !- Feature Value 1
  number_of_spaces_included,              !- Feature Name 2
  Integer,                                !- Feature Data Type 2
  1,                                      !- Feature Value 2
  date_parent_object_last_edited,         !- Feature Name 3
  String,                                 !- Feature Data Type 3
  2024-03-14 16:58:30 UTC,                !- Feature Value 3
  date_parent_object_created,             !- Feature Name 4
  String,                                 !- Feature Data Type 4
  2024-03-14 16:58:30 UTC;                !- Feature Value 4

OS:Schedule:Day,
  {298484c7-c164-4805-a125-f234b98d73fa}, !- Handle
  Zone Office WholeBuilding - Sm Office A  - Story Ground PSZ-AC Occ Sch Winter Design Day, !- Name
  {86d89a5a-8e86-4568-8eed-8c9c4bd6956f}, !- Schedule Type Limits Name
  ,                                       !- Interpolate to Timestep
  24,                                     !- Hour 1
  0,                                      !- Minute 1
  1;                                      !- Value Until Time 1

OS:Schedule:Day,
  {7b069da2-cfe8-4f62-8beb-0cb28f3982be}, !- Handle
  Zone Office WholeBuilding - Sm Office A  - Story Ground PSZ-AC Occ Sch Summer Design Day, !- Name
  {86d89a5a-8e86-4568-8eed-8c9c4bd6956f}, !- Schedule Type Limits Name
  ,                                       !- Interpolate to Timestep
  24,                                     !- Hour 1
  0,                                      !- Minute 1
  1;                                      !- Value Until Time 1

OS:Schedule:Rule,
  {325846e2-5654-4929-b852-f9065335ae62}, !- Handle
  Zone Office WholeBuilding - Sm Office A  - Story Ground PSZ-AC Occ Sch Sunday Rule, !- Name
  {71dcc5b8-2a77-40a8-bede-31bbb73cef7f}, !- Schedule Ruleset Name
  0,                                      !- Rule Order
  {286e6ff3-6eff-4444-bddc-fa7c717ff510}, !- Day Schedule Name
  Yes,                                    !- Apply Sunday
  ,                                       !- Apply Monday
  ,                                       !- Apply Tuesday
  ,                                       !- Apply Wednesday
  ,                                       !- Apply Thursday
  ,                                       !- Apply Friday
  Yes,                                    !- Apply Saturday
  DateRange,                              !- Date Specification Type
  1,                                      !- Start Month
  1,                                      !- Start Day
  12,                                     !- End Month
  31;                                     !- End Day

OS:Schedule:Day,
  {286e6ff3-6eff-4444-bddc-fa7c717ff510}, !- Handle
  Zone Office WholeBuilding - Sm Office A  - Story Ground PSZ-AC Occ Sch Sunday, !- Name
  {86d89a5a-8e86-4568-8eed-8c9c4bd6956f}, !- Schedule Type Limits Name
  ,                                       !- Interpolate to Timestep
  24,                                     !- Hour 1
  0,                                      !- Minute 1
  0;                                      !- Value Until Time 1

OS:ScheduleTypeLimits,
  {86d89a5a-8e86-4568-8eed-8c9c4bd6956f}, !- Handle
  ControlMode,                            !- Name
  0,                                      !- Lower Limit Value
  1,                                      !- Upper Limit Value
  Discrete,                               !- Numeric Type
  ControlMode;                            !- Unit Type

OS:Schedule:Ruleset,
  {1a048ea0-bf6f-4fbb-a7da-242588689eba}, !- Handle
  ZoneOfficeWholeBuildingSmOfficeAStoryGroundPSZACmaxOASch, !- Name
  {386cd627-c084-42b2-8a0a-3875955c84a9}, !- Schedule Type Limits Name
  {37d91aa1-ccde-415e-ad93-36a8bc748528}; !- Default Day Schedule Name

OS:Schedule:Day,
  {37d91aa1-ccde-415e-ad93-36a8bc748528}, !- Handle
  ZoneOfficeWholeBuildingSmOfficeAStoryGroundPSZACmaxOASchDefault, !- Name
  {386cd627-c084-42b2-8a0a-3875955c84a9}, !- Schedule Type Limits Name
  ,                                       !- Interpolate to Timestep
  24,                                     !- Hour 1
  0,                                      !- Minute 1
  0.7;                                    !- Value Until Time 1

OS:Schedule:Ruleset,
  {8ceec393-179a-40ef-a9eb-b792a01b6b94}, !- Handle
  Zone Office WholeBuilding - Sm Office A end_a - Story Ground PSZ-AC Occ Sch, !- Name
  {86d89a5a-8e86-4568-8eed-8c9c4bd6956f}, !- Schedule Type Limits Name
  {69a85711-c4b6-453b-951e-f64ffe6a635e}, !- Default Day Schedule Name
  {86a2df50-f914-41e8-9b0e-f61090f02fb7}, !- Summer Design Day Schedule Name
  {01dd1426-7817-44af-be01-f794011c1d62}; !- Winter Design Day Schedule Name

OS:Schedule:Day,
  {69a85711-c4b6-453b-951e-f64ffe6a635e}, !- Handle
  Zone Office WholeBuilding - Sm Office A end_a - Story Ground PSZ-AC Occ Sch Default, !- Name
  {86d89a5a-8e86-4568-8eed-8c9c4bd6956f}, !- Schedule Type Limits Name
  ,                                       !- Interpolate to Timestep
  7,                                      !- Hour 1
  0,                                      !- Minute 1
  0,                                      !- Value Until Time 1
  18,                                     !- Hour 2
  0,                                      !- Minute 2
  1,                                      !- Value Until Time 2
  24,                                     !- Hour 3
  0,                                      !- Minute 3
  0;                                      !- Value Until Time 3

OS:AdditionalProperties,
  {c02ea341-b665-4cc6-895d-7f41e5537375}, !- Handle
  {8ceec393-179a-40ef-a9eb-b792a01b6b94}, !- Object Name
  max_occ_in_spaces,                      !- Feature Name 1
  Double,                                 !- Feature Data Type 1
  1.25999999999999,                       !- Feature Value 1
  number_of_spaces_included,              !- Feature Name 2
  Integer,                                !- Feature Data Type 2
  1,                                      !- Feature Value 2
  date_parent_object_last_edited,         !- Feature Name 3
  String,                                 !- Feature Data Type 3
  2024-03-14 16:58:30 UTC,                !- Feature Value 3
  date_parent_object_created,             !- Feature Name 4
  String,                                 !- Feature Data Type 4
  2024-03-14 16:58:30 UTC;                !- Feature Value 4

OS:Schedule:Day,
  {01dd1426-7817-44af-be01-f794011c1d62}, !- Handle
  Zone Office WholeBuilding - Sm Office A end_a - Story Ground PSZ-AC Occ Sch Winter Design Day, !- Name
  {86d89a5a-8e86-4568-8eed-8c9c4bd6956f}, !- Schedule Type Limits Name
  ,                                       !- Interpolate to Timestep
  24,                                     !- Hour 1
  0,                                      !- Minute 1
  1;                                      !- Value Until Time 1

OS:Schedule:Day,
  {86a2df50-f914-41e8-9b0e-f61090f02fb7}, !- Handle
  Zone Office WholeBuilding - Sm Office A end_a - Story Ground PSZ-AC Occ Sch Summer Design Day, !- Name
  {86d89a5a-8e86-4568-8eed-8c9c4bd6956f}, !- Schedule Type Limits Name
  ,                                       !- Interpolate to Timestep
  24,                                     !- Hour 1
  0,                                      !- Minute 1
  1;                                      !- Value Until Time 1

OS:Schedule:Rule,
  {ca6a83eb-7f19-4efe-befa-c359d46a6d2f}, !- Handle
  Zone Office WholeBuilding - Sm Office A end_a - Story Ground PSZ-AC Occ Sch Sunday Rule, !- Name
  {8ceec393-179a-40ef-a9eb-b792a01b6b94}, !- Schedule Ruleset Name
  0,                                      !- Rule Order
  {8db7bd05-05e3-42bb-8c83-86e41ce71dd4}, !- Day Schedule Name
  Yes,                                    !- Apply Sunday
  ,                                       !- Apply Monday
  ,                                       !- Apply Tuesday
  ,                                       !- Apply Wednesday
  ,                                       !- Apply Thursday
  ,                                       !- Apply Friday
  Yes,                                    !- Apply Saturday
  DateRange,                              !- Date Specification Type
  1,                                      !- Start Month
  1,                                      !- Start Day
  12,                                     !- End Month
  31;                                     !- End Day

OS:Schedule:Day,
  {8db7bd05-05e3-42bb-8c83-86e41ce71dd4}, !- Handle
  Zone Office WholeBuilding - Sm Office A end_a - Story Ground PSZ-AC Occ Sch Sunday, !- Name
  {86d89a5a-8e86-4568-8eed-8c9c4bd6956f}, !- Schedule Type Limits Name
  ,                                       !- Interpolate to Timestep
  24,                                     !- Hour 1
  0,                                      !- Minute 1
  0;                                      !- Value Until Time 1

OS:Schedule:Ruleset,
  {34e7f291-370e-4f93-abb5-8e03c150658a}, !- Handle
  ZoneOfficeWholeBuildingSmOfficeAendaStoryGroundPSZACmaxOASch, !- Name
  {386cd627-c084-42b2-8a0a-3875955c84a9}, !- Schedule Type Limits Name
  {1616b417-5609-4510-aca7-7baa664f8823}; !- Default Day Schedule Name

OS:Schedule:Day,
  {1616b417-5609-4510-aca7-7baa664f8823}, !- Handle
  ZoneOfficeWholeBuildingSmOfficeAendaStoryGroundPSZACmaxOASchDefault, !- Name
  {386cd627-c084-42b2-8a0a-3875955c84a9}, !- Schedule Type Limits Name
  ,                                       !- Interpolate to Timestep
  24,                                     !- Hour 1
  0,                                      !- Minute 1
  0.7;                                    !- Value Until Time 1

OS:Schedule:Ruleset,
  {97b1a79a-1131-493e-8aa1-7d8f5680da2a}, !- Handle
  Zone Office WholeBuilding - Sm Office A end_b - Story Ground PSZ-AC Occ Sch, !- Name
  {86d89a5a-8e86-4568-8eed-8c9c4bd6956f}, !- Schedule Type Limits Name
  {b73d558e-37a4-4627-bd56-75b05cd36125}, !- Default Day Schedule Name
  {9019da90-b7a6-4b04-b4b9-7761dd013487}, !- Summer Design Day Schedule Name
  {ec8aaa34-096e-4ebc-bfab-20169a0b39ed}; !- Winter Design Day Schedule Name

OS:Schedule:Day,
  {b73d558e-37a4-4627-bd56-75b05cd36125}, !- Handle
  Zone Office WholeBuilding - Sm Office A end_b - Story Ground PSZ-AC Occ Sch Default, !- Name
  {86d89a5a-8e86-4568-8eed-8c9c4bd6956f}, !- Schedule Type Limits Name
  ,                                       !- Interpolate to Timestep
  7,                                      !- Hour 1
  0,                                      !- Minute 1
  0,                                      !- Value Until Time 1
  18,                                     !- Hour 2
  0,                                      !- Minute 2
  1,                                      !- Value Until Time 2
  24,                                     !- Hour 3
  0,                                      !- Minute 3
  0;                                      !- Value Until Time 3

OS:AdditionalProperties,
  {9a665315-1165-4dbf-b55d-d3d8091c9028}, !- Handle
  {97b1a79a-1131-493e-8aa1-7d8f5680da2a}, !- Object Name
  max_occ_in_spaces,                      !- Feature Name 1
  Double,                                 !- Feature Data Type 1
  1.259999999999988,                      !- Feature Value 1
  number_of_spaces_included,              !- Feature Name 2
  Integer,                                !- Feature Data Type 2
  1,                                      !- Feature Value 2
  date_parent_object_last_edited,         !- Feature Name 3
  String,                                 !- Feature Data Type 3
  2024-03-14 16:58:30 UTC,                !- Feature Value 3
  date_parent_object_created,             !- Feature Name 4
  String,                                 !- Feature Data Type 4
  2024-03-14 16:58:30 UTC;                !- Feature Value 4

OS:Schedule:Day,
  {ec8aaa34-096e-4ebc-bfab-20169a0b39ed}, !- Handle
  Zone Office WholeBuilding - Sm Office A end_b - Story Ground PSZ-AC Occ Sch Winter Design Day, !- Name
  {86d89a5a-8e86-4568-8eed-8c9c4bd6956f}, !- Schedule Type Limits Name
  ,                                       !- Interpolate to Timestep
  24,                                     !- Hour 1
  0,                                      !- Minute 1
  1;                                      !- Value Until Time 1

OS:Schedule:Day,
  {9019da90-b7a6-4b04-b4b9-7761dd013487}, !- Handle
  Zone Office WholeBuilding - Sm Office A end_b - Story Ground PSZ-AC Occ Sch Summer Design Day, !- Name
  {86d89a5a-8e86-4568-8eed-8c9c4bd6956f}, !- Schedule Type Limits Name
  ,                                       !- Interpolate to Timestep
  24,                                     !- Hour 1
  0,                                      !- Minute 1
  1;                                      !- Value Until Time 1

OS:Schedule:Rule,
  {435f0afe-f003-4619-b091-2a319bc1d212}, !- Handle
  Zone Office WholeBuilding - Sm Office A end_b - Story Ground PSZ-AC Occ Sch Sunday Rule, !- Name
  {97b1a79a-1131-493e-8aa1-7d8f5680da2a}, !- Schedule Ruleset Name
  0,                                      !- Rule Order
  {102087dd-7a63-4fce-8348-5d71c637b338}, !- Day Schedule Name
  Yes,                                    !- Apply Sunday
  ,                                       !- Apply Monday
  ,                                       !- Apply Tuesday
  ,                                       !- Apply Wednesday
  ,                                       !- Apply Thursday
  ,                                       !- Apply Friday
  Yes,                                    !- Apply Saturday
  DateRange,                              !- Date Specification Type
  1,                                      !- Start Month
  1,                                      !- Start Day
  12,                                     !- End Month
  31;                                     !- End Day

OS:Schedule:Day,
  {102087dd-7a63-4fce-8348-5d71c637b338}, !- Handle
  Zone Office WholeBuilding - Sm Office A end_b - Story Ground PSZ-AC Occ Sch Sunday, !- Name
  {86d89a5a-8e86-4568-8eed-8c9c4bd6956f}, !- Schedule Type Limits Name
  ,                                       !- Interpolate to Timestep
  24,                                     !- Hour 1
  0,                                      !- Minute 1
  0;                                      !- Value Until Time 1

OS:Schedule:Ruleset,
  {95ae0d45-d018-48e2-8695-d25dc35a920e}, !- Handle
  ZoneOfficeWholeBuildingSmOfficeAendbStoryGroundPSZACmaxOASch, !- Name
  {386cd627-c084-42b2-8a0a-3875955c84a9}, !- Schedule Type Limits Name
  {173b7216-ef61-43e0-b061-6ad76a6f168b}; !- Default Day Schedule Name

OS:Schedule:Day,
  {173b7216-ef61-43e0-b061-6ad76a6f168b}, !- Handle
  ZoneOfficeWholeBuildingSmOfficeAendbStoryGroundPSZACmaxOASchDefault, !- Name
  {386cd627-c084-42b2-8a0a-3875955c84a9}, !- Schedule Type Limits Name
  ,                                       !- Interpolate to Timestep
  24,                                     !- Hour 1
  0,                                      !- Minute 1
  0.7;                                    !- Value Until Time 1

OS:Schedule:Ruleset,
  {008fedf6-5a00-4602-bcba-940ae12a4968}, !- Handle
  Zone Office WholeBuilding - Sm Office B  - Story Ground PSZ-AC Occ Sch, !- Name
  {86d89a5a-8e86-4568-8eed-8c9c4bd6956f}, !- Schedule Type Limits Name
  {81a759c8-8b72-48a7-b0a3-e9e9e154b2c6}, !- Default Day Schedule Name
  {64ff65f4-59a7-484b-8ca4-078a240bfe8e}, !- Summer Design Day Schedule Name
  {e6be01db-760f-49ac-9cce-0ebda3f057bd}; !- Winter Design Day Schedule Name

OS:Schedule:Day,
  {81a759c8-8b72-48a7-b0a3-e9e9e154b2c6}, !- Handle
  Zone Office WholeBuilding - Sm Office B  - Story Ground PSZ-AC Occ Sch Default, !- Name
  {86d89a5a-8e86-4568-8eed-8c9c4bd6956f}, !- Schedule Type Limits Name
  ,                                       !- Interpolate to Timestep
  7,                                      !- Hour 1
  0,                                      !- Minute 1
  0,                                      !- Value Until Time 1
  18,                                     !- Hour 2
  0,                                      !- Minute 2
  1,                                      !- Value Until Time 2
  24,                                     !- Hour 3
  0,                                      !- Minute 3
  0;                                      !- Value Until Time 3

OS:AdditionalProperties,
  {a654f45f-667c-465f-94c3-e00eda636f34}, !- Handle
  {008fedf6-5a00-4602-bcba-940ae12a4968}, !- Object Name
  max_occ_in_spaces,                      !- Feature Name 1
  Double,                                 !- Feature Data Type 1
  26.74714360103545,                      !- Feature Value 1
  number_of_spaces_included,              !- Feature Name 2
  Integer,                                !- Feature Data Type 2
  1,                                      !- Feature Value 2
  date_parent_object_last_edited,         !- Feature Name 3
  String,                                 !- Feature Data Type 3
  2024-03-14 16:58:30 UTC,                !- Feature Value 3
  date_parent_object_created,             !- Feature Name 4
  String,                                 !- Feature Data Type 4
  2024-03-14 16:58:30 UTC;                !- Feature Value 4

OS:Schedule:Day,
  {e6be01db-760f-49ac-9cce-0ebda3f057bd}, !- Handle
  Zone Office WholeBuilding - Sm Office B  - Story Ground PSZ-AC Occ Sch Winter Design Day, !- Name
  {86d89a5a-8e86-4568-8eed-8c9c4bd6956f}, !- Schedule Type Limits Name
  ,                                       !- Interpolate to Timestep
  24,                                     !- Hour 1
  0,                                      !- Minute 1
  1;                                      !- Value Until Time 1

OS:Schedule:Day,
  {64ff65f4-59a7-484b-8ca4-078a240bfe8e}, !- Handle
  Zone Office WholeBuilding - Sm Office B  - Story Ground PSZ-AC Occ Sch Summer Design Day, !- Name
  {86d89a5a-8e86-4568-8eed-8c9c4bd6956f}, !- Schedule Type Limits Name
  ,                                       !- Interpolate to Timestep
  24,                                     !- Hour 1
  0,                                      !- Minute 1
  1;                                      !- Value Until Time 1

OS:Schedule:Rule,
  {18db1a62-2b4e-4510-95ab-05d644b9bebd}, !- Handle
  Zone Office WholeBuilding - Sm Office B  - Story Ground PSZ-AC Occ Sch Sunday Rule, !- Name
  {008fedf6-5a00-4602-bcba-940ae12a4968}, !- Schedule Ruleset Name
  0,                                      !- Rule Order
  {53132ad8-6108-4b31-8659-83795b8f84b9}, !- Day Schedule Name
  Yes,                                    !- Apply Sunday
  ,                                       !- Apply Monday
  ,                                       !- Apply Tuesday
  ,                                       !- Apply Wednesday
  ,                                       !- Apply Thursday
  ,                                       !- Apply Friday
  Yes,                                    !- Apply Saturday
  DateRange,                              !- Date Specification Type
  1,                                      !- Start Month
  1,                                      !- Start Day
  12,                                     !- End Month
  31;                                     !- End Day

OS:Schedule:Day,
  {53132ad8-6108-4b31-8659-83795b8f84b9}, !- Handle
  Zone Office WholeBuilding - Sm Office B  - Story Ground PSZ-AC Occ Sch Sunday, !- Name
  {86d89a5a-8e86-4568-8eed-8c9c4bd6956f}, !- Schedule Type Limits Name
  ,                                       !- Interpolate to Timestep
  24,                                     !- Hour 1
  0,                                      !- Minute 1
  0;                                      !- Value Until Time 1

OS:Schedule:Ruleset,
  {a83ccd33-14cb-429b-a8e1-15e39a004691}, !- Handle
  ZoneOfficeWholeBuildingSmOfficeBStoryGroundPSZACmaxOASch, !- Name
  {386cd627-c084-42b2-8a0a-3875955c84a9}, !- Schedule Type Limits Name
  {d5739e53-0d6a-4c28-a1e5-1d0a3f69f00c}; !- Default Day Schedule Name

OS:Schedule:Day,
  {d5739e53-0d6a-4c28-a1e5-1d0a3f69f00c}, !- Handle
  ZoneOfficeWholeBuildingSmOfficeBStoryGroundPSZACmaxOASchDefault, !- Name
  {386cd627-c084-42b2-8a0a-3875955c84a9}, !- Schedule Type Limits Name
  ,                                       !- Interpolate to Timestep
  24,                                     !- Hour 1
  0,                                      !- Minute 1
  0.7;                                    !- Value Until Time 1

OS:Schedule:Ruleset,
  {5c59c0a9-4dae-446f-86d8-2a53ff4cfb41}, !- Handle
  Zone Office WholeBuilding - Sm Office B end_a - Story Ground PSZ-AC Occ Sch, !- Name
  {86d89a5a-8e86-4568-8eed-8c9c4bd6956f}, !- Schedule Type Limits Name
  {8696b2a3-88c5-4ae8-9044-448e534036ae}, !- Default Day Schedule Name
  {9ac4b3c4-b238-465c-aaa0-23263ad25755}, !- Summer Design Day Schedule Name
  {3d8c36bf-4ee5-4d7f-bfda-85da1d15f4c1}; !- Winter Design Day Schedule Name

OS:Schedule:Day,
  {8696b2a3-88c5-4ae8-9044-448e534036ae}, !- Handle
  Zone Office WholeBuilding - Sm Office B end_a - Story Ground PSZ-AC Occ Sch Default, !- Name
  {86d89a5a-8e86-4568-8eed-8c9c4bd6956f}, !- Schedule Type Limits Name
  ,                                       !- Interpolate to Timestep
  7,                                      !- Hour 1
  0,                                      !- Minute 1
  0,                                      !- Value Until Time 1
  18,                                     !- Hour 2
  0,                                      !- Minute 2
  1,                                      !- Value Until Time 2
  24,                                     !- Hour 3
  0,                                      !- Minute 3
  0;                                      !- Value Until Time 3

OS:AdditionalProperties,
  {d03c2be8-619b-4631-ba9b-f8435f9301ef}, !- Handle
  {5c59c0a9-4dae-446f-86d8-2a53ff4cfb41}, !- Object Name
  max_occ_in_spaces,                      !- Feature Name 1
  Double,                                 !- Feature Data Type 1
  4.338571279792899,                      !- Feature Value 1
  number_of_spaces_included,              !- Feature Name 2
  Integer,                                !- Feature Data Type 2
  1,                                      !- Feature Value 2
  date_parent_object_last_edited,         !- Feature Name 3
  String,                                 !- Feature Data Type 3
  2024-03-14 16:58:30 UTC,                !- Feature Value 3
  date_parent_object_created,             !- Feature Name 4
  String,                                 !- Feature Data Type 4
  2024-03-14 16:58:30 UTC;                !- Feature Value 4

OS:Schedule:Day,
  {3d8c36bf-4ee5-4d7f-bfda-85da1d15f4c1}, !- Handle
  Zone Office WholeBuilding - Sm Office B end_a - Story Ground PSZ-AC Occ Sch Winter Design Day, !- Name
  {86d89a5a-8e86-4568-8eed-8c9c4bd6956f}, !- Schedule Type Limits Name
  ,                                       !- Interpolate to Timestep
  24,                                     !- Hour 1
  0,                                      !- Minute 1
  1;                                      !- Value Until Time 1

OS:Schedule:Day,
  {9ac4b3c4-b238-465c-aaa0-23263ad25755}, !- Handle
  Zone Office WholeBuilding - Sm Office B end_a - Story Ground PSZ-AC Occ Sch Summer Design Day, !- Name
  {86d89a5a-8e86-4568-8eed-8c9c4bd6956f}, !- Schedule Type Limits Name
  ,                                       !- Interpolate to Timestep
  24,                                     !- Hour 1
  0,                                      !- Minute 1
  1;                                      !- Value Until Time 1

OS:Schedule:Rule,
  {411fcf54-041c-4c41-b734-c68e3a906a31}, !- Handle
  Zone Office WholeBuilding - Sm Office B end_a - Story Ground PSZ-AC Occ Sch Sunday Rule, !- Name
  {5c59c0a9-4dae-446f-86d8-2a53ff4cfb41}, !- Schedule Ruleset Name
  0,                                      !- Rule Order
  {3a4c5839-98da-487b-b0ef-163c8c6d4812}, !- Day Schedule Name
  Yes,                                    !- Apply Sunday
  ,                                       !- Apply Monday
  ,                                       !- Apply Tuesday
  ,                                       !- Apply Wednesday
  ,                                       !- Apply Thursday
  ,                                       !- Apply Friday
  Yes,                                    !- Apply Saturday
  DateRange,                              !- Date Specification Type
  1,                                      !- Start Month
  1,                                      !- Start Day
  12,                                     !- End Month
  31;                                     !- End Day

OS:Schedule:Day,
  {3a4c5839-98da-487b-b0ef-163c8c6d4812}, !- Handle
  Zone Office WholeBuilding - Sm Office B end_a - Story Ground PSZ-AC Occ Sch Sunday, !- Name
  {86d89a5a-8e86-4568-8eed-8c9c4bd6956f}, !- Schedule Type Limits Name
  ,                                       !- Interpolate to Timestep
  24,                                     !- Hour 1
  0,                                      !- Minute 1
  0;                                      !- Value Until Time 1

OS:Schedule:Ruleset,
  {d6362551-f71c-49fc-9581-62aa9d527d71}, !- Handle
  ZoneOfficeWholeBuildingSmOfficeBendaStoryGroundPSZACmaxOASch, !- Name
  {386cd627-c084-42b2-8a0a-3875955c84a9}, !- Schedule Type Limits Name
  {224f3510-e42b-4962-9525-805ec32d64e8}; !- Default Day Schedule Name

OS:Schedule:Day,
  {224f3510-e42b-4962-9525-805ec32d64e8}, !- Handle
  ZoneOfficeWholeBuildingSmOfficeBendaStoryGroundPSZACmaxOASchDefault, !- Name
  {386cd627-c084-42b2-8a0a-3875955c84a9}, !- Schedule Type Limits Name
  ,                                       !- Interpolate to Timestep
  24,                                     !- Hour 1
  0,                                      !- Minute 1
  0.7;                                    !- Value Until Time 1

OS:Schedule:Ruleset,
  {ad9f297c-d8e7-43ca-843d-aaa2122cbfa8}, !- Handle
  Zone Office WholeBuilding - Sm Office B end_b - Story Ground PSZ-AC Occ Sch, !- Name
  {86d89a5a-8e86-4568-8eed-8c9c4bd6956f}, !- Schedule Type Limits Name
  {ec33863e-7d1d-41ca-8b4d-fac8fb009bd3}, !- Default Day Schedule Name
  {3714036a-f07d-430e-8a13-ec38498203d5}, !- Summer Design Day Schedule Name
  {42955ea4-127d-4ddb-b519-8c7dcda340c5}; !- Winter Design Day Schedule Name

OS:Schedule:Day,
  {ec33863e-7d1d-41ca-8b4d-fac8fb009bd3}, !- Handle
  Zone Office WholeBuilding - Sm Office B end_b - Story Ground PSZ-AC Occ Sch Default, !- Name
  {86d89a5a-8e86-4568-8eed-8c9c4bd6956f}, !- Schedule Type Limits Name
  ,                                       !- Interpolate to Timestep
  7,                                      !- Hour 1
  0,                                      !- Minute 1
  0,                                      !- Value Until Time 1
  18,                                     !- Hour 2
  0,                                      !- Minute 2
  1,                                      !- Value Until Time 2
  24,                                     !- Hour 3
  0,                                      !- Minute 3
  0;                                      !- Value Until Time 3

OS:AdditionalProperties,
  {5db358e9-a2c5-432a-b446-3533e931da26}, !- Handle
  {ad9f297c-d8e7-43ca-843d-aaa2122cbfa8}, !- Object Name
  max_occ_in_spaces,                      !- Feature Name 1
  Double,                                 !- Feature Data Type 1
  4.338571279792891,                      !- Feature Value 1
  number_of_spaces_included,              !- Feature Name 2
  Integer,                                !- Feature Data Type 2
  1,                                      !- Feature Value 2
  date_parent_object_last_edited,         !- Feature Name 3
  String,                                 !- Feature Data Type 3
  2024-03-14 16:58:30 UTC,                !- Feature Value 3
  date_parent_object_created,             !- Feature Name 4
  String,                                 !- Feature Data Type 4
  2024-03-14 16:58:30 UTC;                !- Feature Value 4

OS:Schedule:Day,
  {42955ea4-127d-4ddb-b519-8c7dcda340c5}, !- Handle
  Zone Office WholeBuilding - Sm Office B end_b - Story Ground PSZ-AC Occ Sch Winter Design Day, !- Name
  {86d89a5a-8e86-4568-8eed-8c9c4bd6956f}, !- Schedule Type Limits Name
  ,                                       !- Interpolate to Timestep
  24,                                     !- Hour 1
  0,                                      !- Minute 1
  1;                                      !- Value Until Time 1

OS:Schedule:Day,
  {3714036a-f07d-430e-8a13-ec38498203d5}, !- Handle
  Zone Office WholeBuilding - Sm Office B end_b - Story Ground PSZ-AC Occ Sch Summer Design Day, !- Name
  {86d89a5a-8e86-4568-8eed-8c9c4bd6956f}, !- Schedule Type Limits Name
  ,                                       !- Interpolate to Timestep
  24,                                     !- Hour 1
  0,                                      !- Minute 1
  1;                                      !- Value Until Time 1

OS:Schedule:Rule,
  {7f2e69b5-39fe-4af6-a052-d25f33316b4c}, !- Handle
  Zone Office WholeBuilding - Sm Office B end_b - Story Ground PSZ-AC Occ Sch Sunday Rule, !- Name
  {ad9f297c-d8e7-43ca-843d-aaa2122cbfa8}, !- Schedule Ruleset Name
  0,                                      !- Rule Order
  {1ecc646c-f2c2-48c2-a274-eb5cc76bb390}, !- Day Schedule Name
  Yes,                                    !- Apply Sunday
  ,                                       !- Apply Monday
  ,                                       !- Apply Tuesday
  ,                                       !- Apply Wednesday
  ,                                       !- Apply Thursday
  ,                                       !- Apply Friday
  Yes,                                    !- Apply Saturday
  DateRange,                              !- Date Specification Type
  1,                                      !- Start Month
  1,                                      !- Start Day
  12,                                     !- End Month
  31;                                     !- End Day

OS:Schedule:Day,
  {1ecc646c-f2c2-48c2-a274-eb5cc76bb390}, !- Handle
  Zone Office WholeBuilding - Sm Office B end_b - Story Ground PSZ-AC Occ Sch Sunday, !- Name
  {86d89a5a-8e86-4568-8eed-8c9c4bd6956f}, !- Schedule Type Limits Name
  ,                                       !- Interpolate to Timestep
  24,                                     !- Hour 1
  0,                                      !- Minute 1
  0;                                      !- Value Until Time 1

OS:Schedule:Ruleset,
  {d516cc77-2e4f-486e-8ea7-98bf322b0d03}, !- Handle
  ZoneOfficeWholeBuildingSmOfficeBendbStoryGroundPSZACmaxOASch, !- Name
  {386cd627-c084-42b2-8a0a-3875955c84a9}, !- Schedule Type Limits Name
  {545f780d-eb8c-47d7-b39c-9ffc59ef4d99}; !- Default Day Schedule Name

OS:Schedule:Day,
  {545f780d-eb8c-47d7-b39c-9ffc59ef4d99}, !- Handle
  ZoneOfficeWholeBuildingSmOfficeBendbStoryGroundPSZACmaxOASchDefault, !- Name
  {386cd627-c084-42b2-8a0a-3875955c84a9}, !- Schedule Type Limits Name
  ,                                       !- Interpolate to Timestep
  24,                                     !- Hour 1
  0,                                      !- Minute 1
  0.7;                                    !- Value Until Time 1

OS:Schedule:Ruleset,
  {6542c4eb-d766-496c-b2f0-99492a94ac91}, !- Handle
  Zone Office WholeBuilding - Sm Office C  - Story Ground PSZ-AC Occ Sch, !- Name
  {86d89a5a-8e86-4568-8eed-8c9c4bd6956f}, !- Schedule Type Limits Name
  {c7f8693a-a146-48be-85ad-44628d3835e7}, !- Default Day Schedule Name
  {43026161-1c71-4800-bc0e-e66d6ec861a3}, !- Summer Design Day Schedule Name
  {1dcb7ed1-2da5-4daa-b412-cf87b3f09daf}; !- Winter Design Day Schedule Name

OS:Schedule:Day,
  {c7f8693a-a146-48be-85ad-44628d3835e7}, !- Handle
  Zone Office WholeBuilding - Sm Office C  - Story Ground PSZ-AC Occ Sch Default, !- Name
  {86d89a5a-8e86-4568-8eed-8c9c4bd6956f}, !- Schedule Type Limits Name
  ,                                       !- Interpolate to Timestep
  7,                                      !- Hour 1
  0,                                      !- Minute 1
  0,                                      !- Value Until Time 1
  18,                                     !- Hour 2
  0,                                      !- Minute 2
  1,                                      !- Value Until Time 2
  24,                                     !- Hour 3
  0,                                      !- Minute 3
  0;                                      !- Value Until Time 3

OS:AdditionalProperties,
  {b4e36f28-b126-4ebc-b90e-19981cd7bf10}, !- Handle
  {6542c4eb-d766-496c-b2f0-99492a94ac91}, !- Object Name
  max_occ_in_spaces,                      !- Feature Name 1
  Double,                                 !- Feature Data Type 1
  7.7678569196892697,                     !- Feature Value 1
  number_of_spaces_included,              !- Feature Name 2
  Integer,                                !- Feature Data Type 2
  1,                                      !- Feature Value 2
  date_parent_object_last_edited,         !- Feature Name 3
  String,                                 !- Feature Data Type 3
  2024-03-14 16:58:30 UTC,                !- Feature Value 3
  date_parent_object_created,             !- Feature Name 4
  String,                                 !- Feature Data Type 4
  2024-03-14 16:58:30 UTC;                !- Feature Value 4

OS:Schedule:Day,
  {1dcb7ed1-2da5-4daa-b412-cf87b3f09daf}, !- Handle
  Zone Office WholeBuilding - Sm Office C  - Story Ground PSZ-AC Occ Sch Winter Design Day, !- Name
  {86d89a5a-8e86-4568-8eed-8c9c4bd6956f}, !- Schedule Type Limits Name
  ,                                       !- Interpolate to Timestep
  24,                                     !- Hour 1
  0,                                      !- Minute 1
  1;                                      !- Value Until Time 1

OS:Schedule:Day,
  {43026161-1c71-4800-bc0e-e66d6ec861a3}, !- Handle
  Zone Office WholeBuilding - Sm Office C  - Story Ground PSZ-AC Occ Sch Summer Design Day, !- Name
  {86d89a5a-8e86-4568-8eed-8c9c4bd6956f}, !- Schedule Type Limits Name
  ,                                       !- Interpolate to Timestep
  24,                                     !- Hour 1
  0,                                      !- Minute 1
  1;                                      !- Value Until Time 1

OS:Schedule:Rule,
  {6d149c1a-f99d-4f47-bd1d-dfa6f39da29f}, !- Handle
  Zone Office WholeBuilding - Sm Office C  - Story Ground PSZ-AC Occ Sch Sunday Rule, !- Name
  {6542c4eb-d766-496c-b2f0-99492a94ac91}, !- Schedule Ruleset Name
  0,                                      !- Rule Order
  {583553c4-188f-46d3-816d-9ea6b0331725}, !- Day Schedule Name
  Yes,                                    !- Apply Sunday
  ,                                       !- Apply Monday
  ,                                       !- Apply Tuesday
  ,                                       !- Apply Wednesday
  ,                                       !- Apply Thursday
  ,                                       !- Apply Friday
  Yes,                                    !- Apply Saturday
  DateRange,                              !- Date Specification Type
  1,                                      !- Start Month
  1,                                      !- Start Day
  12,                                     !- End Month
  31;                                     !- End Day

OS:Schedule:Day,
  {583553c4-188f-46d3-816d-9ea6b0331725}, !- Handle
  Zone Office WholeBuilding - Sm Office C  - Story Ground PSZ-AC Occ Sch Sunday, !- Name
  {86d89a5a-8e86-4568-8eed-8c9c4bd6956f}, !- Schedule Type Limits Name
  ,                                       !- Interpolate to Timestep
  24,                                     !- Hour 1
  0,                                      !- Minute 1
  0;                                      !- Value Until Time 1

OS:Schedule:Ruleset,
  {05e1f8ba-a316-4b6a-9329-26dfb5767f8f}, !- Handle
  ZoneOfficeWholeBuildingSmOfficeCStoryGroundPSZACmaxOASch, !- Name
  {386cd627-c084-42b2-8a0a-3875955c84a9}, !- Schedule Type Limits Name
  {f200fed0-67be-40ee-b33e-ba5253f1a728}; !- Default Day Schedule Name

OS:Schedule:Day,
  {f200fed0-67be-40ee-b33e-ba5253f1a728}, !- Handle
  ZoneOfficeWholeBuildingSmOfficeCStoryGroundPSZACmaxOASchDefault, !- Name
  {386cd627-c084-42b2-8a0a-3875955c84a9}, !- Schedule Type Limits Name
  ,                                       !- Interpolate to Timestep
  24,                                     !- Hour 1
  0,                                      !- Minute 1
  0.7;                                    !- Value Until Time 1

OS:Schedule:Ruleset,
  {e9f05b11-5a72-45f5-9312-ef1e7a530237}, !- Handle
  Zone Office WholeBuilding - Sm Office C end_a - Story Ground PSZ-AC Occ Sch, !- Name
  {86d89a5a-8e86-4568-8eed-8c9c4bd6956f}, !- Schedule Type Limits Name
  {ef4a9bc0-6a0f-48ef-a843-8274946dd697}, !- Default Day Schedule Name
  {8c91d659-3bad-4e79-9785-28f17cee1e3f}, !- Summer Design Day Schedule Name
  {4c4eec45-64d2-46f7-8561-9b1dd57ec3f0}; !- Winter Design Day Schedule Name

OS:Schedule:Day,
  {ef4a9bc0-6a0f-48ef-a843-8274946dd697}, !- Handle
  Zone Office WholeBuilding - Sm Office C end_a - Story Ground PSZ-AC Occ Sch Default, !- Name
  {86d89a5a-8e86-4568-8eed-8c9c4bd6956f}, !- Schedule Type Limits Name
  ,                                       !- Interpolate to Timestep
  7,                                      !- Hour 1
  0,                                      !- Minute 1
  0,                                      !- Value Until Time 1
  18,                                     !- Hour 2
  0,                                      !- Minute 2
  1,                                      !- Value Until Time 2
  24,                                     !- Hour 3
  0,                                      !- Minute 3
  0;                                      !- Value Until Time 3

OS:AdditionalProperties,
  {38f5658a-b11b-4a71-a915-d3cc249b34c9}, !- Handle
  {e9f05b11-5a72-45f5-9312-ef1e7a530237}, !- Object Name
  max_occ_in_spaces,                      !- Feature Name 1
  Double,                                 !- Feature Data Type 1
  1.25999999999999,                       !- Feature Value 1
  number_of_spaces_included,              !- Feature Name 2
  Integer,                                !- Feature Data Type 2
  1,                                      !- Feature Value 2
  date_parent_object_last_edited,         !- Feature Name 3
  String,                                 !- Feature Data Type 3
  2024-03-14 16:58:30 UTC,                !- Feature Value 3
  date_parent_object_created,             !- Feature Name 4
  String,                                 !- Feature Data Type 4
  2024-03-14 16:58:30 UTC;                !- Feature Value 4

OS:Schedule:Day,
  {4c4eec45-64d2-46f7-8561-9b1dd57ec3f0}, !- Handle
  Zone Office WholeBuilding - Sm Office C end_a - Story Ground PSZ-AC Occ Sch Winter Design Day, !- Name
  {86d89a5a-8e86-4568-8eed-8c9c4bd6956f}, !- Schedule Type Limits Name
  ,                                       !- Interpolate to Timestep
  24,                                     !- Hour 1
  0,                                      !- Minute 1
  1;                                      !- Value Until Time 1

OS:Schedule:Day,
  {8c91d659-3bad-4e79-9785-28f17cee1e3f}, !- Handle
  Zone Office WholeBuilding - Sm Office C end_a - Story Ground PSZ-AC Occ Sch Summer Design Day, !- Name
  {86d89a5a-8e86-4568-8eed-8c9c4bd6956f}, !- Schedule Type Limits Name
  ,                                       !- Interpolate to Timestep
  24,                                     !- Hour 1
  0,                                      !- Minute 1
  1;                                      !- Value Until Time 1

OS:Schedule:Rule,
  {453c568f-279c-4ee5-873a-9569a3cf5221}, !- Handle
  Zone Office WholeBuilding - Sm Office C end_a - Story Ground PSZ-AC Occ Sch Sunday Rule, !- Name
  {e9f05b11-5a72-45f5-9312-ef1e7a530237}, !- Schedule Ruleset Name
  0,                                      !- Rule Order
  {5c8a869a-ab37-4070-8366-68337893e3d2}, !- Day Schedule Name
  Yes,                                    !- Apply Sunday
  ,                                       !- Apply Monday
  ,                                       !- Apply Tuesday
  ,                                       !- Apply Wednesday
  ,                                       !- Apply Thursday
  ,                                       !- Apply Friday
  Yes,                                    !- Apply Saturday
  DateRange,                              !- Date Specification Type
  1,                                      !- Start Month
  1,                                      !- Start Day
  12,                                     !- End Month
  31;                                     !- End Day

OS:Schedule:Day,
  {5c8a869a-ab37-4070-8366-68337893e3d2}, !- Handle
  Zone Office WholeBuilding - Sm Office C end_a - Story Ground PSZ-AC Occ Sch Sunday, !- Name
  {86d89a5a-8e86-4568-8eed-8c9c4bd6956f}, !- Schedule Type Limits Name
  ,                                       !- Interpolate to Timestep
  24,                                     !- Hour 1
  0,                                      !- Minute 1
  0;                                      !- Value Until Time 1

OS:Schedule:Ruleset,
  {7a828736-ad96-4665-a466-9e1bb67ebab1}, !- Handle
  ZoneOfficeWholeBuildingSmOfficeCendaStoryGroundPSZACmaxOASch, !- Name
  {386cd627-c084-42b2-8a0a-3875955c84a9}, !- Schedule Type Limits Name
  {f3fbf33e-390d-4f76-b43c-1ce0084af902}; !- Default Day Schedule Name

OS:Schedule:Day,
  {f3fbf33e-390d-4f76-b43c-1ce0084af902}, !- Handle
  ZoneOfficeWholeBuildingSmOfficeCendaStoryGroundPSZACmaxOASchDefault, !- Name
  {386cd627-c084-42b2-8a0a-3875955c84a9}, !- Schedule Type Limits Name
  ,                                       !- Interpolate to Timestep
  24,                                     !- Hour 1
  0,                                      !- Minute 1
  0.7;                                    !- Value Until Time 1

OS:Schedule:Ruleset,
  {b067a2c3-1447-40ab-b1a1-6bf4648ec0f0}, !- Handle
  Zone Office WholeBuilding - Sm Office C end_b - Story Ground PSZ-AC Occ Sch, !- Name
  {86d89a5a-8e86-4568-8eed-8c9c4bd6956f}, !- Schedule Type Limits Name
  {93029cd1-b720-4c87-ba81-6e6a0f4cae6a}, !- Default Day Schedule Name
  {dd04f29a-4a8b-4415-93db-35bb6eb11369}, !- Summer Design Day Schedule Name
  {fa063880-a95d-4479-8440-d5bce8703e3f}; !- Winter Design Day Schedule Name

OS:Schedule:Day,
  {93029cd1-b720-4c87-ba81-6e6a0f4cae6a}, !- Handle
  Zone Office WholeBuilding - Sm Office C end_b - Story Ground PSZ-AC Occ Sch Default, !- Name
  {86d89a5a-8e86-4568-8eed-8c9c4bd6956f}, !- Schedule Type Limits Name
  ,                                       !- Interpolate to Timestep
  7,                                      !- Hour 1
  0,                                      !- Minute 1
  0,                                      !- Value Until Time 1
  18,                                     !- Hour 2
  0,                                      !- Minute 2
  1,                                      !- Value Until Time 2
  24,                                     !- Hour 3
  0,                                      !- Minute 3
  0;                                      !- Value Until Time 3

OS:AdditionalProperties,
  {e737a132-64a9-4526-9a1f-9481274affa0}, !- Handle
  {b067a2c3-1447-40ab-b1a1-6bf4648ec0f0}, !- Object Name
  max_occ_in_spaces,                      !- Feature Name 1
  Double,                                 !- Feature Data Type 1
  1.259999999999988,                      !- Feature Value 1
  number_of_spaces_included,              !- Feature Name 2
  Integer,                                !- Feature Data Type 2
  1,                                      !- Feature Value 2
  date_parent_object_last_edited,         !- Feature Name 3
  String,                                 !- Feature Data Type 3
  2024-03-14 16:58:30 UTC,                !- Feature Value 3
  date_parent_object_created,             !- Feature Name 4
  String,                                 !- Feature Data Type 4
  2024-03-14 16:58:30 UTC;                !- Feature Value 4

OS:Schedule:Day,
  {fa063880-a95d-4479-8440-d5bce8703e3f}, !- Handle
  Zone Office WholeBuilding - Sm Office C end_b - Story Ground PSZ-AC Occ Sch Winter Design Day, !- Name
  {86d89a5a-8e86-4568-8eed-8c9c4bd6956f}, !- Schedule Type Limits Name
  ,                                       !- Interpolate to Timestep
  24,                                     !- Hour 1
  0,                                      !- Minute 1
  1;                                      !- Value Until Time 1

OS:Schedule:Day,
  {dd04f29a-4a8b-4415-93db-35bb6eb11369}, !- Handle
  Zone Office WholeBuilding - Sm Office C end_b - Story Ground PSZ-AC Occ Sch Summer Design Day, !- Name
  {86d89a5a-8e86-4568-8eed-8c9c4bd6956f}, !- Schedule Type Limits Name
  ,                                       !- Interpolate to Timestep
  24,                                     !- Hour 1
  0,                                      !- Minute 1
  1;                                      !- Value Until Time 1

OS:Schedule:Rule,
  {4db6044c-361a-455b-b186-f2fb941699e4}, !- Handle
  Zone Office WholeBuilding - Sm Office C end_b - Story Ground PSZ-AC Occ Sch Sunday Rule, !- Name
  {b067a2c3-1447-40ab-b1a1-6bf4648ec0f0}, !- Schedule Ruleset Name
  0,                                      !- Rule Order
  {a47b8e67-a49d-4809-acdb-65fa87f3d26c}, !- Day Schedule Name
  Yes,                                    !- Apply Sunday
  ,                                       !- Apply Monday
  ,                                       !- Apply Tuesday
  ,                                       !- Apply Wednesday
  ,                                       !- Apply Thursday
  ,                                       !- Apply Friday
  Yes,                                    !- Apply Saturday
  DateRange,                              !- Date Specification Type
  1,                                      !- Start Month
  1,                                      !- Start Day
  12,                                     !- End Month
  31;                                     !- End Day

OS:Schedule:Day,
  {a47b8e67-a49d-4809-acdb-65fa87f3d26c}, !- Handle
  Zone Office WholeBuilding - Sm Office C end_b - Story Ground PSZ-AC Occ Sch Sunday, !- Name
  {86d89a5a-8e86-4568-8eed-8c9c4bd6956f}, !- Schedule Type Limits Name
  ,                                       !- Interpolate to Timestep
  24,                                     !- Hour 1
  0,                                      !- Minute 1
  0;                                      !- Value Until Time 1

OS:Schedule:Ruleset,
  {35ac0309-bad5-48fc-8f04-cdf69307ad03}, !- Handle
  ZoneOfficeWholeBuildingSmOfficeCendbStoryGroundPSZACmaxOASch, !- Name
  {386cd627-c084-42b2-8a0a-3875955c84a9}, !- Schedule Type Limits Name
  {1514c64b-0649-4310-89db-04c59abcbe63}; !- Default Day Schedule Name

OS:Schedule:Day,
  {1514c64b-0649-4310-89db-04c59abcbe63}, !- Handle
  ZoneOfficeWholeBuildingSmOfficeCendbStoryGroundPSZACmaxOASchDefault, !- Name
  {386cd627-c084-42b2-8a0a-3875955c84a9}, !- Schedule Type Limits Name
  ,                                       !- Interpolate to Timestep
  24,                                     !- Hour 1
  0,                                      !- Minute 1
  0.7;                                    !- Value Until Time 1

OS:Curve:Biquadratic,
  {f9019d69-f0c5-4d9d-9bc2-7b4206e402ad}, !- Handle
  PSZ-Fine Storage DX Coil Cap-FT,        !- Name
  0.942587793,                            !- Coefficient1 Constant
  0.009543347,                            !- Coefficient2 x
  0.00068377,                             !- Coefficient3 x**2
  -0.011042676,                           !- Coefficient4 y
  5.249e-06,                              !- Coefficient5 y**2
  -9.72e-06,                              !- Coefficient6 x*y
  12.77778,                               !- Minimum Value of x
  23.88889,                               !- Maximum Value of x
  23.88889,                               !- Minimum Value of y
  46.11111;                               !- Maximum Value of y

OS:Curve:Quadratic,
  {04635352-d720-4ca8-a858-0fdce72f505a}, !- Handle
  DX Coil Cap-FF,                         !- Name
  0.8,                                    !- Coefficient1 Constant
  0.2,                                    !- Coefficient2 x
  0,                                      !- Coefficient3 x**2
  0.5,                                    !- Minimum Value of x
  1.5;                                    !- Maximum Value of x

OS:Curve:Biquadratic,
  {d9d34d8a-37fc-4849-b6c4-c22bc6d0c7c3}, !- Handle
  PSZ-AC DX Coil EIR-FT,                  !- Name
  0.342414409,                            !- Coefficient1 Constant
  0.034885008,                            !- Coefficient2 x
  -0.0006237,                             !- Coefficient3 x**2
  0.004977216,                            !- Coefficient4 y
  0.000437951,                            !- Coefficient5 y**2
  -0.000728028,                           !- Coefficient6 x*y
  12.77778,                               !- Minimum Value of x
  23.88889,                               !- Maximum Value of x
  23.88889,                               !- Minimum Value of y
  46.11111;                               !- Maximum Value of y

OS:Curve:Quadratic,
  {9813576c-4714-439e-bf0e-4b4fdf8e60f7}, !- Handle
  Split DX Coil EIR-FF,                   !- Name
  1.1552,                                 !- Coefficient1 Constant
  -0.1808,                                !- Coefficient2 x
  0.0256,                                 !- Coefficient3 x**2
  0.5,                                    !- Minimum Value of x
  1.5;                                    !- Maximum Value of x

OS:Curve:Quadratic,
  {274a4c60-e32b-4e58-96ee-ecb56401f49e}, !- Handle
  HPACCOOLPLFFPLR,                        !- Name
  0.85,                                   !- Coefficient1 Constant
  0.15,                                   !- Coefficient2 x
  0,                                      !- Coefficient3 x**2
  0,                                      !- Minimum Value of x
  1;                                      !- Maximum Value of x

OS:Curve:Cubic,
  {a407adbe-a263-4835-bfd5-cd2f723e4ffe}, !- Handle
  Boiler with No Minimum Turndown,        !- Name
  0.7463,                                 !- Coefficient1 Constant
  1.3196,                                 !- Coefficient2 x
  -2.2154,                                !- Coefficient3 x**2
  1.1674,                                 !- Coefficient4 x**3
  0,                                      !- Minimum Value of x
  1.3;                                    !- Maximum Value of x

OS:Material,
  {e43f98a1-ce34-4573-8b3d-300bedc0dfab}, !- Handle
  Std Wood 6inch 1,                       !- Name
  MediumSmooth,                           !- Roughness
  0.15,                                   !- Thickness {m}
  0.12,                                   !- Conductivity {W/m-K}
  540,                                    !- Density {kg/m3}
  1210,                                   !- Specific Heat {J/kg-K}
  0.9,                                    !- Thermal Absorptance
  0.7,                                    !- Solar Absorptance
  0.7;                                    !- Visible Absorptance

OS:Construction,
  {c201286b-f084-4c95-af89-070af7aeb463}, !- Handle
  InteriorFurnishings 1,                  !- Name
  ,                                       !- Surface Rendering Name
  {e43f98a1-ce34-4573-8b3d-300bedc0dfab}; !- Layer 1

OS:InternalMass:Definition,
  {638f69d4-5707-4f06-9d96-aa27333c49c4}, !- Handle
  Internal Mass Definition 2,             !- Name
  {c201286b-f084-4c95-af89-070af7aeb463}, !- Construction Name
  SurfaceArea/Area,                       !- Design Level Calculation Method
  ,                                       !- Surface Area {m2}
  2,                                      !- Surface Area per Space Floor Area {dimensionless}
  ;                                       !- Surface Area per Person {m2/person}

OS:InternalMass,
  {d7ce3be8-05b4-415a-a631-d718f6854af2}, !- Handle
  Office WholeBuilding - Sm Office C end_b - Story Ground Mass, !- Name
  {638f69d4-5707-4f06-9d96-aa27333c49c4}, !- Internal Mass Definition Name
  {2077ca4e-43fc-4246-ab9d-1f2b40f39f67}, !- Space or SpaceType Name
  1;                                      !- Multiplier

OS:InternalMass,
  {79be542a-4cf8-4b17-b861-a503c9697b37}, !- Handle
  Office WholeBuilding - Sm Office B end_b - Story Ground Mass, !- Name
  {638f69d4-5707-4f06-9d96-aa27333c49c4}, !- Internal Mass Definition Name
  {59b20e60-996f-4c07-a1c0-c430fc054431}, !- Space or SpaceType Name
  1;                                      !- Multiplier

OS:InternalMass,
  {3c5b06c7-e751-47ae-92d0-bce008cbf840}, !- Handle
  Office WholeBuilding - Sm Office A end_b - Story Ground Mass, !- Name
  {638f69d4-5707-4f06-9d96-aa27333c49c4}, !- Internal Mass Definition Name
  {dbfc452c-12d3-4065-b858-a32712611095}, !- Space or SpaceType Name
  1;                                      !- Multiplier

OS:InternalMass,
  {5e6a0909-0aa0-4ef4-b283-0ae17368c91e}, !- Handle
  Office WholeBuilding - Sm Office C  - Story Ground Mass, !- Name
  {638f69d4-5707-4f06-9d96-aa27333c49c4}, !- Internal Mass Definition Name
  {6d430e11-5cfa-4c91-8df7-40c339a2f758}, !- Space or SpaceType Name
  1;                                      !- Multiplier

OS:InternalMass,
  {7949c7dd-03c8-4301-8d99-e2dff1f8a723}, !- Handle
  Office WholeBuilding - Sm Office B  - Story Ground Mass, !- Name
  {638f69d4-5707-4f06-9d96-aa27333c49c4}, !- Internal Mass Definition Name
  {c3788f36-d28d-4597-8dd0-212d6dfb94cd}, !- Space or SpaceType Name
  1;                                      !- Multiplier

OS:InternalMass,
  {145a1dea-1e2d-4ba5-a6b7-08d2fc75a3ec}, !- Handle
  Office WholeBuilding - Sm Office A  - Story Ground Mass, !- Name
  {638f69d4-5707-4f06-9d96-aa27333c49c4}, !- Internal Mass Definition Name
  {e8348a7d-06cc-4861-80b4-83e9e3300cf2}, !- Space or SpaceType Name
  1;                                      !- Multiplier

OS:InternalMass,
  {e941ed78-61d0-4114-938c-710db96f3029}, !- Handle
  Office WholeBuilding - Sm Office C end_a - Story Ground Mass, !- Name
  {638f69d4-5707-4f06-9d96-aa27333c49c4}, !- Internal Mass Definition Name
  {f1cc286f-554e-480f-aeee-494ee0aaf56e}, !- Space or SpaceType Name
  1;                                      !- Multiplier

OS:InternalMass,
  {2f38cdd2-eec0-4d86-8fa8-00d0dfc3a0e7}, !- Handle
  Office WholeBuilding - Sm Office B end_a - Story Ground Mass, !- Name
  {638f69d4-5707-4f06-9d96-aa27333c49c4}, !- Internal Mass Definition Name
  {d3ec23a1-8b1a-49c5-8e7f-dd3b8220226d}, !- Space or SpaceType Name
  1;                                      !- Multiplier

OS:InternalMass,
  {9a9298ba-4129-4694-93d1-3ee7602e6b42}, !- Handle
  Office WholeBuilding - Sm Office A end_a - Story Ground Mass, !- Name
  {638f69d4-5707-4f06-9d96-aa27333c49c4}, !- Internal Mass Definition Name
  {c4b5c34f-e19f-4ae8-97b0-af6f303b934f}, !- Space or SpaceType Name
  1;                                      !- Multiplier

OS:OutputControl:ReportingTolerances,
  {f56d9db9-6901-4d47-9570-043e25b87c53}, !- Handle
  0.555555555555556,                      !- Tolerance for Time Heating Setpoint Not Met {deltaC}
  0.555555555555556;                      !- Tolerance for Time Cooling Setpoint Not Met {deltaC}

OS:AdditionalProperties,
  {4037f4be-8c5d-4a9a-9126-cb7bbb131e30}, !- Handle
  {c7ab6396-23ee-4da3-a1cc-c91c298fb414}, !- Object Name
  prototype_space_type,                   !- Feature Name 1
  String,                                 !- Feature Data Type 1
  whole_building_office,                  !- Feature Value 1
  prototype_lighting_space_type,          !- Feature Name 2
  String,                                 !- Feature Data Type 2
  office_open;                            !- Feature Value 2

OS:Output:Variable,
  {cfee6330-6443-453c-adf2-dc804040102f}, !- Handle
  Output Variable 1,                      !- Name
  *,                                      !- Key Value
  Schedule Value,                         !- Variable Name
  hourly;                                 !- Reporting Frequency

OS:Output:Variable,
  {9af32d3f-9481-4ec1-9715-f001816bce38}, !- Handle
  Output Variable 2,                      !- Name
  *,                                      !- Key Value
  Zone People Occupant Count,             !- Variable Name
  hourly;                                 !- Reporting Frequency

OS:Output:Variable,
  {38f36ef5-1ef1-42c1-a351-bce6954fe94d}, !- Handle
  Output Variable 3,                      !- Name
  *,                                      !- Key Value
  Space People Occupant Count,            !- Variable Name
  hourly;                                 !- Reporting Frequency

OS:Output:Variable,
  {2fe693a6-e28c-4924-bc59-c72e73625524}, !- Handle
  Output Variable 4,                      !- Name
  *,                                      !- Key Value
  Space Lights Electricity Rate,          !- Variable Name
  hourly;                                 !- Reporting Frequency

OS:Output:Variable,
  {4b816aca-ef10-42ee-9016-b210449806c4}, !- Handle
  Output Variable 5,                      !- Name
  *,                                      !- Key Value
  Fan Electricity Rate,                   !- Variable Name
  hourly;                                 !- Reporting Frequency

OS:Output:Variable,
  {7c985421-38a7-4fb4-8bbd-f1bbce90d0aa}, !- Handle
  Output Variable 6,                      !- Name
  *,                                      !- Key Value
  Space Electric Equipment Electricity Rate, !- Variable Name
  hourly;                                 !- Reporting Frequency

OS:Output:Variable,
  {39750736-a50b-4127-92be-652a7a29c5cf}, !- Handle
  Output Variable 7,                      !- Name
  *,                                      !- Key Value
  Site Outdoor Air Drybulb Temperature,   !- Variable Name
  hourly;                                 !- Reporting Frequency

OS:Output:Variable,
  {896a4035-44f6-4f4f-a268-8181413ae927}, !- Handle
  Output Variable 8,                      !- Name
  *,                                      !- Key Value
  Zone Thermostat Air Temperature,        !- Variable Name
  hourly;                                 !- Reporting Frequency

OS:Output:Variable,
  {73542e0e-f688-41c9-860e-651d8b328fb3}, !- Handle
  Output Variable 9,                      !- Name
  *,                                      !- Key Value
  Zone Thermostat Heating Setpoint Temperature, !- Variable Name
  hourly;                                 !- Reporting Frequency

OS:Output:Variable,
  {a8a101ae-aa28-4360-9e14-78a165ec2d85}, !- Handle
  Output Variable 10,                     !- Name
  *,                                      !- Key Value
  Zone Thermostat Cooling Setpoint Temperature, !- Variable Name
  hourly;                                 !- Reporting Frequency

